report_date,year_num,month_num,day_num,day_of_week,quarter_num,is_weekend,is_month_start,is_month_end,revenue_target,log_revenue,revenue_lag_1d,revenue_lag_7d,revenue_lag_365d,revenue_rolling_7d_mean,revenue_rolling_30d_mean,summary_metric_col17,is_missing_date
2020-01-01,2020,1,1,2,1,0,1,0,0,0,0,0,0,0,0,70,false
2020-01-02,2020,1,2,3,1,0,0,0,96,4.574710978503383,0,0,0,48,48,1290,false
2020-01-03,2020,1,3,4,1,0,0,0,1417,7.257002707092073,96,0,0,504.33,504.33,6279,false
2020-01-04,2020,1,4,5,1,1,0,0,692,6.541029999189903,1417,0,0,551.25,551.25,4588,false
2020-01-05,2020,1,5,6,1,1,0,0,475,6.1654178542314195,692,0,0,536,536,3229,false
2020-01-06,2020,1,6,0,1,0,0,0,665,6.501289670540389,475,0,0,557.5,557.5,2864,false
2020-01-07,2020,1,7,1,1,0,0,0,689,6.536691597591305,665,0,0,576.29,576.29,4326,false
2020-01-08,2020,1,8,2,1,0,0,0,357,5.8805329864007,689,0,0,627.29,548.88,3073,false
2020-01-09,2020,1,9,3,1,0,0,0,251,5.529429087511423,357,96,0,649.43,515.78,13872,false
2020-01-10,2020,1,10,4,1,0,0,0,403,6.00141487796115,251,1417,0,504.57,504.5,8514,false
2020-01-11,2020,1,11,5,1,1,0,0,314,5.752572638825633,403,692,0,450.57,487.18,1503,false
2020-01-12,2020,1,12,6,1,1,0,0,354,5.872117789475416,314,475,0,433.29,476.08,2090,false
2020-01-13,2020,1,13,0,1,0,0,0,368,5.910796644040527,354,665,0,390.86,467.77,3732,false
2020-01-14,2020,1,14,1,1,0,0,0,377,5.934894195619588,368,689,0,346.29,461.29,3262,false
2020-01-15,2020,1,15,2,1,0,0,0,386,5.958424693029782,377,357,0,350.43,456.27,2608,false
2020-01-16,2020,1,16,3,1,0,0,0,307,5.730099782973574,386,251,0,358.43,446.94,10535,false
2020-01-17,2020,1,17,4,1,0,0,0,2205,7.698936199813447,307,403,0,615.86,550.35,6895,false
2020-01-18,2020,1,18,5,1,1,0,0,614,6.421622267806518,2205,314,0,658.71,553.89,4451,false
2020-01-19,2020,1,19,6,1,1,0,0,4762,8.46863300080086,614,354,0,1288.43,775.37,7378,false
2020-01-20,2020,1,20,0,1,0,0,0,272,5.60947179518496,4762,368,0,1274.71,750.2,5327,false
2020-01-21,2020,1,21,1,1,0,0,0,1444,7.275864600546532,272,377,0,1427.14,783.24,4421,false
2020-01-22,2020,1,22,2,1,0,0,0,2619,7.8709295967551425,1444,386,0,1746.14,866.68,7062,false
2020-01-23,2020,1,23,3,1,0,0,0,1070,6.976348070447749,2619,307,0,1855.14,875.52,6346,false
2020-01-24,2020,1,24,4,1,0,0,0,447,6.104793232414985,1070,2205,0,1604,857.67,4139,false
2020-01-25,2020,1,25,5,1,1,0,0,1016,6.92461239604856,447,614,0,1661.43,864,5489,false
2020-01-26,2020,1,26,6,1,1,0,0,880,6.781057625936179,1016,4762,0,1106.86,864.62,3333,false
2020-01-27,2020,1,27,0,1,0,0,0,703,6.556778356158042,880,272,0,1168.43,858.63,7291,false
2020-01-28,2020,1,28,1,1,0,0,0,21497,9.975715186533009,703,1444,0,4033.14,1595.71,55815,false
2020-01-29,2020,1,29,2,1,0,0,0,517,6.249975242259483,21497,2619,0,3732.86,1558.52,3248,false
2020-01-30,2020,1,30,3,1,0,0,0,1177,7.071573364211532,517,1070,0,3748.14,1545.8,5095,false
2020-01-31,2020,1,31,4,1,0,0,1,636,6.456769655572163,1177,447,0,3775.14,1567,6400,false
2020-02-01,2020,2,1,5,1,1,1,0,0,0,636,1016,0,3630,1563.8,2452,false
2020-02-02,2020,2,2,6,1,1,0,0,378,5.937536205082426,0,880,0,3558.29,1529.17,2264,false
2020-02-03,2020,2,3,0,1,0,0,0,162,5.093750200806762,378,703,0,3481,1511.5,3179,false
2020-02-04,2020,2,4,1,1,0,0,0,432,6.07073772800249,162,21497,0,471.71,1510.07,2932,false
2020-02-05,2020,2,5,2,1,0,0,0,0,0,432,517,0,397.86,1487.9,3176,false
2020-02-06,2020,2,6,3,1,0,0,0,0,0,0,1177,0,229.71,1464.93,2525,false
2020-02-07,2020,2,7,4,1,0,0,0,50,3.9318256327243257,0,636,0,146,1454.7,11667,false
2020-02-08,2020,2,8,5,1,1,0,0,62,4.143134726391533,50,0,0,154.86,1448.4,2578,false
2020-02-09,2020,2,9,6,1,1,0,0,90,4.51085950651685,62,378,0,113.71,1437.97,2876,false
2020-02-10,2020,2,10,0,1,0,0,0,0,0,90,162,0,90.57,1427.5,2723,false
2020-02-11,2020,2,11,1,1,0,0,0,995,6.903747257584598,0,432,0,171,1448.87,2733,false
2020-02-12,2020,2,12,2,1,0,0,0,92,4.532599493153255,995,0,0,184.14,1439.67,2819,false
2020-02-13,2020,2,13,3,1,0,0,0,296,5.6937321388027,92,0,0,226.43,1436.97,5133,false
2020-02-14,2020,2,14,4,1,0,0,0,373,5.924255797414531,296,50,0,272.57,1436.53,4156,false
2020-02-15,2020,2,15,5,1,1,0,0,464,6.142037405587356,373,62,0,330,1441.77,10438,false
2020-02-16,2020,2,16,6,1,1,0,0,751,6.62273632394984,464,90,0,424.43,1393.3,4268,false
2020-02-17,2020,2,17,0,1,0,0,0,789,6.672032945461067,751,0,0,537.14,1399.13,3141,false
2020-02-18,2020,2,18,1,1,0,0,0,182,5.2094861528414205,789,995,0,421,1246.47,5149,false
2020-02-19,2020,2,19,2,1,0,0,0,164,5.10594547390058,182,92,0,431.29,1242.87,2953,false
2020-02-20,2020,2,20,3,1,0,0,0,385,5.955837369464831,164,296,0,444,1207.57,1709,false
2020-02-21,2020,2,21,4,1,0,0,0,0,0,385,373,0,390.71,1120.27,2313,false
2020-02-22,2020,2,22,5,1,1,0,0,0,0,0,464,0,324.43,1084.6,1301,false
2020-02-23,2020,2,23,6,1,1,0,0,242,5.493061443340548,0,751,0,251.71,1077.77,4488,false
2020-02-24,2020,2,24,0,1,0,0,0,1054,6.961296045910166,242,789,0,289.57,1079.03,5743,false
2020-02-25,2020,2,25,1,1,0,0,0,0,0,1054,182,0,263.57,1049.7,2910,false
2020-02-26,2020,2,26,2,1,0,0,0,1650,7.4091364439201275,0,164,0,475.86,1081.27,6891,false
2020-02-27,2020,2,27,3,1,0,0,0,413,6.025865973825314,1650,385,0,479.86,378.47,20092,false
2020-02-28,2020,2,28,4,1,0,0,0,19328,9.869361837806752,413,0,0,3241,1005.5,37583,false
2020-02-29,2020,2,29,5,1,1,0,1,2470,7.81237820598861,19328,0,0,3593.86,1048.6,8773,false
2020-03-01,2020,3,1,6,1,1,1,0,920,6.825460036255307,2470,242,0,3690.71,1058.07,2622,false
2020-03-02,2020,3,2,0,1,0,0,0,687,6.5337888379333435,920,1054,0,3638.29,1080.97,4726,false
2020-03-03,2020,3,3,1,1,0,0,0,1566,7.356918242356021,687,0,0,3862,1120.57,5576,false
2020-03-04,2020,3,4,2,1,0,0,0,1197,7.088408778675395,1566,1650,0,3797.29,1155.07,4216,false
2020-03-05,2020,3,5,3,1,0,0,0,2572,7.852827812281744,1197,413,0,4105.71,1226.4,7637,false
2020-03-06,2020,3,6,4,1,0,0,0,1661,7.415776975415393,2572,19328,0,1581.86,1281.77,8128,false
2020-03-07,2020,3,7,5,1,1,0,0,2808,7.940583827104243,1661,2470,0,1630.14,1375.37,6745,false
2020-03-08,2020,3,8,6,1,1,0,0,519,6.253828811575473,2808,920,0,1572.86,1391,3284,false
2020-03-09,2020,3,9,0,1,0,0,0,767,6.643789733147672,519,687,0,1584.29,1414.5,3438,false
2020-03-10,2020,3,10,1,1,0,0,0,424,6.052089168924416,767,1566,0,1421.14,1425.63,3642,false
2020-03-11,2020,3,11,2,1,0,0,0,765,6.641182169740591,424,1197,0,1359.43,1451.13,6449,false
2020-03-12,2020,3,12,3,1,0,0,0,106,4.672828834461906,765,2572,0,1007.14,1421.5,2591,false
2020-03-13,2020,3,13,4,1,0,0,0,702,6.555356891810665,106,1661,0,870.14,1441.83,5484,false
2020-03-14,2020,3,14,5,1,1,0,0,3280,8.0959035329611,702,2808,0,937.57,1541.3,8669,false
2020-03-15,2020,3,15,6,1,1,0,0,2140,7.669028288589683,3280,519,0,1169.14,1600.2,8161,false
2020-03-16,2020,3,16,0,1,0,0,0,1928,7.564757012905729,2140,767,0,1335,1649,4982,false
2020-03-17,2020,3,17,1,1,0,0,0,1712,7.44600149832412,1928,424,0,1519,1681.03,5355,false
2020-03-18,2020,3,18,2,1,0,0,0,1804,7.498315870766981,1712,765,0,1667.43,1714.87,7164,false
2020-03-19,2020,3,19,3,1,0,0,0,0,0,1804,106,0,1652.29,1708.8,2008,false
2020-03-20,2020,3,20,4,1,0,0,0,232,5.4510384535657,0,702,0,1585.14,1711.07,2620,false
2020-03-21,2020,3,21,5,1,1,0,0,684,6.529418838262225,232,3280,0,1214.29,1721.03,1964,false
2020-03-22,2020,3,22,6,1,1,0,0,763,6.638567789166521,684,2140,0,1017.57,1746.47,2410,false
2020-03-23,2020,3,23,0,1,0,0,0,0,0,763,1928,0,742.14,1746.47,740,false
2020-03-24,2020,3,24,1,1,0,0,0,200,5.303304908059076,0,1712,0,526.14,1745.07,3259,false
2020-03-25,2020,3,25,2,1,0,0,0,100,4.61512051684126,200,1804,0,282.71,1713.27,3334,false
2020-03-26,2020,3,26,3,1,0,0,0,250,5.5254529391317835,100,0,0,318.43,1721.6,5893,false
2020-03-27,2020,3,27,4,1,0,0,0,0,0,250,232,0,285.29,1666.6,1066,false
2020-03-28,2020,3,28,5,1,1,0,0,40290,10.603883397931984,0,684,0,5943.29,2995.83,64758,false
2020-03-29,2020,3,29,6,1,1,0,0,720,6.580639137284948,40290,763,0,5937.14,2375.57,1527,false
2020-03-30,2020,3,30,0,1,0,0,0,200,5.303304908059076,720,0,0,5965.71,2299.9,1020,false
2020-03-31,2020,3,31,1,1,0,0,1,230,5.442417710521793,200,200,0,5970,2276.9,735,false
2020-04-01,2020,4,1,2,2,0,1,0,1004,6.912742820493176,230,100,0,6099.14,2287.47,1707,false
2020-04-02,2020,4,2,3,2,0,0,0,200,5.303304908059076,1004,250,0,6092,2241.93,926,false
2020-04-03,2020,4,3,4,2,0,0,0,200,5.303304908059076,200,0,0,6120.57,2208.7,467,false
2020-04-04,2020,4,4,5,2,1,0,0,200,5.303304908059076,200,40290,0,393.43,2129.63,440,false
2020-04-05,2020,4,5,6,2,1,0,0,180,5.198497031265825,200,720,0,316.29,2080.27,357,false
2020-04-06,2020,4,6,0,2,0,0,0,0,0,180,200,0,287.71,1986.67,2187,false
2020-04-07,2020,4,7,1,2,0,0,0,0,0,0,230,0,254.86,1969.37,1480,false
2020-04-08,2020,4,8,2,2,0,0,0,0,0,0,1004,0,111.43,1943.8,2852,false
2020-04-09,2020,4,9,3,2,0,0,0,192,5.262690188904886,0,200,0,110.29,1936.07,713,false
2020-04-10,2020,4,10,4,2,0,0,0,0,0,192,200,0,81.71,1910.57,95,false
2020-04-11,2020,4,11,5,2,1,0,0,0,0,0,200,0,53.14,1907.03,250,false
2020-04-12,2020,4,12,6,2,1,0,0,1320,7.186144304522325,0,180,0,216,1927.63,1638,false
2020-04-13,2020,4,13,0,2,0,0,0,50,3.9318256327243257,1320,0,0,223.14,1819.97,949,false
2020-04-14,2020,4,14,1,2,0,0,0,540,6.293419278846481,50,0,0,300.29,1766.63,4328,false
2020-04-15,2020,4,15,2,2,0,0,0,50,3.9318256327243257,540,0,0,307.43,1704.03,2912,false
2020-04-16,2020,4,16,3,2,0,0,0,3998,8.293799608846818,50,192,0,851.14,1780.23,15501,false
2020-04-17,2020,4,17,4,2,0,0,0,1652,7.410347097821024,3998,0,0,1087.14,1775.17,3689,false
2020-04-18,2020,4,18,5,2,1,0,0,0,0,1652,0,0,1087.14,1775.17,1939,false
2020-04-19,2020,4,19,6,2,1,0,0,1336,7.198183577101943,0,1320,0,1089.43,1811.97,3652,false
2020-04-20,2020,4,20,0,2,0,0,0,1490,7.307202314764738,1336,50,0,1295.14,1838.83,7312,false
2020-04-21,2020,4,21,1,2,0,0,0,245,5.5053315359323625,1490,540,0,1253,1821.57,1974,false
2020-04-22,2020,4,22,2,2,0,0,0,1585,7.368970402194793,245,50,0,1472.29,1874.4,20423,false
2020-04-23,2020,4,23,3,2,0,0,0,650,6.478509642208569,1585,3998,0,994,1889.4,1215,false
2020-04-24,2020,4,24,4,2,0,0,0,1918,7.5595594960077,650,1652,0,1032,1950,4050,false
2020-04-25,2020,4,25,5,2,1,0,0,485,6.186208623900494,1918,0,0,1101.29,1957.83,2929,false
2020-04-26,2020,4,26,6,2,1,0,0,0,0,485,1336,0,910.43,1957.83,0,false
2020-04-27,2020,4,27,0,2,0,0,0,1450,7.280008252884188,0,1490,0,904.71,663.17,4270,false
2020-04-28,2020,4,28,1,2,0,0,0,728,6.591673732008658,1450,245,0,973.71,663.43,2934,false
2020-04-29,2020,4,29,2,2,0,0,0,26698,10.192381390503432,728,1585,0,4561.29,1546.7,54104,false
2020-04-30,2020,4,30,3,2,0,0,1,0,0,26698,650,0,4468.43,1539.03,2099,false
2020-05-01,2020,5,1,4,2,0,1,0,0,0,0,1918,0,4194.43,1505.57,12385,false
2020-05-02,2020,5,2,5,2,1,0,0,864,6.762729506931879,0,485,0,4248.57,1527.7,6630,false
2020-05-03,2020,5,3,6,2,1,0,0,0,0,864,0,0,4248.57,1521.03,0,false
2020-05-04,2020,5,4,0,2,0,0,0,1548,7.3453648404168685,0,1450,0,4262.57,1565.97,7821,false
2020-05-05,2020,5,5,1,2,0,0,0,182,5.2094861528414205,1548,728,0,4184.57,1566.03,5116,false
2020-05-06,2020,5,6,2,2,0,0,0,30,3.4339872044851463,182,26698,0,374.86,1567.03,3664,false
2020-05-07,2020,5,7,3,2,0,0,0,414,6.028278520230698,30,0,0,434,1580.83,3344,false
2020-05-08,2020,5,8,4,2,0,0,0,0,0,414,0,0,434,1580.83,2979,false
2020-05-09,2020,5,9,5,2,1,0,0,646,6.4723462945009,0,864,0,402.86,1595.97,4904,false
2020-05-10,2020,5,10,6,2,1,0,0,0,0,646,0,0,402.86,1595.97,1136,false
2020-05-11,2020,5,11,0,2,0,0,0,1517,7.325148957955575,0,1548,0,398.43,1646.53,9064,false
2020-05-12,2020,5,12,1,2,0,0,0,1139,7.038783541388541,1517,182,0,535.14,1640.5,5788,false
2020-05-13,2020,5,13,2,2,0,0,0,1313,7.1808311990445555,1139,30,0,718.43,1682.6,5286,false
2020-05-14,2020,5,14,3,2,0,0,0,774,6.652863029353346,1313,414,0,769.86,1690.4,1958,false
2020-05-15,2020,5,15,4,2,0,0,0,0,0,774,0,0,769.86,1688.73,0,false
2020-05-16,2020,5,16,5,2,1,0,0,0,0,0,646,0,677.57,1555.47,0,false
2020-05-17,2020,5,17,6,2,1,0,0,165,5.111987788356543,0,0,0,701.14,1505.9,1328,false
2020-05-18,2020,5,18,0,2,0,0,0,1306,7.175489713624222,165,1517,0,671,1549.43,8106,false
2020-05-19,2020,5,19,1,2,0,0,0,1995,7.598900456871409,1306,1139,0,793.29,1571.4,12247,false
2020-05-20,2020,5,20,2,2,0,0,0,1334,7.196686570834349,1995,1313,0,796.29,1566.2,7115,false
2020-05-21,2020,5,21,3,2,0,0,0,2009,7.605890001053121,1334,774,0,972.71,1625,7403,false
2020-05-22,2020,5,22,4,2,0,0,0,1188,7.080867896690782,2009,0,0,1142.43,1611.77,9786,false
2020-05-23,2020,5,23,5,2,1,0,0,409,6.016157159698353,1188,0,0,1200.86,1603.73,6373,false
2020-05-24,2020,5,24,6,2,1,0,0,0,0,409,165,0,1177.29,1539.8,756,false
2020-05-25,2020,5,25,0,2,0,0,0,2661,7.8868329989550565,0,1306,0,1370.86,1612.33,11344,false
2020-05-26,2020,5,26,1,2,0,0,0,1928,7.564757012905729,2661,1995,0,1361.29,1676.6,10204,false
2020-05-27,2020,5,27,2,2,0,0,0,1910,7.555381944240273,1928,1334,0,1443.57,1691.93,8257,false
2020-05-28,2020,5,28,3,2,0,0,0,1100,7.00397413672268,1910,2009,0,1313.71,1704.33,5172,false
2020-05-29,2020,5,29,4,2,0,0,0,1717,7.4489161025442,1100,1188,0,1389.29,871.63,8801,false
2020-05-30,2020,5,30,5,2,1,0,0,573,6.352629396319566,1717,409,0,1412.71,890.73,10335,false
2020-05-31,2020,5,31,6,2,1,0,1,412,6.023447592961032,573,0,0,1471.57,904.47,2810,false
2020-06-01,2020,6,1,0,2,0,1,0,372,5.921578419643815,412,2661,0,1144.57,888.07,13705,false
2020-06-02,2020,6,2,1,2,0,0,0,675,6.516193076042963,372,1928,0,965.57,910.57,6016,false
2020-06-03,2020,6,3,2,2,0,0,0,502,6.220590170099739,675,1910,0,764.43,875.7,7629,false
2020-06-04,2020,6,4,3,2,0,0,0,215,5.375278407684164,502,1100,0,638,876.8,16192,false
2020-06-05,2020,6,5,4,2,0,0,0,320,5.771441123130016,215,1717,0,438.43,886.47,3837,false
2020-06-06,2020,6,6,5,2,1,0,0,324,5.783825182329737,320,573,0,402.86,883.47,5165,false
2020-06-07,2020,6,7,6,2,1,0,0,496,6.208590026096629,324,412,0,414.86,900,1180,false
2020-06-08,2020,6,8,0,2,0,0,0,34120,10.4376683094997,496,372,0,5236,2015.8,59260,false
2020-06-09,2020,6,9,1,2,0,0,0,1000,6.90875477931522,34120,675,0,5282.43,2049.13,5256,false
2020-06-10,2020,6,10,2,2,0,0,0,496,6.208590026096629,1000,502,0,5281.57,2015.1,9648,false
2020-06-11,2020,6,11,3,2,0,0,0,1244,7.126890808898808,496,215,0,5428.57,2018.6,2954,false
2020-06-12,2020,6,12,4,2,0,0,0,0,0,1244,320,0,5382.86,1974.83,2420,false
2020-06-13,2020,6,13,5,2,1,0,0,82,4.418840607796597,0,324,0,5348.29,1951.77,3546,false
2020-06-14,2020,6,14,6,2,1,0,0,1203,7.093404625868766,82,496,0,5449.29,1991.87,2194,false
2020-06-15,2020,6,15,0,2,0,0,0,1703,7.440733707389261,1203,34120,0,818.29,2048.63,8933,false
2020-06-16,2020,6,16,1,2,0,0,0,338,5.82600010738045,1703,1000,0,723.71,2054.4,18528,false
2020-06-17,2020,6,17,2,2,0,0,0,1696,7.436617265234226,338,496,0,895.14,2067.4,10046,false
2020-06-18,2020,6,18,3,2,0,0,0,1934,7.567862605463882,1696,1244,0,993.71,2065.37,6220,false
2020-06-19,2020,6,19,4,2,0,0,0,901,6.804614520062623,1934,0,0,1122.43,2050.93,6027,false
2020-06-20,2020,6,20,5,2,1,0,0,1708,7.443663683115591,901,82,0,1354.71,2040.9,8632,false
2020-06-21,2020,6,21,6,2,1,0,0,1934,7.567862605463882,1708,1203,0,1459.14,2065.77,5678,false
2020-06-22,2020,6,22,0,2,0,0,0,1198,7.089243155027514,1934,1703,0,1387,2092.07,8081,false
2020-06-23,2020,6,23,1,2,0,0,0,1099,7.003065458786462,1198,338,0,1495.71,2128.7,8498,false
2020-06-24,2020,6,24,2,2,0,0,0,193,5.267858159063328,1099,1696,0,1281,2046.43,5299,false
2020-06-25,2020,6,25,3,2,0,0,0,2344,7.76004068088038,193,1934,0,1339.57,2060.3,9033,false
2020-06-26,2020,6,26,4,2,0,0,0,38438,10.556827848177685,2344,901,0,6702,3277.9,46507,false
2020-06-27,2020,6,27,5,2,1,0,0,1317,7.183870715062453,38438,1708,0,6646.14,3285.13,10663,false
2020-06-28,2020,6,28,6,2,1,0,0,1460,7.2868764117507,1317,1934,0,6578.43,3276.57,4237,false
2020-06-29,2020,6,29,0,2,0,0,0,745,6.61472560020376,1460,1198,0,6513.71,3282.3,5126,false
2020-06-30,2020,6,30,1,2,0,0,1,1288,7.161622002939187,745,1099,0,6540.71,3311.5,7055,false
2020-07-01,2020,7,1,2,3,0,1,0,483,6.182084906716631,1288,193,0,6582.14,3315.2,7710,false
2020-07-02,2020,7,2,3,3,0,0,0,0,0,483,2344,0,6247.29,3292.7,3297,false
2020-07-03,2020,7,3,4,3,0,0,0,340,5.831882477283517,0,38438,0,804.71,3287.3,3631,false
2020-07-04,2020,7,4,5,3,1,0,0,9,2.3025850929940455,340,1317,0,617.86,3280.43,3955,false
2020-07-05,2020,7,5,6,3,1,0,0,1136,7.036148493750535,9,1460,0,571.57,3307.63,3285,false
2020-07-06,2020,7,6,0,3,0,0,0,543,6.298949246855942,1136,745,0,542.71,3314.93,8197,false
2020-07-07,2020,7,7,1,3,0,0,0,475,6.1654178542314195,543,1288,0,426.57,3314.23,3214,false
2020-07-08,2020,7,8,2,3,0,0,0,794,6.678342114654332,475,483,0,471,2203.37,7362,false
2020-07-09,2020,7,9,3,3,0,0,0,966,6.874198495453294,794,0,0,609,2202.23,5186,false
2020-07-10,2020,7,10,4,3,0,0,0,1390,7.237778191923443,966,340,0,759,2232.03,4126,false
2020-07-11,2020,7,11,5,3,1,0,0,728,6.591673732008658,1390,9,0,861.71,2214.83,5251,false
2020-07-12,2020,7,12,6,3,1,0,0,2140,7.669028288589683,728,1136,0,1005.14,2286.17,5449,false
2020-07-13,2020,7,13,0,3,0,0,0,3676,8.209852481301272,2140,543,0,1452.71,2405.97,7942,false
2020-07-14,2020,7,14,1,3,0,0,0,2534,7.837948916025283,3676,475,0,1746.86,2450.33,8546,false
2020-07-15,2020,7,15,2,3,0,0,0,1806,7.499423290592228,2534,794,0,1891.43,2453.77,8531,false
2020-07-16,2020,7,16,3,3,0,0,0,1863,7.530479995245536,1806,966,0,2019.57,2504.6,4507,false
2020-07-17,2020,7,17,4,3,0,0,0,1796,7.493873886783558,1863,1390,0,2077.57,2507.93,4619,false
2020-07-18,2020,7,18,5,3,1,0,0,2005,7.60389796852188,1796,728,0,2260,2510.3,5765,false
2020-07-19,2020,7,19,6,3,1,0,0,1954,7.5781454724194655,2005,2140,0,2233.43,2545.4,10739,false
2020-07-20,2020,7,20,0,3,0,0,0,2081,7.641084249174914,1954,3676,0,2005.57,2557.83,6229,false
2020-07-21,2020,7,21,1,3,0,0,0,2639,7.878534196140362,2081,2534,0,2020.57,2581.33,22832,false
2020-07-22,2020,7,22,2,3,0,0,0,697,6.548219102762372,2639,1806,0,1862.14,2564.63,4617,false
2020-07-23,2020,7,23,3,3,0,0,0,2175,7.685243607975833,697,1863,0,1906.71,2600.5,8683,false
2020-07-24,2020,7,24,4,3,0,0,0,1209,7.098375638590786,2175,1796,0,1822.86,2634.37,6677,false
2020-07-25,2020,7,25,5,3,1,0,0,2985,8.001689978099135,1209,2005,0,1962.86,2655.73,9507,false
2020-07-26,2020,7,26,6,3,1,0,0,20186,9.912794111856428,2985,1954,0,4567.43,2047.33,25784,false
2020-07-27,2020,7,27,0,3,0,0,0,1167,7.0630481633881725,20186,2081,0,4436.86,2042.33,9333,false
2020-07-28,2020,7,28,1,3,0,0,0,1899,7.549609165154531,1167,2639,0,4331.14,2056.97,7084,false
2020-07-29,2020,7,29,2,3,0,0,0,1548,7.3453648404168685,1899,697,0,4452.71,2083.73,4347,false
2020-07-30,2020,7,30,3,3,0,0,0,580,6.364750756851911,1548,2175,0,4224.86,2060.13,8329,false
2020-07-31,2020,7,31,4,3,0,0,1,1864,7.5310163320779155,580,1209,0,4318.43,2106.17,5324,false
2020-08-01,2020,8,1,5,3,1,1,0,995,6.903747257584598,1864,2985,0,4034.14,2139.33,3562,false
2020-08-02,2020,8,2,6,3,1,0,0,387,5.961005339623274,995,20186,0,1205.71,2140.9,1506,false
2020-08-03,2020,8,3,0,3,0,0,0,1150,7.048386408721883,387,1167,0,1203.29,2178.93,5008,false
2020-08-04,2020,8,4,1,3,0,0,0,1618,7.3895639536776345,1150,1899,0,1163.14,2195,3767,false
2020-08-05,2020,8,5,2,3,0,0,0,1412,7.253470382684527,1618,1548,0,1143.71,2223.97,3763,false
2020-08-06,2020,8,6,3,3,0,0,0,862,6.760414691083428,1412,580,0,1184,2236.87,4209,false
2020-08-07,2020,8,7,4,3,0,0,0,2476,7.814803429489359,862,1864,0,1271.43,2292.93,6418,false
2020-08-08,2020,8,8,5,3,1,0,0,1706,7.44249272279444,2476,995,0,1373,2317.6,3865,false
2020-08-09,2020,8,9,6,3,1,0,0,182,5.2094861528414205,1706,387,0,1343.71,2277.33,1340,false
2020-08-10,2020,8,10,0,3,0,0,0,863,6.761572768804055,182,1150,0,1302.71,2281.83,7570,false
2020-08-11,2020,8,11,1,3,0,0,0,3293,8.099857910737585,863,1618,0,1542,2320.27,7729,false
2020-08-12,2020,8,12,2,3,0,0,0,1882,7.5406215286571525,3293,1412,0,1609.14,2260.47,5019,false
2020-08-13,2020,8,13,3,3,0,0,0,2806,7.939871576361882,1882,862,0,1886.86,2269.53,6354,false
2020-08-14,2020,8,14,4,3,0,0,0,1624,7.393263094763838,2806,2476,0,1765.14,2263.47,5365,false
2020-08-15,2020,8,15,5,3,1,0,0,2265,7.725771441587951,1624,1706,0,1845,2276.87,6195,false
2020-08-16,2020,8,16,6,3,1,0,0,2041,7.621684998724611,2265,182,0,2110.57,2285.03,5037,false
2020-08-17,2020,8,17,0,3,0,0,0,1276,7.152268856032539,2041,863,0,2169.57,2260.73,6013,false
2020-08-18,2020,8,18,1,3,0,0,0,2394,7.781138509845015,1276,3293,0,2041.14,2275.4,9531,false
2020-08-19,2020,8,19,2,3,0,0,0,4113,8.322151070212902,2394,1882,0,2359.86,2343.13,8152,false
2020-08-20,2020,8,20,3,3,0,0,0,974,6.882437470997847,4113,2806,0,2098.14,2287.63,3992,false
2020-08-21,2020,8,21,4,3,0,0,0,1203,7.093404625868766,974,1624,0,2038,2304.5,4253,false
2020-08-22,2020,8,22,5,3,1,0,0,1102,7.005789019253502,1203,2265,0,1871.86,2268.73,6175,false
2020-08-23,2020,8,23,6,3,1,0,0,561,6.331501849893691,1102,2041,0,1660.43,2247.13,3932,false
2020-08-24,2020,8,24,0,3,0,0,0,1815,7.504391559161238,561,1276,0,1737.43,2208.13,5271,false
2020-08-25,2020,8,25,1,3,0,0,0,25998,10.165813354725493,1815,2394,0,5109.43,2401.87,34558,false
2020-08-26,2020,8,26,2,3,0,0,0,616,6.424869023905387,25998,4113,0,4609.86,2383.5,3159,false
2020-08-27,2020,8,27,3,3,0,0,0,1044,6.951772164398911,616,974,0,4619.86,2355,16029,false
2020-08-28,2020,8,28,4,3,0,0,0,2383,7.77653502818524,1044,1203,0,4788.43,2382.83,7100,false
2020-08-29,2020,8,29,5,3,1,0,0,676,6.517671272912275,2383,1102,0,4727.57,2386.03,7556,false
2020-08-30,2020,8,30,6,3,1,0,0,755,6.6280413761795325,676,561,0,4755.29,2349.07,1809,false
2020-08-31,2020,8,31,0,3,0,0,1,10,2.3978952727983707,755,1815,0,4497.43,2316.23,1649,false
2020-09-01,2020,9,1,1,3,0,1,0,0,0,10,25998,0,783.43,2303.33,1825,false
2020-09-02,2020,9,2,2,3,0,0,0,302,5.713732805509369,0,616,0,738.57,2275.07,4103,false
2020-09-03,2020,9,3,3,3,0,0,0,811,6.699500340161678,302,1044,0,705.29,2248.17,3787,false
2020-09-04,2020,9,4,4,3,0,0,0,551,6.313548046277095,811,2383,0,443.57,2219.47,2519,false
2020-09-05,2020,9,5,5,3,1,0,0,1045,6.952728644624868,551,676,0,496.29,2225.57,5230,false
2020-09-06,2020,9,6,6,3,1,0,0,1502,7.315218389752975,1045,755,0,603,2193.1,4159,false
2020-09-07,2020,9,7,0,3,0,0,0,3479,8.15478757276852,1502,10,0,1098.57,2252.2,11759,false
2020-09-08,2020,9,8,1,3,0,0,0,1124,7.025538314638521,3479,0,0,1259.14,2283.6,6263,false
2020-09-09,2020,9,9,2,3,0,0,0,1664,7.4175804024145435,1124,302,0,1453.71,2310.3,5533,false
2020-09-10,2020,9,10,3,3,0,0,0,1899,7.549609165154531,1664,811,0,1609.14,2263.83,7667,false
2020-09-11,2020,9,11,4,3,0,0,0,1162,7.0587581525186645,1899,551,0,1696.43,2239.83,5517,false
2020-09-12,2020,9,12,5,3,1,0,0,743,6.612041034833092,1162,1045,0,1653.29,2171.07,5272,false
2020-09-13,2020,9,13,6,3,1,0,0,2587,7.858640655620791,743,1502,0,1808.29,2203.17,6401,false
2020-09-14,2020,9,14,0,3,0,0,0,2176,7.685703061234547,2587,3479,0,1622.14,2200.2,6127,false
2020-09-15,2020,9,15,1,3,0,0,0,1357,7.213768308118641,2176,1124,0,1655.43,2177.4,4199,false
2020-09-16,2020,9,16,2,3,0,0,0,271,5.605802066295997,1357,1664,0,1456.43,2143.9,3754,false
2020-09-17,2020,9,17,3,3,0,0,0,532,6.278521424165844,271,1899,0,1261.14,2081.83,1879,false
2020-09-18,2020,9,18,4,3,0,0,0,484,6.184148890937483,532,1162,0,1164.29,1960.87,2039,false
2020-09-19,2020,9,19,5,3,1,0,0,0,0,484,743,0,1058.14,1928.4,1697,false
2020-09-20,2020,9,20,6,3,1,0,0,834,6.727431724850855,0,2587,0,807.71,1916.1,3122,false
2020-09-21,2020,9,21,0,3,0,0,0,871,6.77078942390898,834,2176,0,621.29,1908.4,4592,false
2020-09-22,2020,9,22,1,3,0,0,0,552,6.315358001522335,871,1357,0,506.29,1908.1,5348,false
2020-09-23,2020,9,23,2,3,0,0,0,2278,7.731492029245684,552,271,0,793,1923.53,12110,false
2020-09-24,2020,9,24,3,3,0,0,0,1752,7.469083884921234,2278,532,0,967.29,1115.33,5175,false
2020-09-25,2020,9,25,4,3,0,0,0,1637,7.401231264413014,1752,484,0,1132,1149.37,15227,false
2020-09-26,2020,9,26,5,3,1,0,0,17392,9.763823105408154,1637,0,0,3616.57,1694.3,26065,false
2020-09-27,2020,9,27,6,3,1,0,0,1944,7.573017256052546,17392,834,0,3775.14,1679.67,4612,false
2020-09-28,2020,9,28,0,3,0,0,0,202,5.313205979041787,1944,871,0,3679.57,1663.87,2814,false
2020-09-29,2020,9,29,1,3,0,0,0,1582,7.367077059881012,202,552,0,3826.71,1691.43,7302,false
2020-09-30,2020,9,30,2,3,0,0,1,1471,7.294377299288821,1582,2278,0,3711.43,1740.13,4579,false
2020-10-01,2020,10,1,3,4,0,1,0,2554,7.845807502637805,1471,1752,0,3826,1825.27,6789,false
2020-10-02,2020,10,2,4,4,0,0,0,302,5.713732805509369,2554,1637,0,3635.29,1825.27,2788,false
2020-10-03,2020,10,3,5,4,1,0,0,1193,7.085064293952547,302,17392,0,1321.14,1838,4268,false
2020-10-04,2020,10,4,6,4,1,0,0,856,6.75343791859778,1193,1944,0,1165.71,1848.17,2894,false
2020-10-05,2020,10,5,0,4,0,0,0,1097,7.001245622069476,856,202,0,1293.57,1849.9,3951,false
2020-10-06,2020,10,6,1,4,0,0,0,1441,7.273786317844894,1097,1582,0,1273.43,1847.87,6210,false
2020-10-07,2020,10,7,2,4,0,0,0,2190,7.692113339595466,1441,1471,0,1376.14,1804.9,8276,false
2020-10-08,2020,10,8,3,4,0,0,0,1596,7.3758821482150125,2190,2554,0,1239.29,1820.63,4874,false
2020-10-09,2020,10,9,4,4,0,0,0,1577,7.363913501405819,1596,302,0,1421.43,1817.73,4842,false
2020-10-10,2020,10,10,5,4,1,0,0,261,5.568344503761097,1577,1193,0,1288.29,1763.13,8202,false
2020-10-11,2020,10,11,6,4,1,0,0,564,6.33682573114644,261,856,0,1246.57,1743.2,1664,false
2020-10-12,2020,10,12,0,4,0,0,0,536,6.285998094508864,564,1097,0,1166.43,1736.3,2749,false
2020-10-13,2020,10,13,1,4,0,0,0,1122,7.023758954738443,536,1441,0,1120.86,1687.47,7289,false
2020-10-14,2020,10,14,2,4,0,0,0,1708,7.443663683115591,1122,2190,0,1052,1671.87,3974,false
2020-10-15,2020,10,15,3,4,0,0,0,194,5.272999558563747,1708,1596,0,851.71,1633.1,1829,false
2020-10-16,2020,10,16,4,4,0,0,0,1037,6.945051063725834,194,1577,0,774.57,1658.63,5011,false
2020-10-17,2020,10,17,5,4,1,0,0,930,6.836259277277067,1037,261,0,870.14,1671.9,3618,false
2020-10-18,2020,10,18,6,4,1,0,0,2061,7.631431664576905,930,564,0,1084,1724.47,4778,false
2020-10-19,2020,10,19,0,4,0,0,0,844,6.739336627357174,2061,536,0,1128,1752.6,3777,false
2020-10-20,2020,10,20,1,4,0,0,0,339,5.828945617610207,844,1122,0,1016.14,1736.1,1925,false
2020-10-21,2020,10,21,2,4,0,0,0,774,6.652863029353346,339,1708,0,882.71,1732.87,2310,false
2020-10-22,2020,10,22,3,4,0,0,0,100,4.61512051684126,774,194,0,869.29,1717.8,882,false
2020-10-23,2020,10,23,4,4,0,0,0,139,4.941642422609304,100,1037,0,741,1646.5,2556,false
2020-10-24,2020,10,24,5,4,1,0,0,186,5.231108616854587,139,930,0,634.71,1594.3,2020,false
2020-10-25,2020,10,25,6,4,1,0,0,149,5.0106352940962555,186,2061,0,361.57,1544.7,266,false
2020-10-26,2020,10,26,0,4,0,0,0,0,0,149,844,0,241,964.97,20,false
2020-10-27,2020,10,27,1,4,0,0,0,0,0,0,339,0,192.57,900.17,970,false
2020-10-28,2020,10,28,2,4,0,0,0,0,0,0,774,0,82,893.43,1719,false
2020-10-29,2020,10,29,3,4,0,0,0,393,5.976350909297934,0,100,0,123.86,853.8,9310,false
2020-10-30,2020,10,30,4,4,0,0,0,11986,9.3915780082071,393,139,0,1816.29,1204.3,14829,false
2020-10-31,2020,10,31,5,4,1,0,1,0,0,11986,186,0,1789.71,1119.17,340,false
2020-11-01,2020,11,1,6,4,1,1,0,0,0,0,149,0,1768.43,1109.1,0,false
2020-11-02,2020,11,2,0,4,0,0,0,0,0,0,0,0,1768.43,1069.33,200,false
2020-11-03,2020,11,3,1,4,0,0,0,800,6.685860947068359,0,0,0,1882.71,1067.47,4098,false
2020-11-04,2020,11,4,2,4,0,0,0,342,5.8377304471659395,800,0,0,1931.57,1042.3,2794,false
2020-11-05,2020,11,5,3,4,0,0,0,3776,8.236685322712457,342,393,0,2414.86,1120.13,6403,false
2020-11-06,2020,11,6,4,4,0,0,0,1899,7.549609165154531,3776,11986,0,973.86,1110.43,5393,false
2020-11-07,2020,11,7,5,4,1,0,0,1350,7.208600337960199,1899,0,0,1166.71,1102.23,8943,false
2020-11-08,2020,11,8,6,4,1,0,0,193,5.267858159063328,1350,0,0,1194.29,1056.1,1084,false
2020-11-09,2020,11,9,0,4,0,0,0,184,5.220355825078324,193,0,0,1220.57,1053.53,5236,false
2020-11-10,2020,11,10,1,4,0,0,0,2178,7.686621334944619,184,800,0,1417.43,1107.33,5010,false
2020-11-11,2020,11,11,2,4,0,0,0,1895,7.547501682814967,2178,342,0,1639.29,1152.63,2675,false
2020-11-12,2020,11,12,3,4,0,0,0,0,0,1895,3776,0,1099.86,1115.23,0,false
2020-11-13,2020,11,13,4,4,0,0,0,586,6.375024819828096,0,1899,0,912.29,1077.83,6215,false
2020-11-14,2020,11,14,5,4,1,0,0,2316,7.748028524432376,586,1350,0,1050.29,1148.57,5140,false
2020-11-15,2020,11,15,6,4,1,0,0,2308,7.744569809354495,2316,193,0,1352.43,1190.93,5568,false
2020-11-16,2020,11,16,0,4,0,0,0,2498,7.823645930834952,2308,184,0,1683,1243.2,6245,false
2020-11-17,2020,11,17,1,4,0,0,0,2333,7.755338812846501,2498,2178,0,1705.14,1252.27,7426,false
2020-11-18,2020,11,18,2,4,0,0,0,4206,8.344505083590521,2333,1895,0,2035.29,1364.33,11911,false
2020-11-19,2020,11,19,3,4,0,0,0,1306,7.175489713624222,4206,0,0,2221.86,1396.57,5702,false
2020-11-20,2020,11,20,4,4,0,0,0,2089,7.644919344958857,1306,586,0,2436.57,1440.4,6535,false
2020-11-21,2020,11,21,5,4,1,0,0,1417,7.257002707092073,2089,2316,0,2308.14,1484.3,11736,false
2020-11-22,2020,11,22,6,4,1,0,0,2234,7.711996507047669,1417,2308,0,2297.57,1554.13,5153,false
2020-11-23,2020,11,23,0,4,0,0,0,3270,8.092851027538384,2234,2498,0,2407.86,1656.93,8063,false
2020-11-24,2020,11,24,1,4,0,0,0,1052,6.959398512133975,3270,2333,0,2224.86,1687.03,9677,false
2020-11-25,2020,11,25,2,4,0,0,0,1051,6.958448393297655,1052,4206,0,1774.14,1722.07,5398,false
2020-11-26,2020,11,26,3,4,0,0,0,4255,8.35608503102148,1051,1306,0,2195.43,1863.9,19163,false
2020-11-27,2020,11,27,4,4,0,0,0,1428,7.264730177929867,4255,2089,0,2101,1911.5,6359,false
2020-11-28,2020,11,28,5,4,1,0,0,1324,7.1891677384203225,1428,1417,0,2087.71,1942.53,11809,false
2020-11-29,2020,11,29,6,4,1,0,0,1383,7.232733136177615,1324,2234,0,1966.14,1589.1,4062,false
2020-11-30,2020,11,30,0,4,0,0,1,899,6.802394763324311,1383,3270,0,1627.43,1619.07,3585,false
2020-12-01,2020,12,1,1,4,0,1,0,1132,7.0326242610280065,899,1052,0,1638.86,1656.8,2172,false
2020-12-02,2020,12,2,2,4,0,0,0,572,6.350885716714739,1132,1051,0,1570.43,1675.87,2628,false
2020-12-03,2020,12,3,3,4,0,0,0,1465,7.290292882446597,572,4255,0,1171.86,1698.03,8169,false
2020-12-04,2020,12,4,4,4,0,0,0,2812,7.9420068084898565,1465,1428,0,1369.57,1780.37,8988,false
2020-12-05,2020,12,5,5,4,1,0,0,1825,7.509883061154913,2812,1324,0,1441.14,1715.33,7837,false
2020-12-06,2020,12,6,6,4,1,0,0,1592,7.373374309910048,1825,1383,0,1471,1705.1,4222,false
2020-12-07,2020,12,7,0,4,0,0,0,913,6.81783057145415,1592,899,0,1473,1690.53,4981,false
2020-12-08,2020,12,8,1,4,0,0,0,1727,7.454719949364001,913,1132,0,1558,1741.67,5077,false
2020-12-09,2020,12,9,2,4,0,0,0,1448,7.278628942320682,1727,572,0,1683.14,1783.8,6082,false
2020-12-10,2020,12,10,3,4,0,0,0,2022,7.612336837167745,1448,1465,0,1762.71,1778.6,8891,false
2020-12-11,2020,12,11,4,4,0,0,0,1838,7.516977224604321,2022,2812,0,1623.57,1776.7,9275,false
2020-12-12,2020,12,12,5,4,1,0,0,772,6.6502790485874215,1838,1825,0,1473.14,1802.43,4515,false
2020-12-13,2020,12,13,6,4,1,0,0,1300,7.170888478512505,772,1592,0,1431.43,1826.23,3523,false
2020-12-14,2020,12,14,0,4,0,0,0,624,6.437751649736401,1300,913,0,1390.14,1769.83,4632,false
2020-12-15,2020,12,15,1,4,0,0,0,4355,8.37930948405285,624,1727,0,1765.57,1838.07,9000,false
2020-12-16,2020,12,16,2,4,0,0,0,1318,7.1846291527173145,4355,1448,0,1747,1798.73,8210,false
2020-12-17,2020,12,17,3,4,0,0,0,734,6.5998704992128365,1318,2022,0,1563,1745.43,2913,false
2020-12-18,2020,12,18,4,4,0,0,0,727,6.590301048196686,734,1838,0,1404.29,1629.47,4024,false
2020-12-19,2020,12,19,5,4,1,0,0,467,6.148468295917646,727,772,0,1360.71,1601.5,2852,false
2020-12-20,2020,12,20,6,4,1,0,0,1938,7.569927655242652,467,1300,0,1451.86,1596.47,3744,false
2020-12-21,2020,12,21,0,4,0,0,0,995,6.903747257584598,1938,624,0,1504.86,1582.4,10489,false
2020-12-22,2020,12,22,1,4,0,0,0,1116,7.018401799069201,995,4355,0,1042.14,1545.13,6612,false
2020-12-23,2020,12,23,2,4,0,0,0,1751,7.468513271496336,1116,1318,0,1104,1494.5,5348,false
2020-12-24,2020,12,24,3,4,0,0,0,273,5.6131281063880705,1751,734,0,1038.14,1468.53,2074,false
2020-12-25,2020,12,25,4,4,0,0,0,282,5.645446897643238,273,727,0,974.57,1442.9,1060,false
2020-12-26,2020,12,26,5,4,1,0,0,1661,7.415776975415393,282,467,0,1145.14,1356.43,6148,false
2020-12-27,2020,12,27,6,4,1,0,0,1017,6.925595197110468,1661,1938,0,1013.57,1342.73,4651,false
2020-12-28,2020,12,28,0,4,0,0,0,1905,7.552762084214147,1017,995,0,1143.57,1362.1,6178,false
2020-12-29,2020,12,29,1,4,0,0,0,1362,7.217443431696532,1905,1116,0,1178.71,1361.4,6990,false
2020-12-30,2020,12,30,2,4,0,0,0,2028,7.615298339825815,1362,1751,0,1218.29,1399.03,5606,false
2020-12-31,2020,12,31,3,4,0,0,1,25338,10.140099989797301,2028,273,0,4799,2205.9,42117,false
2021-01-01,2021,1,1,4,1,0,1,0,0,0,25338,282,96,4758.71,2186.83,0,false
2021-01-02,2021,1,2,5,1,1,0,0,990,6.898714534329987,0,1661,1417,4662.86,2171,6919,false
2021-01-03,2021,1,3,6,1,1,0,0,1350,7.208600337960199,990,1017,692,4710.43,2122.27,10969,false
2021-01-04,2021,1,4,0,1,0,0,0,2226,7.708410667257367,1350,1905,475,4756.29,2135.63,10940,false
2021-01-05,2021,1,5,1,1,0,0,0,3491,8.158229916959492,2226,1362,665,5060.43,2198.93,13175,false
2021-01-06,2021,1,6,2,1,0,0,0,3993,8.29254851397576,3491,2028,689,5341.14,2301.6,12363,false
2021-01-07,2021,1,7,3,1,0,0,0,2264,7.725330037917134,3993,25338,357,2044.86,2319.5,8430,false
2021-01-08,2021,1,8,4,1,0,0,0,2555,7.846198815497425,2264,0,251,2409.86,2356.4,12165,false
2021-01-09,2021,1,9,5,1,1,0,0,1491,7.307872780763706,2555,990,403,2481.43,2338.7,5927,false
2021-01-10,2021,1,10,6,1,1,0,0,3137,8.051340933292977,1491,1350,314,2736.71,2382,8778,false
2021-01-11,2021,1,11,0,1,0,0,0,1151,7.049254841255836,3137,2226,354,2583.14,2394.63,6228,false
2021-01-12,2021,1,12,1,1,0,0,0,3589,8.185907481482324,1151,3491,368,2597.14,2470.93,9232,false
2021-01-13,2021,1,13,2,1,0,0,0,1480,7.300472814267798,3589,3993,377,2238.14,2499.47,10414,false
2021-01-14,2021,1,14,3,1,0,0,0,1164,7.060476365999801,1480,2264,386,2081,2393.1,2964,false
2021-01-15,2021,1,15,4,1,0,0,0,3403,8.132706489693264,1164,2555,307,2202.14,2462.6,7662,false
2021-01-16,2021,1,16,5,1,1,0,0,1089,6.993932975223189,3403,1491,2205,2144.71,2474.43,7049,false
2021-01-17,2021,1,17,6,1,1,0,0,1597,7.37650812632622,1089,3137,614,1924.71,2503.43,3783,false
2021-01-18,2021,1,18,0,1,0,0,0,3148,8.054840221101024,1597,1151,4762,2210,2592.8,7327,false
2021-01-19,2021,1,19,1,1,0,0,0,968,6.876264611890766,3148,3589,272,1835.57,2560.47,11400,false
2021-01-20,2021,1,20,2,1,0,0,0,459,6.13122648948314,968,1480,1444,1689.71,2542.6,11617,false
2021-01-21,2021,1,21,3,1,0,0,0,1766,7.4770384723196965,459,1164,2619,1775.71,2564.27,17976,false
2021-01-22,2021,1,22,4,1,0,0,0,1760,7.473637108496206,1766,3403,1070,1541,2564.57,10428,false
2021-01-23,2021,1,23,5,1,1,0,0,1226,7.112327444710911,1760,1089,447,1560.57,2596.33,7300,false
2021-01-24,2021,1,24,6,1,1,0,0,1531,7.3343293503005365,1226,1597,1016,1551.14,2637.97,5436,false
2021-01-25,2021,1,25,0,1,0,0,0,289,5.66988092298052,1531,3148,880,1142.71,2592.23,3465,false
2021-01-26,2021,1,26,1,1,0,0,0,2329,7.753623546559746,289,968,703,1337.14,2635.97,7641,false
2021-01-27,2021,1,27,2,1,0,0,0,22551,10.023579032793949,2329,459,21497,4493.14,3324.17,40253,false
2021-01-28,2021,1,28,3,1,0,0,0,667,6.504288173536645,22551,1766,517,4336.14,3301,8542,false
2021-01-29,2021,1,29,4,1,0,0,0,212,5.361292165709425,667,1760,1177,4115,3240.47,7068,false
2021-01-30,2021,1,30,5,1,1,0,0,1174,7.069023426578259,212,1226,636,4107.57,2435,3787,false
2021-01-31,2021,1,31,6,1,1,0,1,0,0,1174,1531,0,3888.86,2435,1758,false
2021-02-01,2021,2,1,0,1,0,1,0,0,0,0,289,378,3847.57,2402,0,true
2021-02-02,2021,2,2,1,1,0,0,0,1643,7.404887575616125,0,2329,162,3749.57,2411.77,5747,false
2021-02-03,2021,2,3,2,1,0,0,0,2209,7.700747794511798,1643,22551,432,843.57,2411.2,6251,false
2021-02-04,2021,2,4,3,1,0,0,0,1536,7.337587743538595,2209,667,0,967.71,2346.03,2520,false
2021-02-05,2021,2,5,4,1,0,0,0,1011,6.91968384984741,1536,212,0,1081.86,2246.63,4103,false
2021-02-06,2021,2,6,5,1,1,0,0,503,6.222576268071369,1011,1174,50,986,2187.93,1829,false
2021-02-07,2021,2,7,6,1,1,0,0,2788,7.933438387627489,503,0,62,1384.29,2195.7,14622,false
2021-02-08,2021,2,8,0,1,0,0,0,338,5.82600010738045,2788,0,90,1432.57,2157.27,2790,false
2021-02-09,2021,2,9,1,1,0,0,0,1461,7.2875606403097235,338,1643,0,1406.57,2101.4,3950,false
2021-02-10,2021,2,10,2,1,0,0,0,1362,7.217443431696532,1461,2209,995,1285.57,2108.43,5032,false
2021-02-11,2021,2,11,3,1,0,0,0,1441,7.273786317844894,1362,1536,92,1272,2036.83,5638,false
2021-02-12,2021,2,12,4,1,0,0,0,4653,8.445482343862237,1441,1011,296,1792.29,2142.6,7348,false
2021-02-13,2021,2,13,5,1,1,0,0,1537,7.338238150065589,4653,503,373,1940,2155.03,5161,false
2021-02-14,2021,2,14,6,1,1,0,0,2150,7.67368812926773,1537,2788,464,1848.86,2113.27,5871,false
2021-02-15,2021,2,15,0,1,0,0,0,5999,8.699514748210191,2150,338,751,2657.57,2276.93,15198,false
2021-02-16,2021,2,16,1,1,0,0,0,2115,7.65728279297819,5999,1461,789,2751,2294.2,23009,false
2021-02-17,2021,2,17,2,1,0,0,0,1406,7.249215057114389,2115,1362,182,2757.29,2236.13,5276,false
2021-02-18,2021,2,18,3,1,0,0,0,634,6.453624998892692,1406,1441,164,2642,2225,5022,false
2021-02-19,2021,2,19,4,1,0,0,0,480,6.175867270105761,634,4653,385,2045.86,2225.7,2707,false
2021-02-20,2021,2,20,5,1,1,0,0,0,0,480,1537,0,1826.29,2166.83,1473,false
2021-02-21,2021,2,21,6,1,1,0,0,561,6.331501849893691,0,2150,0,1599.29,2126.87,2047,false
2021-02-22,2021,2,22,0,1,0,0,0,155,5.049856007249537,561,5999,242,764.43,2091.17,1043,false
2021-02-23,2021,2,23,1,1,0,0,0,0,0,155,2115,1054,462.29,2040.13,2033,false
2021-02-24,2021,2,24,2,1,0,0,0,100,4.61512051684126,0,1406,0,275.71,2033.83,6311,false
2021-02-25,2021,2,25,3,1,0,0,0,332,5.808142489980444,100,634,1650,232.57,1967.27,6101,false
2021-02-26,2021,2,26,4,1,0,0,0,25189,10.134202369346655,332,480,413,3762.43,2055.2,45272,false
2021-02-27,2021,2,27,5,1,1,0,0,1755,7.470793774195061,25189,0,19328,4013.14,2091.47,10102,false
2021-02-28,2021,2,28,6,1,1,0,1,900,6.803505257608338,1755,561,2470,4061.57,2114.4,4690,false
2021-03-01,2021,3,1,0,1,0,1,0,0,0,900,155,920,4039.43,2075.27,0,true
2021-03-02,2021,3,2,1,1,0,0,0,1498,7.312553498102598,0,0,687,4253.43,2125.2,5844,false
2021-03-03,2021,3,3,2,1,0,0,0,873,6.773080375655535,1498,100,1566,4363.86,2154.3,4044,false
2021-03-04,2021,3,4,3,1,0,0,0,706,6.561030665896572,873,332,1197,4417.29,2123.07,3055,false
2021-03-05,2021,3,5,4,1,0,0,0,396,5.98393628068719,706,25189,2572,875.43,2062.63,5890,false
2021-03-06,2021,3,6,5,1,1,0,0,193,5.267858159063328,396,1755,1661,652.29,2017.87,2263,false
2021-03-07,2021,3,7,6,1,1,0,0,697,6.548219102762372,193,900,2808,623.29,2007.4,5229,false
2021-03-08,2021,3,8,0,1,0,0,0,783,6.664409020350408,697,0,519,735.14,2016.73,2797,false
2021-03-09,2021,3,9,1,1,0,0,0,1103,7.00669522683704,783,1498,767,678.71,1960.57,5206,false
2021-03-10,2021,3,10,2,1,0,0,0,1574,7.362010551259734,1103,873,424,778.86,2001.77,5635,false
2021-03-11,2021,3,11,3,1,0,0,0,387,5.961005339623274,1574,706,765,733.29,1965.97,2932,false
2021-03-12,2021,3,12,4,1,0,0,0,370,5.916202062607435,387,396,106,729.57,1932.9,1864,false
2021-03-13,2021,3,13,5,1,1,0,0,2177,7.686162303492906,370,193,702,1013,1957.43,10310,false
2021-03-14,2021,3,14,6,1,1,0,0,877,6.777646593635116,2177,697,3280,1038.71,1831.57,8070,false
2021-03-15,2021,3,15,0,1,0,0,0,1441,7.273786317844894,877,783,2140,1132.71,1828.37,7994,false
2021-03-16,2021,3,16,1,1,0,0,0,3098,8.038834757787749,1441,1103,1928,1417.71,1859.97,12104,false
2021-03-17,2021,3,17,2,1,0,0,0,4313,8.3696208269491,3098,1574,1712,1809,1803.77,11093,false
2021-03-18,2021,3,18,3,1,0,0,0,842,6.736966958001855,4313,387,1804,1874,1761.33,5785,false
2021-03-19,2021,3,19,4,1,0,0,0,1430,7.266128779556451,842,370,0,2025.43,1762.13,6216,false
2021-03-20,2021,3,20,5,1,1,0,0,2443,7.8013913202914855,1430,2177,232,2063.43,1822.43,6728,false
2021-03-21,2021,3,21,6,1,1,0,0,1975,7.588829878307813,2443,877,684,2220.29,1872.27,6930,false
2021-03-22,2021,3,22,0,1,0,0,0,4503,8.412721169819527,1975,1441,763,2657.71,2022.37,12158,false
2021-03-23,2021,3,23,1,1,0,0,0,876,6.776506992372183,4503,3098,0,2340.29,2032.87,8714,false
2021-03-24,2021,3,24,2,1,0,0,0,4046,8.305731144875866,876,4313,200,2302.14,2162.57,24080,false
2021-03-25,2021,3,25,3,1,0,0,0,1209,7.098375638590786,4046,842,100,2354.57,2202.87,6074,false
2021-03-26,2021,3,26,4,1,0,0,0,34843,10.458636234938782,1209,1430,250,7127.86,3360.97,58302,false
2021-03-27,2021,3,27,5,1,1,0,0,2618,7.870547844507712,34843,2443,0,7152.86,3437.17,8254,false
2021-03-28,2021,3,28,6,1,1,0,0,1605,7.381501894506707,2618,1975,40290,7100,2651.03,5771,false
2021-03-29,2021,3,29,0,1,0,0,0,1692,7.4342573821331355,1605,4503,720,6698.43,2648.93,8052,false
2021-03-30,2021,3,30,1,1,0,0,0,464,6.142037405587356,1692,876,200,6639.57,2634.4,5106,false
2021-03-31,2021,3,31,2,1,0,0,1,1616,7.388327859577107,464,4046,230,6292.43,2688.27,5570,false
2021-04-01,2021,4,1,3,2,0,1,0,0,0,1616,1209,1004,6119.71,2638.33,0,true
2021-04-02,2021,4,2,4,2,0,0,0,2461,7.808729306744398,0,34843,200,1493.71,2691.27,6546,false
2021-04-03,2021,4,3,5,2,1,0,0,848,6.744059186311347,2461,2618,200,1240.86,2696,4675,false
2021-04-04,2021,4,4,6,2,1,0,0,755,6.6280413761795325,848,1605,200,1119.43,2707.97,3019,false
2021-04-05,2021,4,5,0,2,0,0,0,2738,7.915348169263078,755,1692,180,1268.86,2792.8,9115,false
2021-04-06,2021,4,6,1,2,0,0,0,3106,8.041412909393047,2738,464,0,1646.29,2873.1,10389,false
2021-04-07,2021,4,7,2,2,0,0,0,1163,7.059617628291383,3106,1616,0,1581.57,2885.77,3472,false
2021-04-08,2021,4,8,3,2,0,0,0,319,5.768320995793772,1163,0,0,1627.14,2859.63,1735,false
2021-04-09,2021,4,9,4,2,0,0,0,1977,7.589841512182657,319,2461,192,1558,2873.07,5631,false
2021-04-10,2021,4,10,5,2,1,0,0,1450,7.280008252884188,1977,848,0,1644,2908.5,13016,false
2021-04-11,2021,4,11,6,2,1,0,0,2778,7.929846429742503,1450,755,0,1933,2988.77,6762,false
2021-04-12,2021,4,12,0,2,0,0,0,580,6.364750756851911,2778,2738,1320,1624.71,2935.53,3376,false
2021-04-13,2021,4,13,1,2,0,0,0,1673,7.422971251049421,580,3106,50,1420,2962.07,7223,false
2021-04-14,2021,4,14,2,2,0,0,0,4320,8.371242135931933,1673,1163,540,1871,3058.03,11919,false
2021-04-15,2021,4,15,3,2,0,0,0,2698,7.900636613018005,4320,319,50,2210.86,3044.7,7761,false
2021-04-16,2021,4,16,4,2,0,0,0,3140,8.052296499538647,2698,1977,3998,2377,3005.6,30343,false
2021-04-17,2021,4,17,5,2,1,0,0,2951,7.990238185720363,3140,1450,1652,2591.43,3075.9,5905,false
2021-04-18,2021,4,18,6,2,1,0,0,0,0,2951,2778,0,2194.57,3028.23,639,false
2021-04-19,2021,4,19,0,2,0,0,0,0,0,0,580,1336,2111.71,2946.8,700,false
2021-04-20,2021,4,20,1,2,0,0,0,0,0,0,1673,1490,1872.71,2880.97,1180,false
2021-04-21,2021,4,21,2,2,0,0,0,0,0,0,4320,245,1255.57,2730.87,2987,false
2021-04-22,2021,4,22,3,2,0,0,0,1472,7.29505641646263,0,2698,1585,1080.43,2750.73,5251,false
2021-04-23,2021,4,23,4,2,0,0,0,1617,7.388946097618437,1472,3140,650,862.86,2669.77,6079,false
2021-04-24,2021,4,24,5,2,1,0,0,2041,7.621684998724611,1617,2951,1918,732.86,2697.5,6940,false
2021-04-25,2021,4,25,6,2,1,0,0,2417,7.790696031174738,2041,0,485,1078.14,1616.63,7134,false
2021-04-26,2021,4,26,0,2,0,0,0,47281,10.763884952369743,2417,0,0,7832.57,3105.4,69519,false
2021-04-27,2021,4,27,1,2,0,0,0,1451,7.280697195384741,47281,0,1450,8039.86,3100.27,6807,false
2021-04-28,2021,4,28,2,2,0,0,0,490,6.19644412779452,1451,0,728,8109.86,3060.2,5853,false
2021-04-29,2021,4,29,3,2,0,0,0,1878,7.538494999413465,490,1472,26698,8167.86,3107.33,4846,false
2021-04-30,2021,4,30,4,2,0,0,1,1910,7.555381944240273,1878,1617,0,8209.71,3117.13,7394,false
2021-05-01,2021,5,1,5,2,1,1,0,0,0,1910,2041,0,7918.14,3117.13,0,true
2021-05-02,2021,5,2,6,2,1,0,0,617,6.42648845745769,0,2417,864,7661,3055.67,5606,false
2021-05-03,2021,5,3,0,2,0,0,0,559,6.327936783729195,617,47281,0,986.43,3046.03,3176,false
2021-05-04,2021,5,4,1,2,0,0,0,2486,7.818832443803404,559,1451,1548,1134.29,3103.73,7359,false
2021-05-05,2021,5,5,2,2,0,0,0,3545,8.173575486634153,2486,490,182,1570.71,3130.63,10496,false
2021-05-06,2021,5,6,3,2,0,0,0,376,5.932245187448011,3545,1878,30,1356.14,3039.63,4503,false
2021-05-07,2021,5,7,4,2,0,0,0,1100,7.00397413672268,376,1910,414,1240.43,3037.53,6949,false
2021-05-08,2021,5,8,5,2,1,0,0,82,4.418840607796597,1100,0,0,1252.14,3029.63,5195,false
2021-05-09,2021,5,9,6,2,1,0,0,2188,7.691200097522863,82,617,646,1476.57,3036.67,5260,false
2021-05-10,2021,5,10,0,2,0,0,0,3259,8.089482474360754,2188,559,0,1862.29,3096.97,6965,false
2021-05-11,2021,5,11,1,2,0,0,0,2204,7.6984827878809465,3259,2486,1517,1822,3077.83,6961,false
2021-05-12,2021,5,12,2,2,0,0,0,1075,6.98100574072173,2204,3545,1139,1469.14,3094.33,3996,false
2021-05-13,2021,5,13,3,2,0,0,0,2637,7.87777633327726,1075,376,1313,1792.14,3126.47,13580,false
2021-05-14,2021,5,14,4,2,0,0,0,2194,7.693937325509271,2637,1100,774,1948.43,3055.6,6605,false
2021-05-15,2021,5,15,5,2,1,0,0,2033,7.617759576608505,2194,82,0,2227.14,3033.43,6800,false
2021-05-16,2021,5,16,6,2,1,0,0,2998,8.006034178749008,2033,2188,0,2342.86,3028.7,7547,false
2021-05-17,2021,5,17,0,2,0,0,0,1191,7.0833878476252945,2998,3259,165,2047.43,2970.03,5190,false
2021-05-18,2021,5,18,1,2,0,0,0,1498,7.312553498102598,1191,2204,1306,1946.57,3019.97,6130,false
2021-05-19,2021,5,19,2,2,0,0,0,299,5.703782474656201,1498,1075,1995,1835.71,3029.93,8157,false
2021-05-20,2021,5,20,3,2,0,0,0,2304,7.742835955430748,299,2637,1334,1788.14,3106.73,7271,false
2021-05-21,2021,5,21,4,2,0,0,0,2467,7.811163385025278,2304,2194,2009,1827.14,3188.97,6004,false
2021-05-22,2021,5,22,5,2,1,0,0,0,0,2467,2033,1188,1536.71,3139.9,9021,false
2021-05-23,2021,5,23,6,2,1,0,0,1886,7.54274354536855,0,2998,409,1377.86,3148.87,4392,false
2021-05-24,2021,5,24,0,2,0,0,0,67,4.219507705176107,1886,1191,0,1217.29,3083.07,3435,false
2021-05-25,2021,5,25,1,2,0,0,0,1266,7.144407180321139,67,1498,2661,1184.14,3044.7,7942,false
2021-05-26,2021,5,26,2,2,0,0,0,357,5.8805329864007,1266,299,1928,1192.43,1480.57,4136,false
2021-05-27,2021,5,27,3,2,0,0,0,1471,7.294377299288821,357,2304,1910,1073.43,1481.23,5936,false
2021-05-28,2021,5,28,4,2,0,0,0,28207,10.24736090463765,1471,2467,1100,4750.57,2405.13,41491,false
2021-05-29,2021,5,29,5,2,1,0,0,1780,7.484930283289661,28207,0,1717,5004.86,2401.87,5230,false
2021-05-30,2021,5,30,6,2,1,0,0,1208,7.097548850614793,1780,1886,573,4908,2378.47,4805,false
2021-05-31,2021,5,31,0,2,0,0,1,1149,7.047517221357295,1208,67,412,5062.57,2416.77,8515,false
2021-06-01,2021,6,1,1,2,0,1,0,0,0,1149,1266,372,4881.71,2396.2,0,true
2021-06-02,2021,6,2,2,2,0,0,0,1282,7.1569563646156364,0,357,675,5013.86,2420.3,7409,false
2021-06-03,2021,6,3,3,2,0,0,0,1877,7.537962659768208,1282,1471,502,5071.86,2400,8800,false
2021-06-04,2021,6,4,4,2,0,0,0,4877,8.492490578775865,1877,28207,215,1739,2444.4,18436,false
2021-06-05,2021,6,5,5,2,1,0,0,2175,7.685243607975833,4877,1780,320,1795.43,2504.37,6843,false
2021-06-06,2021,6,6,6,2,1,0,0,1343,7.203405521083095,2175,1208,324,1814.71,2512.47,4727,false
2021-06-07,2021,6,7,0,2,0,0,0,574,6.354370040797351,1343,1149,496,1732.57,2528.87,4871,false
2021-06-08,2021,6,8,1,2,0,0,0,1322,7.187657164114955,574,0,34120,1921.43,2500,3853,false
2021-06-09,2021,6,9,2,2,0,0,0,1497,7.311886164077165,1322,1282,1000,1952.14,2441.27,4589,false
2021-06-10,2021,6,10,3,2,0,0,0,338,5.82600010738045,1497,1877,496,1732.29,2379.07,2144,false
2021-06-11,2021,6,11,4,2,0,0,0,3380,8.125926802707886,338,4877,1244,1518.43,2455.9,8039,false
2021-06-12,2021,6,12,5,2,1,0,0,17551,9.772923182515012,3380,2175,0,3715,2953.03,29582,false
2021-06-13,2021,6,13,6,2,1,0,0,783,6.664409020350408,17551,1343,82,3635,2906,4024,false
2021-06-14,2021,6,14,0,2,0,0,0,2747,7.91862865334224,783,574,1203,3945.43,2929.8,8032,false
2021-06-15,2021,6,15,1,2,0,0,0,783,6.664409020350408,2747,1322,1703,3868.43,2855.97,4852,false
2021-06-16,2021,6,16,2,2,0,0,0,1229,7.114769448366463,783,1497,338,3830.14,2857.23,7420,false
2021-06-17,2021,6,17,3,2,0,0,0,2877,7.964850887447313,1229,338,1696,4192.86,2903.2,6744,false
2021-06-18,2021,6,18,4,2,0,0,0,1797,7.494430215031565,2877,3380,1934,3966.71,2953.13,6821,false
2021-06-19,2021,6,19,5,2,1,0,0,826,6.717804695023691,1797,17551,901,1577.43,2903.87,5153,false
2021-06-20,2021,6,20,6,2,1,0,0,222,5.407171771460119,826,783,1708,1497.29,2829.03,6080,false
2021-06-21,2021,6,21,0,2,0,0,0,1738,7.461065514354283,222,2747,1934,1353.14,2886.97,4753,false
2021-06-22,2021,6,22,1,2,0,0,0,2177,7.686162303492906,1738,783,1198,1552.29,2896.67,5454,false
2021-06-23,2021,6,23,2,2,0,0,0,1869,7.533693709848632,2177,1229,1099,1643.71,2956.73,8515,false
2021-06-24,2021,6,24,3,2,0,0,0,1520,7.327123292259293,1869,2877,193,1449.86,2965.2,6211,false
2021-06-25,2021,6,25,4,2,0,0,0,33345,10.414693104120404,1520,1797,2344,5956.71,4064.8,46910,false
2021-06-26,2021,6,26,5,2,1,0,0,590,6.381816017406098,33345,826,38438,5923,4035.43,3850,false
2021-06-27,2021,6,27,6,2,1,0,0,956,6.863803391452954,590,222,1317,6027.86,3127.07,4650,false
2021-06-28,2021,6,28,0,2,0,0,0,1928,7.564757012905729,956,1738,1460,6055,3132,10981,false
2021-06-29,2021,6,29,1,2,0,0,0,1291,7.163946684342547,1928,2177,745,5928.43,3134.77,15309,false
2021-06-30,2021,6,30,2,2,0,0,1,2849,7.955074273262696,1291,1869,1288,6068.43,3191.43,7830,false
2021-07-01,2021,7,1,3,3,0,1,0,0,0,2849,1520,483,5851.29,3191.43,0,true
2021-07-02,2021,7,2,4,3,0,0,0,1729,7.455876687491824,0,33345,0,1334.71,3206.33,4436,false
2021-07-03,2021,7,3,5,3,1,0,0,574,6.354370040797351,1729,590,340,1332.43,3162.9,4731,false
2021-07-04,2021,7,4,6,3,1,0,0,1353,7.21081845347222,574,956,9,1389.14,3045.43,7436,false
2021-07-05,2021,7,5,0,3,0,0,0,1313,7.1808311990445555,1353,1928,1136,1301.29,3016.7,5376,false
2021-07-06,2021,7,6,1,3,0,0,0,1190,7.0825485693553,1313,1291,543,1286.86,3011.6,5184,false
2021-07-07,2021,7,7,2,3,0,0,0,555,6.320768294250582,1190,2849,475,959.14,3010.97,4247,false
2021-07-08,2021,7,8,3,3,0,0,0,850,6.746412128573374,555,0,794,1080.57,2995.23,3614,false
2021-07-09,2021,7,9,4,3,0,0,0,2403,7.784889295655098,850,1729,966,1176.86,3025.43,4197,false
2021-07-10,2021,7,10,5,3,1,0,0,1218,7.105786129481271,2403,574,1390,1268.86,3054.77,5323,false
2021-07-11,2021,7,11,6,3,1,0,0,1421,7.259819610363186,1218,1353,728,1278.57,2989.47,5501,false
2021-07-12,2021,7,12,0,3,0,0,0,2536,7.838737559599282,1421,1313,2140,1453.29,2488.97,7028,false
2021-07-13,2021,7,13,1,3,0,0,0,2323,7.751045117971802,2536,1190,3676,1615.14,2540.3,8362,false
2021-07-14,2021,7,14,2,3,0,0,0,1634,7.399398083331354,2323,555,2534,1769.29,2503.2,6357,false
2021-07-15,2021,7,15,3,3,0,0,0,2531,7.836764783264067,1634,850,1806,2009.43,2561.47,7644,false
2021-07-16,2021,7,16,4,3,0,0,0,1931,7.566311014772463,2531,2403,1863,1942,2584.87,6783,false
2021-07-17,2021,7,17,5,3,1,0,0,1272,7.149131598557406,1931,1218,1796,1949.71,2531.37,5676,false
2021-07-18,2021,7,18,6,3,1,0,0,1271,7.148345743900067,1272,1421,2005,1928.29,2513.83,4356,false
2021-07-19,2021,7,19,0,3,0,0,0,677,6.519147287940395,1271,2536,1954,1662.71,2508.87,3269,false
2021-07-20,2021,7,20,1,3,0,0,0,792,6.675823221634848,677,2323,2081,1444,2527.87,2752,false
2021-07-21,2021,7,21,2,3,0,0,0,995,6.903747257584598,792,1634,2639,1352.71,2503.1,3387,false
2021-07-22,2021,7,22,3,3,0,0,0,801,6.687108607866514,995,2531,697,1105.57,2457.23,2607,false
2021-07-23,2021,7,23,4,3,0,0,0,182,5.2094861528414205,801,1931,2175,855.71,2401,1134,false
2021-07-24,2021,7,24,5,3,1,0,0,1075,6.98100574072173,182,1272,1209,827.57,2386.17,2713,false
2021-07-25,2021,7,25,6,3,1,0,0,339,5.828945617610207,1075,1271,2985,694.43,1285.97,5015,false
2021-07-26,2021,7,26,0,3,0,0,0,1015,6.923628628138427,339,677,20186,742.71,1300.13,3687,false
2021-07-27,2021,7,27,1,3,0,0,0,996,6.904750769961838,1015,792,1167,771.86,1301.47,2312,false
2021-07-28,2021,7,28,2,3,0,0,0,45646,10.728693166448515,996,995,1899,7150.57,2758.73,73812,false
2021-07-29,2021,7,29,3,3,0,0,0,268,5.594711379601839,45646,801,1548,7074.43,2724.63,3824,false
2021-07-30,2021,7,30,4,3,0,0,0,919,6.8243736700430855,268,182,580,7179.71,2660.3,10527,false
2021-07-31,2021,7,31,5,3,1,0,1,649,6.476972362889683,919,1075,1864,7118.86,2681.93,3281,false
2021-08-01,2021,8,1,6,3,1,1,0,0,0,649,339,995,7070.43,2624.3,0,true
2021-08-02,2021,8,2,0,3,0,0,0,1467,7.291656209174461,0,1015,387,7135,2654.07,5769,false
2021-08-03,2021,8,3,1,3,0,0,0,1942,7.571988449377439,1467,996,1150,7270.14,2673.7,8283,false
2021-08-04,2021,8,4,2,3,0,0,0,1301,7.171656822768514,1942,45646,1618,935.14,2673.3,8097,false
2021-08-05,2021,8,5,3,3,0,0,0,338,5.82600010738045,1301,268,1412,945.14,2644.9,6013,false
2021-08-06,2021,8,6,4,3,0,0,0,2526,7.834788107388194,338,919,862,1174.71,2710.6,9937,false
2021-08-07,2021,8,7,5,3,1,0,0,2104,7.652070746116482,2526,649,2476,1382.57,2752.4,11360,false
2021-08-08,2021,8,8,6,3,1,0,0,1409,7.2513449833722134,2104,0,1706,1583.86,2719.27,4977,false
2021-08-09,2021,8,9,0,3,0,0,0,0,0,1409,1467,182,1374.29,2678.67,1530,false
2021-08-10,2021,8,10,1,3,0,0,0,733,6.598509028614515,0,1942,863,1201.57,2655.73,14739,false
2021-08-11,2021,8,11,2,3,0,0,0,4973,8.51197962436335,733,1301,3293,1726.14,2736.97,9154,false
2021-08-12,2021,8,12,3,3,0,0,0,2727,7.911324018963352,4973,338,1882,2067.43,2750.43,4000,false
2021-08-13,2021,8,13,4,3,0,0,0,3093,8.03722003113301,2727,2526,2806,2148.43,2799.07,8589,false
2021-08-14,2021,8,14,5,3,1,0,0,2147,7.672292455628755,3093,2104,1624,2154.57,2786.27,6407,false
2021-08-15,2021,8,15,6,3,1,0,0,630,6.447305862541213,2147,1409,2265,2043.29,2742.9,5170,false
2021-08-16,2021,8,16,0,3,0,0,0,0,0,630,0,2041,2043.29,2700.5,3523,false
2021-08-17,2021,8,17,1,3,0,0,0,509,6.234410725718371,0,733,1276,2011.29,2675.1,3491,false
2021-08-18,2021,8,18,2,3,0,0,0,100,4.61512051684126,509,4973,2394,1315.14,2655.87,4877,false
2021-08-19,2021,8,19,3,3,0,0,0,1645,7.406103381237015,100,2727,4113,1160.57,2684.3,6296,false
2021-08-20,2021,8,20,4,3,0,0,0,886,6.787844982309579,1645,3093,974,845.29,2680.67,6562,false
2021-08-21,2021,8,21,5,3,1,0,0,67,4.219507705176107,886,2147,1203,548.14,2656.2,3937,false
2021-08-22,2021,8,22,6,3,1,0,0,1117,7.0192966537150445,67,630,1102,617.71,2687.37,4560,false
2021-08-23,2021,8,23,0,3,0,0,0,845,6.740519359606223,1117,0,561,738.43,2679.7,3620,false
2021-08-24,2021,8,24,1,3,0,0,0,1313,7.1808311990445555,845,509,1815,853.29,2712.17,4523,false
2021-08-25,2021,8,25,2,3,0,0,0,1542,7.341483852363161,1313,100,25998,1059.29,2729.73,24164,false
2021-08-26,2021,8,26,3,3,0,0,0,36034,10.49224596735854,1542,1645,616,5972,3897.67,52878,false
2021-08-27,2021,8,27,4,3,0,0,0,1172,7.067319848653475,36034,886,1044,6012.86,2415.2,3770,false
2021-08-28,2021,8,28,5,3,1,0,0,569,6.345636360828595,1172,67,2383,6084.57,2425.23,5616,false
2021-08-29,2021,8,29,6,3,1,0,0,2405,7.785720896534624,569,1117,676,6268.57,2474.77,5182,false
2021-08-30,2021,8,30,0,3,0,0,0,1919,7.560080465021827,2405,845,755,6422,2517.1,6549,false
2021-08-31,2021,8,31,1,3,0,0,1,2209,7.700747794511798,1919,1313,10,6550,2590.73,6992,false
2021-09-01,2021,9,1,2,3,0,1,0,0,0,2209,1542,0,6329.71,2541.83,0,true
2021-09-02,2021,9,2,3,3,0,0,0,0,0,0,36034,302,1182,2477.1,3648,false
2021-09-03,2021,9,3,4,3,0,0,0,3538,8.171599480345463,0,1172,811,1520,2551.67,19325,false
2021-09-04,2021,9,4,5,3,1,0,0,850,6.746412128573374,3538,569,551,1560.14,2568.73,7223,false
2021-09-05,2021,9,5,6,3,1,0,0,1802,7.497207223203317,850,2405,1045,1474,2544.6,5527,false
2021-09-06,2021,9,6,0,3,0,0,0,2319,7.749322464660356,1802,1919,1502,1531.14,2551.77,7235,false
2021-09-07,2021,9,7,1,3,0,0,0,1596,7.3758821482150125,2319,2209,3479,1443.57,2558,6761,false
2021-09-08,2021,9,8,2,3,0,0,0,2702,7.902117546276448,1596,0,1124,1829.57,2648.07,11226,false
2021-09-09,2021,9,9,3,3,0,0,0,843,6.7381524945959566,2702,0,1664,1950,2651.73,3806,false
2021-09-10,2021,9,10,4,3,0,0,0,3058,8.025843344150903,843,3538,1899,1881.43,2587.9,5046,false
2021-09-11,2021,9,11,5,3,1,0,0,2620,7.8713112033234065,3058,850,1162,2134.29,2584.33,10868,false
2021-09-12,2021,9,12,6,3,1,0,0,734,6.5998704992128365,2620,1802,743,1981.71,2505.7,5593,false
2021-09-13,2021,9,13,0,3,0,0,0,938,6.844815479208263,734,2319,2587,1784.43,2465.4,3925,false
2021-09-14,2021,9,14,1,3,0,0,0,1640,7.40306109109009,938,1596,2176,1790.71,2499.07,5526,false
2021-09-15,2021,9,15,2,3,0,0,0,972,6.880384082186005,1640,2702,1357,1543.57,2531.47,6145,false
2021-09-16,2021,9,16,3,3,0,0,0,2186,7.690286020676767,972,843,271,1735.43,2587.37,8362,false
2021-09-17,2021,9,17,4,3,0,0,0,535,6.284134161070802,2186,3058,532,1375,2601.87,4715,false
2021-09-18,2021,9,18,5,3,1,0,0,885,6.786716950605081,535,2620,484,1127.14,2576.53,5353,false
2021-09-19,2021,9,19,6,3,1,0,0,2534,7.837948916025283,885,734,0,1384.29,2631.47,5648,false
2021-09-20,2021,9,20,0,3,0,0,0,1345,7.204892510204673,2534,938,834,1442.43,2674.07,4327,false
2021-09-21,2021,9,21,1,3,0,0,0,844,6.739336627357174,1345,1640,871,1328.71,2664.97,5042,false
2021-09-22,2021,9,22,2,3,0,0,0,812,6.70073110954781,844,972,552,1305.86,2663.87,4581,false
2021-09-23,2021,9,23,3,3,0,0,0,1055,6.962243464266207,812,2186,2278,1144.29,2655.27,4864,false
2021-09-24,2021,9,24,4,3,0,0,0,563,6.335054251498058,1055,535,1752,1148.29,2622.63,5884,false
2021-09-25,2021,9,25,5,3,1,0,0,1306,7.175489713624222,563,885,1637,1208.43,1465.03,7229,false
2021-09-26,2021,9,26,6,3,1,0,0,1954,7.5781454724194655,1306,2534,17392,1125.57,1491.1,4594,false
2021-09-27,2021,9,27,0,3,0,0,0,16565,9.715107681158209,1954,1345,1944,3299.86,2024.3,33322,false
2021-09-28,2021,9,28,1,3,0,0,0,2013,7.607878073278507,16565,844,202,3466.86,2011.23,7356,false
2021-09-29,2021,9,29,2,3,0,0,0,2031,7.616775808698372,2013,812,1582,3641,2014.97,5716,false
2021-09-30,2021,9,30,3,3,0,0,1,2426,7.794411205726601,2031,1055,1471,3836.86,2022.2,7724,false
2021-10-01,2021,10,1,4,4,0,1,0,0,0,2426,563,2554,3756.43,2022.2,0,true
2021-10-02,2021,10,2,5,4,1,0,0,330,5.802118375377063,0,1306,302,3617,2033.2,3601,false
2021-10-03,2021,10,3,6,4,1,0,0,1708,7.443663683115591,330,1954,1193,3581.86,1972.2,7334,false
2021-10-04,2021,10,4,0,4,0,0,0,2859,7.958576903813898,1708,16565,856,1623.86,2039.17,7672,false
2021-10-05,2021,10,5,1,4,0,0,0,2862,7.959625305098115,2859,2013,1097,1745.14,2074.5,7075,false
2021-10-06,2021,10,6,2,4,0,0,0,3559,8.177515823846075,2862,2031,1441,1963.43,2115.83,16393,false
2021-10-07,2021,10,7,3,4,0,0,0,1469,7.293017679772782,3559,2426,2190,1826.71,2111.6,5801,false
2021-10-08,2021,10,8,4,4,0,0,0,1159,7.05617528410041,1469,0,1596,1992.29,2060.17,6285,false
2021-10-09,2021,10,9,5,4,1,0,0,1591,7.3727463664043285,1159,330,1577,2172.43,2085.1,3748,false
2021-10-10,2021,10,10,6,4,1,0,0,614,6.421622267806518,1591,1708,261,2016.14,2003.63,1602,false
2021-10-11,2021,10,11,0,4,0,0,0,2215,7.703459047867174,614,2859,564,1924.14,1990.13,6095,false
2021-10-12,2021,10,12,1,4,0,0,0,1612,7.385851078125208,2215,2862,536,1745.57,2019.4,8782,false
2021-10-13,2021,10,13,2,4,0,0,0,823,6.714170529909471,1612,3559,1122,1354.71,2015.57,2742,false
2021-10-14,2021,10,14,3,4,0,0,0,896,6.799055862058796,823,1469,1708,1272.86,1990.77,5399,false
2021-10-15,2021,10,15,4,4,0,0,0,3333,8.111928063310739,896,1159,194,1583.43,2069.47,8752,false
2021-10-16,2021,10,16,5,4,1,0,0,1742,7.463363045520021,3333,1591,1037,1605,2054.67,7215,false
2021-10-17,2021,10,17,6,4,1,0,0,2034,7.618251097876695,1742,614,930,1807.86,2104.63,5586,false
2021-10-18,2021,10,18,0,4,0,0,0,2283,7.7336835707759,2034,2215,2061,1817.57,2151.23,5628,false
2021-10-19,2021,10,19,1,4,0,0,0,580,6.364750756851911,2283,1612,844,1670.14,2086.1,9248,false
2021-10-20,2021,10,20,2,4,0,0,0,938,6.844815479208263,580,823,339,1686.57,2072.53,1832,false
2021-10-21,2021,10,21,3,4,0,0,0,445,6.100318952020064,938,896,774,1622.14,2059.23,3910,false
2021-10-22,2021,10,22,4,4,0,0,0,863,6.761572768804055,445,3333,100,1269.29,2060.93,8253,false
2021-10-23,2021,10,23,5,4,1,0,0,1141,7.040536390215955,863,1742,139,1183.43,2063.8,4812,false
2021-10-24,2021,10,24,6,4,1,0,0,783,6.664409020350408,1141,2034,186,1004.71,2071.13,3682,false
2021-10-25,2021,10,25,0,4,0,0,0,821,6.71174039505618,783,2283,149,795.86,2054.97,4867,false
2021-10-26,2021,10,26,1,4,0,0,0,486,6.18826412308259,821,580,0,782.43,2006.03,4495,false
2021-10-27,2021,10,27,2,4,0,0,0,1858,7.527793987721444,486,938,0,913.86,1515.8,5275,false
2021-10-28,2021,10,28,3,4,0,0,0,16425,9.706620724300137,1858,445,0,3196.71,1996.2,27208,false
2021-10-29,2021,10,29,4,4,0,0,0,869,6.768493211648629,16425,863,393,3197.57,1957.47,6594,false
2021-10-30,2021,10,30,5,4,1,0,0,377,5.934894195619588,869,1141,11986,3088.43,1889.17,10112,false
2021-10-31,2021,10,31,6,4,1,0,1,629,6.4457198193855785,377,783,0,3066.43,1910.13,3656,false
2021-11-01,2021,11,1,0,4,0,1,0,0,0,629,821,0,2949.14,1899.13,0,true
2021-11-02,2021,11,2,1,4,0,0,0,966,6.874198495453294,0,486,0,3017.71,1874.4,12081,false
2021-11-03,2021,11,3,2,4,0,0,0,2302,7.741967899820685,966,1858,800,3081.14,1855.83,6887,false
2021-11-04,2021,11,4,3,4,0,0,0,3627,8.196436811235026,2302,16425,342,1252.86,1881.33,11299,false
2021-11-05,2021,11,5,4,4,0,0,0,1161,7.057897937411856,3627,869,3776,1294.57,1801.4,6498,false
2021-11-06,2021,11,6,5,4,1,0,0,889,6.7912214627261855,1161,377,1899,1367.71,1782.07,5721,false
2021-11-07,2021,11,7,6,4,1,0,0,842,6.736966958001855,889,629,1350,1398.14,1771.5,5289,false
2021-11-08,2021,11,8,0,4,0,0,0,4622,8.438799123988225,842,0,193,2058.43,1872.53,14378,false
2021-11-09,2021,11,9,1,4,0,0,0,1083,6.988413181999591,4622,966,184,2075.14,1888.17,3813,false
2021-11-10,2021,11,10,2,4,0,0,0,68,4.23410650459726,1083,2302,2178,1756,1816.6,1106,false
2021-11-11,2021,11,11,3,4,0,0,0,1963,7.582738488914411,68,3627,1895,1518.29,1828.3,6973,false
2021-11-12,2021,11,12,4,4,0,0,0,1373,7.2254814727822945,1963,1161,0,1548.57,1846.63,3377,false
2021-11-13,2021,11,13,5,4,1,0,0,1471,7.294377299288821,1373,889,586,1631.71,1865.8,5187,false
2021-11-14,2021,11,14,6,4,1,0,0,1769,7.478734825567875,1471,842,2316,1764.14,1813.67,4901,false
2021-11-15,2021,11,15,0,4,0,0,0,988,6.896694331622712,1769,4622,2308,1245,1788.53,4718,false
2021-11-16,2021,11,16,1,4,0,0,0,1603,7.380255788426459,988,1083,2498,1319.29,1774.17,5005,false
2021-11-17,2021,11,17,2,4,0,0,0,1915,7.557994958530806,1603,68,2333,1583.14,1761.9,5671,false
2021-11-18,2021,11,18,3,4,0,0,0,1904,7.552237287560801,1915,1963,4206,1574.71,1806.03,5499,false
2021-11-19,2021,11,19,4,4,0,0,0,1459,7.286191714702382,1904,1373,1306,1587,1823.4,4399,false
2021-11-20,2021,11,20,5,4,1,0,0,1750,7.467942332285851,1459,1471,2089,1626.86,1866.9,6587,false
2021-11-21,2021,11,21,6,4,1,0,0,889,6.7912214627261855,1750,1769,1417,1501.14,1867.77,3072,false
2021-11-22,2021,11,22,0,4,0,0,0,396,5.98393628068719,889,988,2234,1416.57,1842.93,2189,false
2021-11-23,2021,11,23,1,4,0,0,0,1790,7.490529402060711,396,1603,3270,1443.29,1876.5,6709,false
2021-11-24,2021,11,24,2,4,0,0,0,1681,7.427738840532893,1790,1915,1052,1409.86,1905.17,5877,false
2021-11-25,2021,11,25,3,4,0,0,0,2079,7.640123172695364,1681,1904,1051,1434.86,1958.27,13200,false
2021-11-26,2021,11,26,4,4,0,0,0,1675,7.424165281042028,2079,1459,4255,1465.71,1952.17,6441,false
2021-11-27,2021,11,27,5,4,1,0,0,1333,7.195937226475569,1675,1750,1428,1406.14,1449.1,2900,false
2021-11-28,2021,11,28,6,4,1,0,0,77,4.356708826689592,1333,889,1324,1290.14,1422.7,2215,false
2021-11-29,2021,11,29,0,4,0,0,0,1576,7.3632795869630385,77,396,1383,1458.71,1462.67,6815,false
2021-11-30,2021,11,30,1,4,0,0,1,2261,7.724004656676065,1576,1790,899,1526,1517.07,11639,false
2021-12-01,2021,12,1,2,4,0,1,0,0,0,2261,1681,1132,1285.86,1517.07,0,true
2021-12-02,2021,12,2,3,4,0,0,0,1020,6.928537818164665,0,2079,572,1134.57,1518.87,4563,false
2021-12-03,2021,12,3,4,4,0,0,0,290,5.673323267171492,1020,1675,1465,936.71,1451.8,3907,false
2021-12-04,2021,12,4,5,4,1,0,0,3929,8.276394704863307,290,1333,2812,1307.57,1461.87,13971,false
2021-12-05,2021,12,5,6,4,1,0,0,1392,7.239214973779806,3929,77,1825,1495.43,1469.57,7193,false
2021-12-06,2021,12,6,0,4,0,0,0,2032,7.617267813628346,1392,1576,1592,1560.57,1507.67,8562,false
2021-12-07,2021,12,7,1,4,0,0,0,2613,7.868636894184167,2032,2261,913,1610.86,1566.7,7065,false
2021-12-08,2021,12,8,2,4,0,0,0,1867,7.532623618788787,2613,0,1727,1877.57,1474.87,6258,false
2021-12-09,2021,12,9,3,4,0,0,0,464,6.142037405587356,1867,1020,1448,1798.14,1454.23,3215,false
2021-12-10,2021,12,10,4,4,0,0,0,420,6.042632833682381,464,290,2022,1816.71,1465.97,1612,false
2021-12-11,2021,12,11,5,4,1,0,0,1719,7.450079569807499,420,3929,1838,1501,1457.83,5061,false
2021-12-12,2021,12,12,6,4,1,0,0,2361,7.767263996757308,1719,1392,772,1639.43,1490.77,6837,false
2021-12-13,2021,12,13,0,4,0,0,0,3823,8.24905227417129,2361,2032,1300,1895.29,1569.17,8768,false
2021-12-14,2021,12,14,1,4,0,0,0,0,0,3823,2613,624,1522,1510.2,1244,false
2021-12-15,2021,12,15,2,4,0,0,0,1984,7.59337419312129,0,1867,4355,1538.71,1543.4,5112,false
2021-12-16,2021,12,16,3,4,0,0,0,580,6.364750756851911,1984,464,1318,1555.29,1509.3,1386,false
2021-12-17,2021,12,17,4,4,0,0,0,474,6.163314804034641,580,420,734,1563,1461.27,1720,false
2021-12-18,2021,12,18,5,4,1,0,0,174,5.164785973923514,474,1719,727,1342.29,1403.6,6084,false
2021-12-19,2021,12,19,6,4,1,0,0,2148,7.67275789664251,174,2361,467,1311.86,1426.57,8651,false
2021-12-20,2021,12,20,0,4,0,0,0,445,6.100318952020064,2148,3823,1938,829.29,1383.07,11038,false
2021-12-21,2021,12,21,1,4,0,0,0,850,6.746412128573374,445,0,995,950.71,1381.77,11927,false
2021-12-22,2021,12,22,2,4,0,0,0,2221,7.706162970199575,850,1984,1116,984.57,1442.6,11615,false
2021-12-23,2021,12,23,3,4,0,0,0,2870,7.9624156801210635,2221,580,1751,1311.71,1478.6,6676,false
2021-12-24,2021,12,24,4,4,0,0,0,494,6.20455776256869,2870,474,273,1314.57,1439.03,5988,false
2021-12-25,2021,12,25,5,4,1,0,0,0,0,494,174,282,1289.71,1369.73,760,false
2021-12-26,2021,12,26,6,4,1,0,0,889,6.7912214627261855,0,2148,1661,1109.86,1343.53,4046,false
2021-12-27,2021,12,27,0,4,0,0,0,1005,6.913737350659685,889,445,1017,1189.86,1332.6,4042,false
2021-12-28,2021,12,28,1,4,0,0,0,308,5.733341276897745,1005,850,1905,1112.43,1340.3,5136,false
2021-12-29,2021,12,29,2,4,0,0,0,2052,7.627057417018933,308,2221,1362,1088.29,1356.17,6569,false
2021-12-30,2021,12,30,3,4,0,0,0,1114,7.0166096838942185,2052,2870,2028,837.43,1317.93,8996,false
2021-12-31,2021,12,31,4,4,0,0,1,15968,9.678404621840867,1114,494,25338,3048,1850.2,29486,false
2022-01-01,2022,1,1,5,1,1,1,0,445,6.100318952020064,15968,0,0,3111.57,1831.03,1313,false
2022-01-02,2022,1,2,6,1,1,0,0,996,6.904750769961838,445,889,990,3126.86,1854.57,4015,false
2022-01-03,2022,1,3,0,1,0,0,0,2129,7.6638772587034705,996,1005,1350,3287.43,1794.57,7064,false
2022-01-04,2022,1,4,1,1,0,0,0,1541,7.340835554123275,2129,308,2226,3463.57,1799.53,6258,false
2022-01-05,2022,1,5,2,1,0,0,0,1035,6.943122422819428,1541,2052,3491,3318.29,1766.3,14963,false
2022-01-06,2022,1,6,3,1,0,0,0,1663,7.416979621381154,1035,1114,3993,3396.71,1734.63,6507,false
2022-01-07,2022,1,7,4,1,0,0,0,1440,7.273092595999522,1663,15968,2264,1321.29,1720.4,4619,false
2022-01-08,2022,1,8,5,1,1,0,0,746,6.616065185132817,1440,445,2555,1364.29,1729.8,4980,false
2022-01-09,2022,1,9,6,1,1,0,0,1204,7.094234845924755,746,996,1491,1394,1755.93,6274,false
2022-01-10,2022,1,10,0,1,0,0,0,2661,7.8868329989550565,1204,2129,3137,1470,1787.33,6855,false
2022-01-11,2022,1,11,1,1,0,0,0,656,6.48768401848461,2661,1541,1151,1343.57,1730.5,2884,false
2022-01-12,2022,1,12,2,1,0,0,0,1140,7.039660349862076,656,1035,3589,1358.57,1641.07,4435,false
2022-01-13,2022,1,13,3,1,0,0,0,2313,7.746732907753621,1140,1663,1480,1451.43,1718.17,7560,false
2022-01-14,2022,1,14,4,1,0,0,0,637,6.45833828334479,2313,1440,1164,1336.71,1673.27,4289,false
2022-01-15,2022,1,15,5,1,1,0,0,435,6.077642243349034,637,746,3403,1292.29,1668.43,4387,false
2022-01-16,2022,1,16,6,1,1,0,0,107,4.68213122712422,435,1204,1089,1135.57,1656.2,3102,false
2022-01-17,2022,1,17,0,1,0,0,0,505,6.226536669287466,107,2661,1597,827.57,1667.23,5510,false
2022-01-18,2022,1,18,1,1,0,0,0,138,4.9344739331306915,505,656,3148,753.57,1600.23,3722,false
2022-01-19,2022,1,19,2,1,0,0,0,1270,7.147559271189454,138,1140,968,772.14,1627.73,4928,false
2022-01-20,2022,1,20,3,1,0,0,0,2090,7.645397699428633,1270,2313,459,740.29,1669.07,8682,false
2022-01-21,2022,1,21,4,1,0,0,0,2930,7.983098940710892,2090,637,1766,1067.86,1692.7,9217,false
2022-01-22,2022,1,22,5,1,1,0,0,1642,7.404279118037268,2930,435,1760,1240.29,1651.77,5544,false
2022-01-23,2022,1,23,6,1,1,0,0,222,5.407171771460119,1642,107,1226,1256.71,1642.7,3960,false
2022-01-24,2022,1,24,0,1,0,0,0,2517,7.831220214604293,222,505,1531,1544.14,1726.6,9565,false
2022-01-25,2022,1,25,1,1,0,0,0,822,6.71295620067707,2517,138,289,1641.86,1724.37,3883,false
2022-01-26,2022,1,26,2,1,0,0,0,1079,6.984716320118265,822,1270,2329,1614.57,1726.83,4616,false
2022-01-27,2022,1,27,3,1,0,0,0,1730,7.456454555176209,1079,2090,22551,1563.14,1774.23,23341,false
2022-01-28,2022,1,28,4,1,0,0,0,1790,7.490529402060711,1730,2930,667,1400.29,1765.5,5411,false
2022-01-29,2022,1,29,5,1,1,0,0,1628,7.395721608602045,1790,1642,212,1398.29,1782.63,6216,false
2022-01-30,2022,1,30,6,1,1,0,0,3947,8.280964400553373,1628,222,1174,1930.43,1381.93,9585,false
2022-01-31,2022,1,31,0,1,0,0,1,4219,8.347590407030058,3947,2517,0,2173.57,1507.73,10136,false
2022-02-01,2022,2,1,1,1,0,1,0,387,5.961005339623274,4219,822,0,2111.43,1487.43,2099,false
2022-02-02,2022,2,2,2,1,0,0,0,44383,10.700634323114558,387,1079,1643,8297.71,2895.9,70930,false
2022-02-03,2022,2,3,3,1,0,0,0,658,6.490723534502507,44383,1730,2209,8144.57,2866.47,6221,false
2022-02-04,2022,2,4,4,1,0,0,0,2429,7.795646536334594,658,1790,1536,8235.86,2912.93,7248,false
2022-02-05,2022,2,5,5,1,1,0,0,833,6.726233402358747,2429,1628,1011,8122.29,2885.27,7026,false
2022-02-06,2022,2,6,6,1,1,0,0,1429,7.265429723253953,833,3947,503,7762.57,2884.9,7015,false
2022-02-07,2022,2,7,0,1,0,0,0,484,6.184148890937483,1429,4219,2788,7229,2876.17,4423,false
2022-02-08,2022,2,8,1,1,0,0,0,1823,7.508787170634276,484,387,338,7434.14,2896.8,10902,false
2022-02-09,2022,2,9,2,1,0,0,0,458,6.129050210060545,1823,44383,1461,1159.14,2823.37,1433,false
2022-02-10,2022,2,10,3,1,0,0,0,1054,6.961296045910166,458,658,1362,1215.71,2836.63,5051,false
2022-02-11,2022,2,11,4,1,0,0,0,717,6.576469569048224,1054,2429,1441,971.14,2822.53,3336,false
2022-02-12,2022,2,12,5,1,1,0,0,1470,7.293697720601437,717,833,4653,1062.14,2794.43,14891,false
2022-02-13,2022,2,13,6,1,1,0,0,0,0,1470,1429,1537,858,2773.2,2677,false
2022-02-14,2022,2,14,0,1,0,0,0,842,6.736966958001855,0,484,2150,909.14,2786.77,4342,false
2022-02-15,2022,2,15,1,1,0,0,0,1222,7.109062135687172,842,1823,5999,823.29,2823.93,4971,false
2022-02-16,2022,2,16,2,1,0,0,0,4051,8.306965865368573,1222,458,2115,1336.57,2942.13,7649,false
2022-02-17,2022,2,17,3,1,0,0,0,398,5.988961416889863,4051,1054,1406,1242.86,2950.8,4119,false
2022-02-18,2022,2,18,4,1,0,0,0,2004,7.603399339740669,398,717,634,1426.71,2975.27,6143,false
2022-02-19,2022,2,19,5,1,1,0,0,1017,6.925595197110468,2004,1470,480,1362,2939.5,5679,false
2022-02-20,2022,2,20,6,1,1,0,0,1412,7.253470382684527,1017,0,0,1563.71,2888.9,4871,false
2022-02-21,2022,2,21,0,1,0,0,0,1718,7.449498005382849,1412,842,561,1688.86,2891.43,5694,false
2022-02-22,2022,2,22,1,1,0,0,0,676,6.517671272912275,1718,1222,155,1610.86,2906.57,5982,false
2022-02-23,2022,2,23,2,1,0,0,0,378,5.937536205082426,676,4051,0,1086.14,2835.27,5299,false
2022-02-24,2022,2,24,3,1,0,0,0,1312,7.180069874302796,378,398,100,1216.71,2851.6,5868,false
2022-02-25,2022,2,25,4,1,0,0,0,1555,7.349873704738337,1312,2004,332,1152.57,2867.47,12883,false
2022-02-26,2022,2,26,5,1,1,0,0,1624,7.393263094763838,1555,1017,25189,1239.29,2863.93,10470,false
2022-02-27,2022,2,27,6,1,1,0,0,1509,7.31986492980897,1624,1412,1755,1253.14,2854.57,5377,false
2022-02-28,2022,2,28,0,1,0,0,1,14492,9.581421053222517,1509,1718,900,3078,3283.37,29282,false
2022-03-01,2022,3,1,1,1,0,1,0,1146,7.04490511712937,14492,676,0,3145.14,3190,6105,false
2022-03-02,2022,3,2,2,1,0,0,0,3909,8.271292652979412,1146,378,1498,3649.57,3179.67,13786,false
2022-03-03,2022,3,3,3,1,0,0,0,4015,8.298041661371565,3909,1312,873,4035.71,3300.6,7554,false
2022-03-04,2022,3,4,4,1,0,0,0,2003,7.602900462204755,4015,1555,706,4099.71,1887.93,4450,false
2022-03-05,2022,3,5,5,1,1,0,0,1251,7.132497551660044,2003,1624,396,4046.43,1907.7,7437,false
2022-03-06,2022,3,6,6,1,1,0,0,1161,7.057897937411856,1251,1509,193,3996.71,1865.43,5815,false
2022-03-07,2022,3,7,0,1,0,0,0,1066,6.9726062513017535,1161,14492,697,2078.71,1873.2,4549,false
2022-03-08,2022,3,8,1,1,0,0,0,1742,7.463363045520021,1066,1146,783,2163.86,1883.63,6163,false
2022-03-09,2022,3,9,2,1,0,0,0,145,4.983606621708336,1742,3909,1103,1626.14,1872.33,2247,false
2022-03-10,2022,3,10,3,1,0,0,0,80,4.394449154672438,145,4015,1574,1064,1814.23,4012,false
2022-03-11,2022,3,11,4,1,0,0,0,2110,7.65491704784832,80,2003,387,1079.29,1869.3,9288,false
2022-03-12,2022,3,12,5,1,1,0,0,2159,7.67786350067821,2110,1251,370,1209,1906.13,6205,false
2022-03-13,2022,3,13,6,1,1,0,0,1153,7.050989447068044,2159,1161,2177,1207.86,1920.67,4379,false
2022-03-14,2022,3,14,0,1,0,0,0,1856,7.526717561352705,1153,1066,877,1320.71,1933.53,4821,false
2022-03-15,2022,3,15,1,1,0,0,0,822,6.71295620067707,1856,1742,1441,1189.29,1960.93,6951,false
2022-03-16,2022,3,16,2,1,0,0,0,1042,6.949856455000773,822,145,3098,1317.43,1967.6,6644,false
2022-03-17,2022,3,17,3,1,0,0,0,678,6.520621127558696,1042,80,4313,1402.86,1949.47,5262,false
2022-03-18,2022,3,18,4,1,0,0,0,1270,7.147559271189454,678,2110,842,1282.86,1856.77,3820,false
2022-03-19,2022,3,19,5,1,1,0,0,1664,7.4175804024145435,1270,2159,1430,1212.14,1898.97,16846,false
2022-03-20,2022,3,20,6,1,1,0,0,871,6.77078942390898,1664,1153,2443,1171.86,1861.2,4212,false
2022-03-21,2022,3,21,0,1,0,0,0,1103,7.00669522683704,871,1856,1975,1064.29,1864.07,4733,false
2022-03-22,2022,3,22,1,1,0,0,0,686,6.532334292222349,1103,822,4503,1044.86,1839.87,4739,false
2022-03-23,2022,3,23,2,1,0,0,0,320,5.771441123130016,686,1042,876,941.71,1793.27,6116,false
2022-03-24,2022,3,24,3,1,0,0,0,3326,8.109826276018476,320,678,4046,1320,1881.6,7584,false
2022-03-25,2022,3,25,4,1,0,0,0,1270,7.147559271189454,3326,1270,1209,1320,1911.33,4958,false
2022-03-26,2022,3,26,5,1,1,0,0,2913,7.97728198675515,1270,1664,34843,1498.43,1964.7,9309,false
2022-03-27,2022,3,27,6,1,1,0,0,4046,8.305731144875866,2913,871,2618,1952,2047.73,10471,false
2022-03-28,2022,3,28,0,1,0,0,0,2787,7.933079771880414,4046,1103,1605,2192.57,2086.5,10416,false
2022-03-29,2022,3,29,1,1,0,0,0,7617,8.938269147038548,2787,686,1692,3182.71,2290.1,14700,false
2022-03-30,2022,3,30,2,1,0,0,0,30641,10.330126895875699,7617,320,464,7514.29,2828.4,52991,false
2022-03-31,2022,3,31,3,1,0,0,1,1992,7.597396320212795,30641,3326,1616,7323.71,2856.6,6031,false
2022-04-01,2022,4,1,4,2,0,1,0,1287,7.160845906664298,1992,1270,0,7326.14,2769.2,6507,false
2022-04-02,2022,4,2,5,2,1,0,0,1466,7.2909747781429814,1287,2913,2461,7119.43,2684.23,10300,false
2022-04-03,2022,4,3,6,2,1,0,0,959,6.866933284461882,1466,4046,848,6678.43,2649.43,5779,false
2022-04-04,2022,4,4,0,2,0,0,0,1181,7.074963197966043,959,2787,755,6449,2647.1,7272,false
2022-04-05,2022,4,5,1,2,0,0,0,726,6.588926477533519,1181,7617,2738,5464.57,2632.6,8687,false
2022-04-06,2022,4,6,2,2,0,0,0,744,6.61338421837956,726,30641,3106,1193.57,2621.87,4690,false
2022-04-07,2022,4,7,3,2,0,0,0,1548,7.3453648404168685,744,1992,1163,1130.14,2615.4,5873,false
2022-04-08,2022,4,8,4,2,0,0,0,3395,8.130353547431238,1548,1287,319,1431.29,2723.73,9200,false
2022-04-09,2022,4,9,5,2,1,0,0,367,5.90808293816893,3395,1466,1977,1274.29,2733.3,5804,false
2022-04-10,2022,4,10,6,2,1,0,0,552,6.315358001522335,367,959,1450,1216.14,2681.37,3484,false
2022-04-11,2022,4,11,0,2,0,0,0,1250,7.131698510466911,552,1181,2778,1226,2651.07,6984,false
2022-04-12,2022,4,12,1,2,0,0,0,530,6.274762021241939,1250,726,580,1198,2630.3,7585,false
2022-04-13,2022,4,13,2,2,0,0,0,243,5.497168225293201,530,744,1673,1126.43,2576.53,4856,false
2022-04-14,2022,4,14,3,2,0,0,0,185,5.225746673713201,243,1548,4320,931.71,2555.3,11374,false
2022-04-15,2022,4,15,4,2,0,0,0,145,4.983606621708336,185,3395,2698,467.43,2525.4,1345,false
2022-04-16,2022,4,16,5,2,1,0,0,194,5.272999558563747,145,367,3140,442.71,2509.27,4583,false
2022-04-17,2022,4,17,6,2,1,0,0,998,6.906754778648553,194,552,2951,506.43,2500.2,5817,false
2022-04-18,2022,4,18,0,2,0,0,0,1488,7.305860032684008,998,1250,0,540.43,2494.33,20044,false
2022-04-19,2022,4,19,1,2,0,0,0,1024,6.932447891572508,1488,530,0,611,2499.43,7261,false
2022-04-20,2022,4,20,2,2,0,0,0,667,6.504288173536645,1024,243,0,671.57,2484.9,4107,false
2022-04-21,2022,4,21,3,2,0,0,0,1084,6.989335265974559,667,185,0,800,2498.17,4209,false
2022-04-22,2022,4,22,4,2,0,0,0,3445,8.144969417087875,1084,145,1472,1271.43,2602.33,8868,false
2022-04-23,2022,4,23,5,2,1,0,0,2005,7.60389796852188,3445,194,1617,1530.14,2558.3,6943,false
2022-04-24,2022,4,24,6,2,1,0,0,2273,7.729295674310481,2005,998,2041,1712.29,2591.73,6888,false
2022-04-25,2022,4,25,0,2,0,0,0,1545,7.343426229147367,2273,1488,2417,1720.43,2546.13,12766,false
2022-04-26,2022,4,26,1,2,0,0,0,2255,7.721348612617949,1545,1024,47281,1896.29,2486.43,6876,false
2022-04-27,2022,4,27,2,2,0,0,0,32903,10.40134950991026,2255,667,1451,6501.43,3490.3,51788,false
2022-04-28,2022,4,28,3,2,0,0,0,4059,8.308938252595778,32903,1084,490,6926.43,3371.7,10519,false
2022-04-29,2022,4,29,4,2,0,0,0,2238,7.713784616598755,4059,3445,1878,6754,2424.93,6429,false
2022-04-30,2022,4,30,5,2,1,0,1,1034,6.942156705699469,2238,2005,1910,6615.29,2393,7434,false
2022-05-01,2022,5,1,6,2,1,1,0,2770,7.9269635448629785,1034,2273,0,6686.29,2442.43,8154,false
2022-05-02,2022,5,2,0,2,0,0,0,1326,7.190676034332207,2770,1545,617,6655,2437.77,4664,false
2022-05-03,2022,5,3,1,2,0,0,0,2688,7.896924656268864,1326,2255,559,6716.86,2495.4,8248,false
2022-05-04,2022,5,4,2,2,0,0,0,590,6.381816017406098,2688,32903,2486,2100.71,2475.7,7504,false
2022-05-05,2022,5,5,3,2,0,0,0,870,6.769641976852503,590,4059,3545,1645.14,2480.5,6599,false
2022-05-06,2022,5,6,4,2,0,0,0,1641,7.403670290012373,870,2238,376,1559.86,2510.4,11423,false
2022-05-07,2022,5,7,5,2,1,0,0,1854,7.5256399750415355,1641,1034,1100,1677,2520.6,12661,false
2022-05-08,2022,5,8,6,2,1,0,0,562,6.333279628139691,1854,2770,82,1361.57,2426.17,6450,false
2022-05-09,2022,5,9,0,2,0,0,0,1440,7.273092595999522,562,1326,2188,1377.86,2461.93,6041,false
2022-05-10,2022,5,10,1,2,0,0,0,546,6.304448802421981,1440,2688,3259,1071.86,2461.73,5944,false
2022-05-11,2022,5,11,2,2,0,0,0,4063,8.309922989258318,546,590,2204,1568,2555.5,9049,false
2022-05-12,2022,5,12,3,2,0,0,0,1190,7.0825485693553,4063,870,1075,1613.71,2577.5,8222,false
2022-05-13,2022,5,13,4,2,0,0,0,1443,7.275172319452771,1190,1641,2637,1585.43,2617.5,5149,false
2022-05-14,2022,5,14,5,2,1,0,0,2816,7.943427767876372,1443,1854,2194,1722.86,2705.2,8667,false
2022-05-15,2022,5,15,6,2,1,0,0,1188,7.080867896690782,2816,562,2033,1812.29,2739.97,6323,false
2022-05-16,2022,5,16,0,2,0,0,0,1157,7.05444965813294,1188,1440,2998,1771.86,2772.07,5029,false
2022-05-17,2022,5,17,1,2,0,0,0,640,6.46302945692067,1157,546,1191,1785.29,2760.13,5920,false
2022-05-18,2022,5,18,2,2,0,0,0,1544,7.3427791893318455,640,4063,1498,1425.43,2762,6770,false
2022-05-19,2022,5,19,3,2,0,0,0,1151,7.049254841255836,1544,1190,299,1419.86,2766.23,6039,false
2022-05-20,2022,5,20,4,2,0,0,0,783,6.664409020350408,1151,1443,2304,1325.57,2770.1,5039,false
2022-05-21,2022,5,21,5,2,1,0,0,2239,7.7142311448490855,783,2816,2467,1243.14,2808.6,7608,false
2022-05-22,2022,5,22,6,2,1,0,0,2755,7.921535632133549,2239,1188,0,1467,2785.6,5552,false
2022-05-23,2022,5,23,0,2,0,0,0,2419,7.791522819150732,2755,1157,1886,1647.29,2799.4,10745,false
2022-05-24,2022,5,24,1,2,0,0,0,2369,7.7706452341291765,2419,640,67,1894.29,2802.6,5844,false
2022-05-25,2022,5,25,2,2,0,0,0,2119,7.659171367666058,2369,1544,1266,1976.43,2821.73,7470,false
2022-05-26,2022,5,26,3,2,0,0,0,2221,7.706162970199575,2119,1151,357,2129.29,2820.6,5837,false
2022-05-27,2022,5,27,4,2,0,0,0,1500,7.313886831633462,2221,783,1471,2231.71,1773.83,14549,false
2022-05-28,2022,5,28,5,2,1,0,0,1385,7.234177179749849,1500,2239,28207,2109.71,1684.7,5488,false
2022-05-29,2022,5,29,6,2,1,0,0,43239,10.674521271753145,1385,2755,1780,7893.14,3051.4,71928,false
2022-05-30,2022,5,30,0,2,0,0,0,2520,7.83241092718792,43239,2419,1208,7907.57,3100.93,10624,false
2022-05-31,2022,5,31,1,2,0,0,1,1375,7.226936018493289,2520,2369,1149,7765.57,3054.43,6193,false
2022-06-01,2022,6,1,2,2,0,1,0,979,6.887552571664617,1375,2119,0,7602.71,3042.87,19076,false
2022-06-02,2022,6,2,3,2,0,0,0,2500,7.824445930877618,979,2221,1282,7642.57,3036.6,7208,false
2022-06-03,2022,6,3,4,2,0,0,0,2260,7.72356247227797,2500,1500,1877,7751.14,3092.27,7261,false
2022-06-04,2022,6,4,5,2,1,0,0,571,6.349138991379798,2260,1385,4877,7634.86,3082.3,4911,false
2022-06-05,2022,6,5,6,2,1,0,0,1723,7.452402451223638,571,43239,2175,1704,3085.03,10008,false
2022-06-06,2022,6,6,0,2,0,0,0,2449,7.803843303538772,1723,2520,1343,1693.86,3104.87,7000,false
2022-06-07,2022,6,7,1,2,0,0,0,1634,7.399398083331354,2449,1375,574,1730.86,3140.6,5772,false
2022-06-08,2022,6,8,2,2,0,0,0,629,6.4457198193855785,1634,979,1322,1680.86,3113.57,5372,false
2022-06-09,2022,6,9,3,2,0,0,0,155,5.049856007249537,629,2500,1497,1345.86,3100.53,3809,false
2022-06-10,2022,6,10,4,2,0,0,0,761,6.635946555686646,155,2260,338,1131.71,2990.47,4337,false
2022-06-11,2022,6,11,5,2,1,0,0,14961,9.61326893243235,761,571,3380,3187.43,3449.5,25740,false
2022-06-12,2022,6,12,6,2,1,0,0,2603,7.86480400332846,14961,1723,17551,3313.14,3488.17,7411,false
2022-06-13,2022,6,13,0,2,0,0,0,1097,7.001245622069476,2603,2449,783,3120,3430.87,4848,false
2022-06-14,2022,6,14,1,2,0,0,0,1373,7.2254814727822945,1097,1634,2747,3082.71,3437.03,4743,false
2022-06-15,2022,6,15,2,2,0,0,0,1208,7.097548850614793,1373,629,783,3165.43,3438.73,4740,false
2022-06-16,2022,6,16,3,2,0,0,0,1159,7.05617528410041,1208,155,1229,3308.86,3456.03,5338,false
2022-06-17,2022,6,17,4,2,0,0,0,983,6.891625897052253,1159,761,2877,3340.57,3437.33,5976,false
2022-06-18,2022,6,18,5,2,1,0,0,783,6.664409020350408,983,14961,1797,1315.14,3425.07,4882,false
2022-06-19,2022,6,19,6,2,1,0,0,1440,7.273092595999522,783,2603,826,1149,3446.97,7194,false
2022-06-20,2022,6,20,0,2,0,0,0,3150,8.055475141757274,1440,1097,222,1442.29,3477.33,8985,false
2022-06-21,2022,6,21,1,2,0,0,0,254,5.541263545158426,3150,1373,1738,1282.43,3393.97,4828,false
2022-06-22,2022,6,22,2,2,0,0,0,2272,7.728855823852543,254,1208,2177,1434.43,3389.07,6080,false
2022-06-23,2022,6,23,3,2,0,0,0,4318,8.3707791729607,2272,1159,1869,1885.71,3454.03,9671,false
2022-06-24,2022,6,24,4,2,0,0,0,2999,8.006367567650246,4318,983,1520,2173.71,3483.37,7409,false
2022-06-25,2022,6,25,5,2,1,0,0,1916,7.558516743045645,2999,783,33345,2335.57,3473.2,20261,false
2022-06-26,2022,6,26,6,2,1,0,0,2088,7.644440761556566,1916,1440,590,2428.14,3492.8,6472,false
2022-06-27,2022,6,27,0,2,0,0,0,1201,7.091742115095153,2088,3150,956,2149.71,3486.67,5146,false
2022-06-28,2022,6,28,1,2,0,0,0,2714,7.906547232368036,1201,254,1928,2501.14,2135.83,8246,false
2022-06-29,2022,6,29,2,2,0,0,0,22407,10.017173316939944,2714,2272,1291,5377.57,2798.73,37050,false
2022-06-30,2022,6,30,3,2,0,0,1,145,4.983606621708336,22407,4318,2849,4781.43,2757.73,8695,false
2022-07-01,2022,7,1,4,3,0,1,0,2969,7.996317231796745,145,2999,0,4777.14,2824.07,7725,false
2022-07-02,2022,7,2,5,3,1,0,0,1290,7.1631723908466425,2969,1916,1729,4687.71,2783.73,4736,false
2022-07-03,2022,7,3,6,3,1,0,0,3395,8.130353547431238,1290,2088,574,4874.43,2821.57,7109,false
2022-07-04,2022,7,4,0,3,0,0,0,3066,8.028455164114252,3395,1201,1353,5140.86,2904.73,11987,false
2022-07-05,2022,7,5,1,3,0,0,0,2371,7.771488760117616,3066,2714,1313,5091.86,2926.33,11730,false
2022-07-06,2022,7,6,2,3,0,0,0,3062,8.027150106832774,2371,22407,1190,2328.29,2946.77,9775,false
2022-07-07,2022,7,7,3,3,0,0,0,1006,6.914730892718562,3062,145,555,2451.29,2925.83,5540,false
2022-07-08,2022,7,8,4,3,0,0,0,3203,8.07215530818825,1006,2969,850,2484.71,3011.63,8677,false
2022-07-09,2022,7,9,5,3,1,0,0,3213,8.075271546297458,3203,1290,2403,2759.43,3113.57,9859,false
2022-07-10,2022,7,10,6,3,1,0,0,1561,7.353722330399631,3213,3395,1218,2497.43,3140.23,5548,false
2022-07-11,2022,7,11,0,3,0,0,0,2980,8.000014093678072,1561,3066,1421,2485.14,2740.87,6223,false
2022-07-12,2022,7,12,1,3,0,0,0,2729,7.912056888179005,2980,2371,2536,2536.29,2745.07,5528,false
2022-07-13,2022,7,13,2,3,0,0,0,1635,7.400009517162692,2729,3062,2323,2332.43,2763,12705,false
2022-07-14,2022,7,14,3,3,0,0,0,1171,7.066466970136958,1635,1006,1634,2356,2756.27,5395,false
2022-07-15,2022,7,15,4,3,0,0,0,1242,7.125283091510711,1171,3203,2531,2075.86,2757.4,6246,false
2022-07-16,2022,7,16,5,3,1,0,0,668,6.505784060128228,1242,3213,1931,1712.29,2741.03,5305,false
2022-07-17,2022,7,17,6,3,1,0,0,1102,7.005789019253502,668,1561,1272,1646.71,2745,6665,false
2022-07-18,2022,7,18,0,3,0,0,0,658,6.490723534502507,1102,2980,1271,1315,2740.83,7065,false
2022-07-19,2022,7,19,1,3,0,0,0,2160,7.6783263565068856,658,2729,677,1233.71,2764.83,6899,false
2022-07-20,2022,7,20,2,3,0,0,0,3745,8.228443883004033,2160,1635,792,1535.14,2784.67,9685,false
2022-07-21,2022,7,21,3,3,0,0,0,3465,8.150756470275551,3745,1171,995,1862.86,2891.7,13382,false
2022-07-22,2022,7,22,4,3,0,0,0,1975,7.588829878307813,3465,1242,801,1967.57,2881.8,6544,false
2022-07-23,2022,7,23,5,3,1,0,0,2897,7.971776122880628,1975,668,182,2286,2834.43,8059,false
2022-07-24,2022,7,24,6,3,1,0,0,3225,8.078998258685154,2897,1102,1075,2589.29,2841.97,9335,false
2022-07-25,2022,7,25,0,3,0,0,0,6603,8.795430805040018,3225,658,339,3438.57,2998.2,11872,false
2022-07-26,2022,7,26,1,3,0,0,0,1084,6.989335265974559,6603,2160,1015,3284.86,2964.73,11033,false
2022-07-27,2022,7,27,2,3,0,0,0,1907,7.553810852008231,1084,3745,996,3022.29,2988.27,10609,false
2022-07-28,2022,7,28,3,3,0,0,0,3125,8.047509510981422,1907,3465,45646,2973.71,3001.97,7419,false
2022-07-29,2022,7,29,4,3,0,0,0,28705,10.264861439131325,3125,1975,268,6792.29,3211.9,42687,false
2022-07-30,2022,7,30,5,3,1,0,0,1229,7.114769448366463,28705,2897,919,6554,3248.03,4766,false
2022-07-31,2022,7,31,6,3,1,0,1,0,0,1229,3225,649,6093.29,3149.07,3866,false
2022-08-01,2022,8,1,0,3,0,1,0,3646,8.20166019080868,0,6603,0,5670.86,3227.6,11631,false
2022-08-02,2022,8,2,1,3,0,0,0,766,6.642486801367256,3646,1084,1467,5625.43,3139.97,6878,false
2022-08-03,2022,8,3,2,3,0,0,0,2849,7.955074273262696,766,1907,1942,5760,3132.73,6982,false
2022-08-04,2022,8,4,3,3,0,0,0,3206,8.073091199693154,2849,3125,1301,5771.57,3160.57,9349,false
2022-08-05,2022,8,5,4,3,0,0,0,1161,7.057897937411856,3206,28705,338,1836.71,3097.2,5284,false
2022-08-06,2022,8,6,5,3,1,0,0,2634,7.876638460975462,1161,1229,2526,2037.43,3151.47,10144,false
2022-08-07,2022,8,7,6,3,1,0,0,292,5.680172609017067,2634,0,2104,2079.14,3054.43,5214,false
2022-08-08,2022,8,8,0,3,0,0,0,700,6.55250788703459,292,3646,1409,1658.29,2970.67,3363,false
2022-08-09,2022,8,9,1,3,0,0,0,2461,7.808729306744398,700,766,0,1900.43,3000.67,7295,false
2022-08-10,2022,8,10,2,3,0,0,0,1373,7.2254814727822945,2461,2849,733,1689.57,2947.1,6427,false
2022-08-11,2022,8,11,3,3,0,0,0,1981,7.591861714889933,1373,3206,4973,1514.57,2922.17,5863,false
2022-08-12,2022,8,12,4,3,0,0,0,3012,8.0106915391303,1981,1161,2727,1779,2968.07,6940,false
2022-08-13,2022,8,13,5,3,1,0,0,1686,7.430707082545968,3012,2634,3093,1643.57,2985.23,7022,false
2022-08-14,2022,8,14,6,3,1,0,0,919,6.8243736700430855,1686,292,2147,1733.14,2974.47,5447,false
2022-08-15,2022,8,15,0,3,0,0,0,621,6.432940092739179,919,700,630,1721.86,2972.9,6473,false
2022-08-16,2022,8,16,1,3,0,0,0,532,6.278521424165844,621,2461,0,1446.29,2953.9,6802,false
2022-08-17,2022,8,17,2,3,0,0,0,1443,7.275172319452771,532,1373,509,1456.29,2980.07,5580,false
2022-08-18,2022,8,18,3,3,0,0,0,629,6.4457198193855785,1443,1981,100,1263.14,2929.03,5586,false
2022-08-19,2022,8,19,4,3,0,0,0,2990,8.003363058629947,629,3012,1645,1260,2903.87,8368,false
2022-08-20,2022,8,20,5,3,1,0,0,1567,7.357556200910353,2990,1686,886,1243,2840.6,8149,false
2022-08-21,2022,8,21,6,3,1,0,0,2992,8.004031507852698,1567,919,67,1539.14,2874.5,8658,false
2022-08-22,2022,8,22,0,3,0,0,0,1354,7.211556733313801,2992,621,1117,1643.86,2823.07,4183,false
2022-08-23,2022,8,23,1,3,0,0,0,1452,7.2813856635702825,1354,532,845,1775.29,2763.97,2607,false
2022-08-24,2022,8,24,2,3,0,0,0,1463,7.288927694521257,1452,1443,1313,1778.14,2592.63,4995,false
2022-08-25,2022,8,25,3,3,0,0,0,1577,7.363913501405819,1463,629,1542,1913.57,2609.07,13561,false
2022-08-26,2022,8,26,4,3,0,0,0,795,6.679599185844383,1577,2990,36034,1600,2572,5296,false
2022-08-27,2022,8,27,5,3,1,0,0,1868,7.533158807455562,795,1567,1172,1643,2530.1,8041,false
2022-08-28,2022,8,28,6,3,1,0,0,1482,7.301822342137932,1868,2992,569,1427.29,1622.67,7260,false
2022-08-29,2022,8,29,0,3,0,0,0,42475,10.656694489523735,1482,1354,2405,7301.71,2997.53,55749,false
2022-08-30,2022,8,30,1,3,0,0,0,1158,7.055312843339752,42475,1452,1919,7259.71,3036.13,2953,false
2022-08-31,2022,8,31,2,3,0,0,1,1135,7.035268599281096,1158,1463,2209,7212.86,2952.43,7378,false
2022-09-01,2022,9,1,3,3,0,1,0,1651,7.409741954080923,1135,1577,0,7223.43,2981.93,7826,false
2022-09-02,2022,9,2,4,3,0,0,0,2719,7.908387159290043,1651,795,0,7498.29,2977.6,8383,false
2022-09-03,2022,9,3,5,3,1,0,0,386,5.958424693029782,2719,1868,3538,7286.57,2883.6,4617,false
2022-09-04,2022,9,4,6,3,1,0,0,2291,7.73718007783463,386,1482,850,7402.14,2921.27,8468,false
2022-09-05,2022,9,5,0,3,0,0,0,1344,7.20414929203594,2291,42475,1802,1526.29,2878.27,2369,false
2022-09-06,2022,9,6,1,3,0,0,0,2970,7.9966538754626075,1344,1158,2319,1785.14,2967.53,10073,false
2022-09-07,2022,9,7,2,3,0,0,0,2373,7.772331575169613,2970,1135,1596,1962,3023.3,9519,false
2022-09-08,2022,9,8,3,3,0,0,0,0,0,2373,1651,2702,1726.14,2941.27,3446,false
2022-09-09,2022,9,9,4,3,0,0,0,937,6.843749949006225,0,2719,843,1471.57,2926.73,8524,false
2022-09-10,2022,9,10,5,3,1,0,0,998,6.906754778648553,937,386,3058,1559,2893.97,5155,false
2022-09-11,2022,9,11,6,3,1,0,0,1896,7.548028969935014,998,2291,2620,1502.57,2856.77,4016,false
2022-09-12,2022,9,12,0,3,0,0,0,2409,7.787382026484701,1896,1344,734,1654.71,2880.87,7274,false
2022-09-13,2022,9,13,1,3,0,0,0,760,6.634633357861686,2409,2970,938,1339,2875.57,3937,false
2022-09-14,2022,9,14,2,3,0,0,0,972,6.880384082186005,760,2373,1640,1138.86,2887.27,3772,false
2022-09-15,2022,9,15,3,3,0,0,0,328,5.796057750765372,972,0,972,1185.71,2880.47,3065,false
2022-09-16,2022,9,16,4,3,0,0,0,1127,7.028201432058004,328,937,2186,1212.86,2869.93,2983,false
2022-09-17,2022,9,17,5,3,1,0,0,290,5.673323267171492,1127,998,535,1111.71,2858.63,1908,false
2022-09-18,2022,9,18,6,3,1,0,0,358,5.883322388488279,290,1896,885,892,2770.9,4963,false
2022-09-19,2022,9,19,0,3,0,0,0,1113,7.015712420487229,358,2409,2534,706.86,2755.77,4908,false
2022-09-20,2022,9,20,1,3,0,0,0,2042,7.622174594817622,1113,760,1345,890,2724.1,6800,false
2022-09-21,2022,9,21,2,3,0,0,0,242,5.493061443340548,2042,972,844,785.71,2687.03,24703,false
2022-09-22,2022,9,22,3,3,0,0,0,438,6.0844994130751715,242,328,812,801.43,2653.23,11459,false
2022-09-23,2022,9,23,4,3,0,0,0,1056,6.963189985870238,438,1127,1055,791.29,2639.67,7216,false
2022-09-24,2022,9,24,5,3,1,0,0,1346,7.205635176410364,1056,290,563,942.14,2631.97,4830,false
2022-09-25,2022,9,25,6,3,1,0,0,1132,7.0326242610280065,1346,358,1306,1052.71,2643.2,2659,false
2022-09-26,2022,9,26,0,3,0,0,0,0,0,1132,1113,1954,893.71,2580.93,820,false
2022-09-27,2022,9,27,1,3,0,0,0,1771,7.479864131165026,0,2042,16565,855,2590.57,12032,false
2022-09-28,2022,9,28,2,3,0,0,0,883,6.784457062637643,1771,242,2013,946.57,1204.17,4051,false
2022-09-29,2022,9,29,3,3,0,0,0,522,6.259581464064922,883,438,2031,958.57,1182.97,9868,false
2022-09-30,2022,9,30,4,3,0,0,1,12903,9.465292619805044,522,1056,2426,2651,1575.23,21157,false
2022-10-01,2022,10,1,5,4,1,1,0,2470,7.81237820598861,12903,1346,0,2811.57,1602.53,9338,false
2022-10-02,2022,10,2,6,4,1,0,0,5169,8.550627967502475,2470,1132,330,3388.29,1684.2,10149,false
2022-10-03,2022,10,3,0,4,0,0,0,783,6.664409020350408,5169,0,1708,3500.14,1697.43,3296,false
2022-10-04,2022,10,4,1,4,0,0,0,3106,8.041412909393047,783,1771,2859,3690.86,1724.6,10610,false
2022-10-05,2022,10,5,2,4,0,0,0,87,4.477336814478206,3106,883,2862,3577.14,1682.7,2650,false
2022-10-06,2022,10,6,3,4,0,0,0,2448,7.803435056952168,87,522,3559,3852.29,1665.3,6298,false
2022-10-07,2022,10,7,4,4,0,0,0,860,6.7580945044277305,2448,12903,1469,2131.86,1614.87,4867,false
2022-10-08,2022,10,8,5,4,1,0,0,357,5.8805329864007,860,2470,1159,1830,1626.77,3265,false
2022-10-09,2022,10,9,6,4,1,0,0,1490,7.307202314764738,357,5169,1591,1304.43,1645.2,4814,false
2022-10-10,2022,10,10,0,4,0,0,0,678,6.520621127558696,1490,783,614,1289.43,1634.53,4277,false
2022-10-11,2022,10,11,1,4,0,0,0,1755,7.470793774195061,678,3106,2215,1096.43,1629.83,5469,false
2022-10-12,2022,10,12,2,4,0,0,0,2410,7.787796878181171,1755,87,1612,1428.29,1629.87,5269,false
2022-10-13,2022,10,13,3,4,0,0,0,125,4.836281906951478,2410,2448,823,1096.43,1608.7,3492,false
2022-10-14,2022,10,14,4,4,0,0,0,938,6.844815479208263,125,860,896,1107.57,1607.57,3251,false
2022-10-15,2022,10,15,5,4,1,0,0,1218,7.105786129481271,938,357,3333,1230.57,1637.23,3516,false
2022-10-16,2022,10,16,6,4,1,0,0,705,6.559615237493242,1218,1490,1742,1118.43,1623.17,3945,false
2022-10-17,2022,10,17,0,4,0,0,0,1809,7.501082124259871,705,678,2034,1280,1673.8,4309,false
2022-10-18,2022,10,18,1,4,0,0,0,1499,7.313220387090301,1809,1755,2283,1243.43,1711.83,6474,false
2022-10-19,2022,10,19,2,4,0,0,0,1615,7.38770923908104,1499,2410,580,1129.86,1728.57,8984,false
2022-10-20,2022,10,20,3,4,0,0,0,3883,8.264620829411216,1615,125,938,1666.71,1789.93,8624,false
2022-10-21,2022,10,21,4,4,0,0,0,3232,8.081165777725433,3883,938,445,1994.43,1889.6,7761,false
2022-10-22,2022,10,22,5,4,1,0,0,3156,8.057377488557991,3232,1218,863,2271.29,1980.2,7721,false
2022-10-23,2022,10,23,6,4,1,0,0,4198,8.342601680684194,3156,705,1141,2770.29,2084.93,8822,false
2022-10-24,2022,10,24,0,4,0,0,0,1703,7.440733707389261,4198,1809,783,2755.14,2096.83,6107,false
2022-10-25,2022,10,25,1,4,0,0,0,489,6.194405391104672,1703,1499,821,2610.86,2075.4,9230,false
2022-10-26,2022,10,26,2,4,0,0,0,203,5.318119993844216,489,1615,486,2409.14,2082.17,2802,false
2022-10-27,2022,10,27,3,4,0,0,0,678,6.520621127558696,203,3883,1858,1951.29,2045.73,1860,false
2022-10-28,2022,10,28,4,4,0,0,0,667,6.504288173536645,678,3232,16425,1584.86,2038.53,1071,false
2022-10-29,2022,10,29,5,4,1,0,0,0,0,667,3156,869,1134,2021.13,502,false
2022-10-30,2022,10,30,6,4,1,0,0,397,5.986452005284438,0,4198,377,591,1604.27,1385,false
2022-10-31,2022,10,31,0,4,0,0,1,435,6.077642243349034,397,1703,629,409.86,1536.43,8045,false
2022-11-01,2022,11,1,1,4,0,1,0,2904,7.974188669286011,435,489,0,754.86,1460.93,6851,false
2022-11-02,2022,11,2,2,4,0,0,0,2439,7.799753318287247,2904,203,966,1074.29,1516.13,7273,false
2022-11-03,2022,11,3,3,4,0,0,0,1450,7.280008252884188,2439,678,2302,1184.57,1460.93,5814,false
2022-11-04,2022,11,4,4,4,0,0,0,609,6.413458957167356,1450,667,3627,1176.29,1478.33,8631,false
2022-11-05,2022,11,5,5,4,1,0,0,1065,6.97166860472579,609,0,1161,1328.43,1432.23,5536,false
2022-11-06,2022,11,6,6,4,1,0,0,1345,7.204892510204673,1065,397,889,1463.86,1448.4,5543,false
2022-11-07,2022,11,7,0,4,0,0,0,609,6.413458957167356,1345,435,842,1488.71,1456.8,13755,false
2022-11-08,2022,11,8,1,4,0,0,0,678,6.520621127558696,609,2904,4622,1170.71,1429.73,4817,false
2022-11-09,2022,11,9,2,4,0,0,0,1422,7.260522598089852,678,2439,1083,1025.43,1454.53,3931,false
2022-11-10,2022,11,10,3,4,0,0,0,1513,7.322510433997394,1422,1450,68,1034.43,1446.47,3969,false
2022-11-11,2022,11,11,4,4,0,0,0,1509,7.31986492980897,1513,609,1963,1163,1416.43,5957,false
2022-11-12,2022,11,12,5,4,1,0,0,1324,7.1891677384203225,1509,1065,1373,1200,1456.4,5191,false
2022-11-13,2022,11,13,6,4,1,0,0,995,6.903747257584598,1324,1345,1471,1150,1458.3,7467,false
2022-11-14,2022,11,14,0,4,0,0,0,1811,7.502186486602924,995,609,1769,1321.71,1478.07,5849,false
2022-11-15,2022,11,15,1,4,0,0,0,2783,7.93164402145431,1811,678,988,1622.43,1547.33,7216,false
2022-11-16,2022,11,16,2,4,0,0,0,3448,8.145839612936841,2783,1422,1603,1911.86,1601.97,14815,false
2022-11-17,2022,11,17,3,4,0,0,0,3235,8.082093278178382,3448,1513,1915,2157.86,1659.83,8692,false
2022-11-18,2022,11,18,4,4,0,0,0,3607,8.190908881182514,3235,1509,1904,2457.57,1726.23,16367,false
2022-11-19,2022,11,19,5,4,1,0,0,2706,7.903596289614301,3607,1324,1459,2655,1687,7136,false
2022-11-20,2022,11,20,6,4,1,0,0,3132,8.049746290952191,2706,995,1750,2960.29,1683.67,9319,false
2022-11-21,2022,11,21,0,4,0,0,0,2911,7.976595409316577,3132,1811,889,3117.43,1675.5,13973,false
2022-11-22,2022,11,22,1,4,0,0,0,5013,8.519989278718239,2911,2783,396,3436,1702.67,12229,false
2022-11-23,2022,11,23,2,4,0,0,0,1882,7.5406215286571525,5013,3448,1790,3212.29,1708.63,6052,false
2022-11-24,2022,11,24,3,4,0,0,0,1977,7.589841512182657,1882,3235,1681,3032.57,1758.23,7140,false
2022-11-25,2022,11,25,4,4,0,0,0,2159,7.67786350067821,1977,3607,2079,2825.71,1823.43,6529,false
2022-11-26,2022,11,26,5,4,1,0,0,2397,7.7823903355874595,2159,2706,1675,2781.57,1880.73,9322,false
2022-11-27,2022,11,27,6,4,1,0,0,1315,7.182352111885263,2397,3132,1333,2522,1902.33,9499,false
2022-11-28,2022,11,28,0,4,0,0,0,3217,8.076515327552329,1315,2911,77,2565.71,2009.57,8602,false
2022-11-29,2022,11,29,1,4,0,0,0,16086,9.685766771390307,3217,5013,1576,4147.57,2532.53,27272,false
2022-11-30,2022,11,30,2,4,0,0,1,1743,7.463936604468925,16086,1882,2261,4127.71,2576.13,10869,false
2022-12-01,2022,12,1,3,4,0,1,0,2590,7.85979918056211,1743,1977,0,4215.29,2565.67,13189,false
2022-12-02,2022,12,2,4,4,0,0,0,300,5.707110264748875,2590,2159,1020,3949.71,2494.37,4558,false
2022-12-03,2022,12,3,5,4,1,0,0,960,6.8679744089702925,300,2397,290,3744.43,2478.03,5929,false
2022-12-04,2022,12,4,6,4,1,0,0,415,6.030685260261263,960,1315,3929,3615.86,2471.57,2941,false
2022-12-05,2022,12,5,0,4,0,0,0,1558,7.351799869057777,415,3217,1392,3378.86,2488,7957,false
2022-12-06,2022,12,6,1,4,0,0,0,1334,7.196686570834349,1558,16086,2032,1271.43,2487.63,3937,false
2022-12-07,2022,12,7,2,4,0,0,0,1075,6.98100574072173,1334,1743,2613,1176,2503.17,6456,false
2022-12-08,2022,12,8,3,4,0,0,0,1363,7.218176838403407,1075,2590,1867,1000.71,2526,6853,false
2022-12-09,2022,12,9,4,4,0,0,0,1579,7.365180126021012,1363,300,464,1183.43,2531.23,4299,false
2022-12-10,2022,12,10,5,4,1,0,0,533,6.280395838960195,1579,960,420,1122.43,2498.57,4015,false
2022-12-11,2022,12,11,6,4,1,0,0,2740,7.916078096302786,533,415,1719,1454.57,2539.6,6227,false
2022-12-12,2022,12,12,0,4,0,0,0,1333,7.195937226475569,2740,1558,2361,1422.43,2539.9,5630,false
2022-12-13,2022,12,13,1,4,0,0,0,1432,7.267525427828172,1333,1334,3823,1436.43,2554.47,4714,false
2022-12-14,2022,12,14,2,4,0,0,0,1383,7.232733136177615,1432,1075,0,1480.43,2540.2,5293,false
2022-12-15,2022,12,15,3,4,0,0,0,2517,7.831220214604293,1383,1363,1984,1645.29,2531.33,7274,false
2022-12-16,2022,12,16,4,4,0,0,0,1032,6.940222469119639,2517,1579,580,1567.14,2450.8,6806,false
2022-12-17,2022,12,17,5,4,1,0,0,2440,7.800163070392959,1032,533,474,1839.57,2424.3,7855,false
2022-12-18,2022,12,18,6,4,1,0,0,2611,7.867871490396322,2440,2740,174,1821.14,2391.1,6703,false
2022-12-19,2022,12,19,0,4,0,0,0,958,6.865891074883438,2611,1333,2148,1767.57,2332.83,4118,false
2022-12-20,2022,12,20,1,4,0,0,0,628,6.44413125670044,958,1432,445,1652.71,2249.37,6947,false
2022-12-21,2022,12,21,2,4,0,0,0,2264,7.725330037917134,628,1383,850,1778.57,2227.8,9121,false
2022-12-22,2022,12,22,3,4,0,0,0,1927,7.564238475170491,2264,2517,2221,1694.29,2124.93,11764,false
2022-12-23,2022,12,23,4,4,0,0,0,1384,7.233455418621439,1927,1032,2870,1744.57,2108.33,5961,false
2022-12-24,2022,12,24,5,4,1,0,0,0,0,1384,2440,494,1396,2042.43,2190,false
2022-12-25,2022,12,25,6,4,1,0,0,0,0,0,2611,0,1023,1970.47,50,false
2022-12-26,2022,12,26,0,4,0,0,0,182,5.2094861528414205,0,958,889,912.14,1896.63,2868,false
2022-12-27,2022,12,27,1,4,0,0,0,1209,7.098375638590786,182,628,1005,995.14,1893.1,9874,false
2022-12-28,2022,12,28,2,4,0,0,0,600,6.398594934535208,1209,2264,308,757.43,1805.87,5820,false
2022-12-29,2022,12,29,3,4,0,0,0,1394,7.240649694255466,600,1927,2052,681.29,1316.13,20103,false
2022-12-30,2022,12,30,4,4,0,0,0,272,5.60947179518496,1394,1384,1114,522.43,1267.1,4170,false
2022-12-31,2022,12,31,5,4,1,0,1,1645,7.406103381237015,272,0,15968,757.43,1235.6,4587,false
2023-01-01,2023,1,1,6,1,1,1,0,0,0,1645,0,445,757.43,1225.6,720,false
2023-01-02,2023,1,2,0,1,0,0,0,0,0,0,182,996,731.43,1193.6,7176,false
2023-01-03,2023,1,3,1,1,0,0,0,1260,7.139660335964919,0,1209,2129,738.71,1221.77,4208,false
2023-01-04,2023,1,4,2,1,0,0,0,1626,7.394493107219038,1260,600,1541,885.29,1224.03,7176,false
2023-01-05,2023,1,5,3,1,0,0,0,21495,9.975622150295326,1626,1394,1035,3756.86,1896.07,29433,false
2023-01-06,2023,1,6,4,1,0,0,0,470,6.154858094016418,21495,272,1663,3785.14,1875.9,1198,false
2023-01-07,2023,1,7,5,1,1,0,0,2153,7.675081857716334,470,1645,1440,3857.71,1902.23,5437,false
2023-01-08,2023,1,8,6,1,1,0,0,1512,7.321849713788356,2153,0,746,4073.71,1900,4184,false
2023-01-09,2023,1,9,0,1,0,0,0,1107,7.010311867307229,1512,0,1204,4231.86,1919.13,3405,false
2023-01-10,2023,1,10,1,1,0,0,0,832,6.725033642166842,1107,1260,2661,4170.71,1855.53,3418,false
2023-01-11,2023,1,11,2,1,0,0,0,0,0,832,1626,656,3938.43,1811.1,642,false
2023-01-12,2023,1,12,3,1,0,0,0,396,5.98393628068719,0,21495,1140,924.29,1776.57,8081,false
2023-01-13,2023,1,13,4,1,0,0,0,1344,7.20414929203594,396,470,2313,1049.14,1775.27,4360,false
2023-01-14,2023,1,14,5,1,1,0,0,1936,7.5688956634069955,1344,2153,637,1018.14,1755.9,4056,false
2023-01-15,2023,1,15,6,1,1,0,0,1029,6.937314081223681,1936,1512,435,949.14,1755.8,4340,false
2023-01-16,2023,1,16,0,1,0,0,0,2437,7.798933310041217,1029,1107,107,1139.14,1755.7,9380,false
2023-01-17,2023,1,17,1,1,0,0,0,503,6.222576268071369,2437,832,505,1092.14,1685.43,4931,false
2023-01-18,2023,1,18,2,1,0,0,0,3532,8.169902647359145,503,0,138,1596.71,1771.23,7339,false
2023-01-19,2023,1,19,3,1,0,0,0,1703,7.440733707389261,3532,396,1270,1783.43,1807.07,3663,false
2023-01-20,2023,1,20,4,1,0,0,0,157,5.062595033026967,1703,1344,2090,1613.86,1736.83,1933,false
2023-01-21,2023,1,21,5,1,1,0,0,194,5.272999558563747,157,1936,2930,1365,1679.07,4027,false
2023-01-22,2023,1,22,6,1,1,0,0,699,6.551080335043404,194,1029,1642,1317.86,1656.23,4248,false
2023-01-23,2023,1,23,0,1,0,0,0,1230,7.115582126184453,699,2437,222,1145.43,1697.23,8722,false
2023-01-24,2023,1,24,1,1,0,0,0,2075,7.638198244285779,1230,503,2517,1370,1766.4,11511,false
2023-01-25,2023,1,25,2,1,0,0,0,320,5.771441123130016,2075,3532,822,911.14,1771,4944,false
2023-01-26,2023,1,26,3,1,0,0,0,30187,10.315199773404759,320,1703,1079,4980.29,2736.93,41678,false
2023-01-27,2023,1,27,4,1,0,0,0,349,5.857933154483459,30187,157,1730,5007.71,2728.57,2067,false
2023-01-28,2023,1,28,5,1,1,0,0,425,6.05443934626937,349,194,1790,5040.71,2696.27,1361,false
2023-01-29,2023,1,29,6,1,1,0,0,0,0,425,699,1628,4940.86,2687.2,1970,false
2023-01-30,2023,1,30,0,1,0,0,0,252,5.53338948872752,0,1230,3947,4801.14,2640.77,5286,false
2023-01-31,2023,1,31,1,1,0,0,1,455,6.122492809514386,252,2075,4219,4569.71,2655.93,3098,false
2023-02-01,2023,2,1,2,1,0,1,0,356,5.877735781779639,455,320,387,4574.86,2667.8,4485,false
2023-02-02,2023,2,2,3,1,0,0,0,609,6.413458957167356,356,30187,44383,349.43,2646.1,9016,false
2023-02-03,2023,2,3,4,1,0,0,0,1045,6.952728644624868,609,349,658,448.86,2626.73,5807,false
2023-02-04,2023,2,4,5,1,1,0,0,803,6.6895992691789665,1045,425,2429,502.86,1937,5404,false
2023-02-05,2023,2,5,6,1,1,0,0,2902,7.973499964024629,803,0,833,917.43,2018.07,11965,false
2023-02-06,2023,2,6,0,1,0,0,0,2658,7.88570539124302,2902,252,1429,1261.14,2034.9,5264,false
2023-02-07,2023,2,7,1,1,0,0,0,725,6.587550014824796,2658,455,484,1299.71,2008.67,6196,false
2023-02-08,2023,2,8,2,1,0,0,0,1320,7.186144304522325,725,356,1823,1437.43,2015.77,4062,false
2023-02-09,2023,2,9,3,1,0,0,0,485,6.186208623900494,1320,609,458,1419.71,2004.2,2715,false
2023-02-10,2023,2,10,4,1,0,0,0,587,6.376726947898627,485,1045,1054,1354.29,2023.77,2043,false
2023-02-11,2023,2,11,5,1,1,0,0,450,6.111467339502678,587,803,717,1303.86,2025.57,2270,false
2023-02-12,2023,2,12,6,1,1,0,0,1707,7.443078374348515,450,2902,1470,1133.14,2037.67,5741,false
2023-02-13,2023,2,13,0,1,0,0,0,2282,7.733245646529795,1707,2658,0,1079.43,2049.2,6032,false
2023-02-14,2023,2,14,1,1,0,0,0,1614,7.387090235656757,2282,725,842,1206.43,2068.7,5462,false
2023-02-15,2023,2,15,2,1,0,0,0,1338,7.199678345691172,1614,1320,1222,1209,2032.07,3938,false
2023-02-16,2023,2,16,3,1,0,0,0,879,6.779921907472252,1338,485,4051,1265.29,2044.6,3192,false
2023-02-17,2023,2,17,4,1,0,0,0,329,5.799092654460526,879,587,398,1228.43,1937.83,2575,false
2023-02-18,2023,2,18,5,1,1,0,0,649,6.476972362889683,329,450,2004,1256.86,1902.7,2113,false
2023-02-19,2023,2,19,6,1,1,0,0,822,6.71295620067707,649,1707,1017,1130.43,1924.87,3702,false
2023-02-20,2023,2,20,0,1,0,0,0,1640,7.40306109109009,822,2282,1412,1038.71,1973.07,7018,false
2023-02-21,2023,2,21,1,1,0,0,0,1050,6.9574973708769505,1640,1614,1718,958.14,1984.77,4640,false
2023-02-22,2023,2,22,2,1,0,0,0,1458,7.285506548522785,1050,1338,676,975.29,1992.37,5083,false
2023-02-23,2023,2,23,3,1,0,0,0,720,6.580639137284948,1458,879,378,952.57,1947.2,5316,false
2023-02-24,2023,2,24,4,1,0,0,0,1430,7.266128779556451,720,329,1312,1109.86,1984.2,10963,false
2023-02-25,2023,2,25,5,1,1,0,0,1725,7.453561871643373,1430,649,1555,1263.57,1035.47,4340,false
2023-02-26,2023,2,26,6,1,1,0,0,1083,6.988413181999591,1725,822,1624,1300.86,1059.93,9744,false
2023-02-27,2023,2,27,0,1,0,0,0,983,6.891625897052253,1083,1640,1509,1207,1078.53,6187,false
2023-02-28,2023,2,28,1,1,0,0,1,490,6.19644412779452,983,1050,14492,1127,1094.87,4704,false
2023-03-01,2023,3,1,2,1,0,1,0,1492,7.30854279753919,490,1458,1146,1131.86,1136.2,7593,false
2023-03-02,2023,3,2,3,1,0,0,0,1395,7.241366283322318,1492,720,3909,1228.29,1167.53,11050,false
2023-03-03,2023,3,3,4,1,0,0,0,1140,7.039660349862076,1395,1430,4015,1186.86,1193.67,3916,false
2023-03-04,2023,3,4,5,1,1,0,0,1214,7.102499355774649,1140,1725,2003,1113.86,1213.83,7029,false
2023-03-05,2023,3,5,6,1,1,0,0,1030,6.938284484016959,1214,1083,1251,1106.29,1213.33,6333,false
2023-03-06,2023,3,6,0,1,0,0,0,940,6.846943139585379,1030,983,1161,1100.14,1217.9,3841,false
2023-03-07,2023,3,7,1,1,0,0,0,650,6.478509642208569,940,490,1066,1123,1142.83,2975,false
2023-03-08,2023,3,8,2,1,0,0,0,78,4.3694478524670215,650,1492,1742,921,1056.83,1398,false
2023-03-09,2023,3,9,3,1,0,0,0,280,5.638354669333745,78,1395,145,761.71,1042,2404,false
2023-03-10,2023,3,10,4,1,0,0,0,966,6.874198495453294,280,1140,80,736.86,1030.2,40651,false
2023-03-11,2023,3,11,5,1,1,0,0,1050,6.9574973708769505,966,1214,2110,713.43,1049.03,3425,false
2023-03-12,2023,3,12,6,1,1,0,0,887,6.78897174299217,1050,1030,2159,693,1059.03,7825,false
2023-03-13,2023,3,13,0,1,0,0,0,3124,8.047189562170502,887,940,1153,1005,1148.17,31633,false
2023-03-14,2023,3,14,1,1,0,0,0,1390,7.237778191923443,3124,650,1856,1110.71,1137.6,4692,false
2023-03-15,2023,3,15,2,1,0,0,0,2190,7.692113339595466,1390,78,822,1412.43,1134.53,6551,false
2023-03-16,2023,3,16,3,1,0,0,0,1074,6.980075940561763,2190,280,1042,1525.86,1116.53,6455,false
2023-03-17,2023,3,17,4,1,0,0,0,2656,7.884952945759813,1074,966,678,1767.29,1160.47,5461,false
2023-03-18,2023,3,18,5,1,1,0,0,1365,7.2196420401307355,2656,1050,1270,1812.29,1176.67,6439,false
2023-03-19,2023,3,19,6,1,1,0,0,1412,7.253470382684527,1365,887,1664,1887.29,1212.77,7849,false
2023-03-20,2023,3,20,0,1,0,0,0,1270,7.147559271189454,1412,3124,871,1622.43,1233.47,8577,false
2023-03-21,2023,3,21,1,1,0,0,0,2741,7.91644286012226,1270,1390,1103,1815.43,1297.43,7153,false
2023-03-22,2023,3,22,2,1,0,0,0,1219,7.106606137727302,2741,2190,686,1676.71,1283.4,4394,false
2023-03-23,2023,3,23,3,1,0,0,0,2779,7.930206206684683,1219,1074,320,1920.29,1341.03,10028,false
2023-03-24,2023,3,24,4,1,0,0,0,2780,7.930565854233965,2779,2656,3326,1938,1385.1,9960,false
2023-03-25,2023,3,25,5,1,1,0,0,2704,7.902857191280582,2780,1365,1270,2129.29,1451.23,11873,false
2023-03-26,2023,3,26,6,1,1,0,0,1723,7.452402451223638,2704,1412,2913,2173.71,1461,7526,false
2023-03-27,2023,3,27,0,1,0,0,0,860,6.7580945044277305,1723,1270,4046,2115.14,1432.17,9390,false
2023-03-28,2023,3,28,1,1,0,0,0,2183,7.688913336864795,860,2741,2787,2035.43,1468.83,18164,false
2023-03-29,2023,3,29,2,1,0,0,0,19864,9.896714668248698,2183,1219,7617,4699,2098.2,32982,false
2023-03-30,2023,3,30,3,1,0,0,0,1024,6.932447891572508,19864,2779,30641,4448.29,2116,11938,false
2023-03-31,2023,3,31,4,1,0,0,1,4061,8.30943074214033,1024,2780,1992,4631.29,2201.63,15260,false
2023-04-01,2023,4,1,5,2,1,1,0,484,6.184148890937483,4061,2704,1287,4314.14,2171.27,2328,false
2023-04-02,2023,4,2,6,2,1,0,0,360,5.8888779583328805,484,1723,1466,4119.43,2145.27,3389,false
2023-04-03,2023,4,3,0,2,0,0,0,1114,7.0166096838942185,360,860,959,4155.71,2141.93,3441,false
2023-04-04,2023,4,4,1,2,0,0,0,1137,7.037027614686276,1114,2183,1181,4006.29,2145.5,8962,false
2023-04-05,2023,4,5,2,2,0,0,0,40,3.7135720667043075,1137,19864,726,1174.29,2115.5,5517,false
2023-04-06,2023,4,6,3,2,0,0,0,1527,7.331714969726465,40,1024,744,1246.14,2144.73,7321,false
2023-04-07,2023,4,7,4,2,0,0,0,1055,6.962243464266207,1527,4061,1548,816.71,2177.3,14338,false
2023-04-08,2023,4,8,5,2,1,0,0,899,6.802394763324311,1055,484,3395,876,2197.93,3799,false
2023-04-09,2023,4,9,6,2,1,0,0,446,6.102558594613568,899,360,367,888.29,2180.6,4231,false
2023-04-10,2023,4,10,0,2,0,0,0,320,5.771441123130016,446,1114,552,774.86,2156.27,3391,false
2023-04-11,2023,4,11,1,2,0,0,0,2892,7.9700493049761345,320,1137,1250,1025.57,2223.1,7693,false
2023-04-12,2023,4,12,2,2,0,0,0,2926,7.9817332866918855,2892,40,530,1437.86,2216.5,6680,false
2023-04-13,2023,4,13,3,2,0,0,0,0,0,2926,1527,243,1219.71,2170.17,828,false
2023-04-14,2023,4,14,4,2,0,0,0,660,6.493753839851686,0,1055,185,1163.29,2119.17,6401,false
2023-04-15,2023,4,15,5,2,1,0,0,1559,7.352441100243582,660,899,145,1257.57,2135.33,5660,false
2023-04-16,2023,4,16,6,2,1,0,0,4998,8.51699317141357,1559,446,194,1907.86,2213.4,11150,false
2023-04-17,2023,4,17,0,2,0,0,0,5155,8.547916364059077,4998,320,998,2598.57,2339.73,13528,false
2023-04-18,2023,4,18,1,2,0,0,0,5302,8.57602797713713,5155,2892,1488,2942.86,2469.4,33216,false
2023-04-19,2023,4,19,2,2,0,0,0,1086,6.99117688712121,5302,2926,1024,2680,2463.27,13191,false
2023-04-20,2023,4,20,3,2,0,0,0,6066,8.710619527942297,1086,0,667,3546.57,2574.1,14371,false
2023-04-21,2023,4,21,4,2,0,0,0,2268,7.727094484779841,6066,660,1084,3776.29,2609.07,8969,false
2023-04-22,2023,4,22,5,2,1,0,0,3351,8.117312461601973,2268,1559,3445,4032.29,2628.13,10284,false
2023-04-23,2023,4,23,6,2,1,0,0,3617,8.19367666595524,3351,4998,2005,3835,2656.03,8747,false
2023-04-24,2023,4,24,0,2,0,0,0,3826,8.249836485425702,3617,5155,2273,3645.14,2693.43,13875,false
2023-04-25,2023,4,25,1,2,0,0,0,3030,8.016647877057803,3826,5302,1545,3320.57,2737,7884,false
2023-04-26,2023,4,26,2,2,0,0,0,510,6.236369590203704,3030,1086,2255,3238.29,2725.33,7798,false
2023-04-27,2023,4,27,3,2,0,0,0,2326,7.752335163302291,510,6066,32903,2704,2730.1,7896,false
2023-04-28,2023,4,28,4,2,0,0,0,3078,8.0323601479245,2326,2268,4059,2819.71,2170.57,18724,false
2023-04-29,2023,4,29,5,2,1,0,0,2873,7.96346006663897,3078,3351,2238,2751.43,2232.2,13336,false
2023-04-30,2023,4,30,6,2,1,0,1,1720,7.450660796211539,2873,3617,1034,2480.43,2154.17,9125,false
2023-05-01,2023,5,1,0,2,0,1,0,154,5.043425116919247,1720,3826,2770,1955.86,2143.17,6852,false
2023-05-02,2023,5,2,1,2,0,0,0,0,0,154,3030,1326,1523,2131.17,3437,false
2023-05-03,2023,5,3,2,2,0,0,0,16895,9.734832186505988,0,510,2688,3863.71,2657.2,22554,false
2023-05-04,2023,5,4,3,2,0,0,0,800,6.685860947068359,16895,2326,590,3645.71,2645.97,12379,false
2023-05-05,2023,5,5,4,2,0,0,0,70,4.2626798770413155,800,3078,870,3216,2646.97,3139,false
2023-05-06,2023,5,6,5,2,1,0,0,1280,7.155396301896734,70,2873,1641,2988.43,2638.73,9633,false
2023-05-07,2023,5,7,6,2,1,0,0,416,6.0330862217988015,1280,1720,1854,2802.14,2617.43,12629,false
2023-05-08,2023,5,8,0,2,0,0,0,1000,6.90875477931522,416,154,562,2923,2620.8,4628,false
2023-05-09,2023,5,9,1,2,0,0,0,770,6.647688373563329,1000,0,1440,3033,2631.6,3993,false
2023-05-10,2023,5,10,2,2,0,0,0,582,6.368187186350492,770,16895,546,702.57,2640.33,3203,false
2023-05-11,2023,5,11,3,2,0,0,0,2626,7.873597789685539,582,800,4063,963.43,2631.47,6147,false
2023-05-12,2023,5,12,4,2,0,0,0,3639,8.199738960630786,2626,70,1190,1473.29,2655.23,10004,false
2023-05-13,2023,5,13,5,2,1,0,0,1042,6.949856455000773,3639,1280,1443,1439.29,2689.97,7386,false
2023-05-14,2023,5,14,6,2,1,0,0,1830,7.5126175446745105,1042,416,2816,1641.29,2728.97,6979,false
2023-05-15,2023,5,15,0,2,0,0,0,4579,8.429454277108231,1830,1000,1188,2152.57,2829.63,9362,false
2023-05-16,2023,5,16,1,2,0,0,0,3125,8.047509510981422,4579,770,1157,2489,2767.2,8769,false
2023-05-17,2023,5,17,2,2,0,0,0,2252,7.720017940432244,3125,582,640,2727.57,2670.43,6297,false
2023-05-18,2023,5,18,3,2,0,0,0,1986,7.594381242551816,2252,2626,1544,2636.14,2559.9,6843,false
2023-05-19,2023,5,19,4,2,0,0,0,1769,7.478734825567875,1986,3639,1151,2369,2582.67,7754,false
2023-05-20,2023,5,20,5,2,1,0,0,3793,8.24117615049496,1769,1042,783,2762,2506.9,10088,false
2023-05-21,2023,5,21,6,2,1,0,0,2346,7.760893195851024,3793,1830,2239,2835.71,2509.5,8041,false
2023-05-22,2023,5,22,0,2,0,0,0,3719,8.221478947267192,2346,4579,2755,2712.86,2521.77,12000,false
2023-05-23,2023,5,23,1,2,0,0,0,12832,9.459775257244461,3719,3125,2419,4099.57,2828.93,18949,false
2023-05-24,2023,5,24,2,2,0,0,0,2692,7.898411092811599,12832,2252,2369,4162.43,2791.13,56413,false
2023-05-25,2023,5,25,3,2,0,0,0,3560,8.177796683277778,2692,1986,2119,4387.29,2808.8,8468,false
2023-05-26,2023,5,26,4,2,0,0,0,2586,7.858254182186029,3560,1769,2221,4504,2878,5587,false
2023-05-27,2023,5,27,5,2,1,0,0,2008,7.605392364814934,2586,3793,1500,4249,2867.4,5046,false
2023-05-28,2023,5,28,6,2,1,0,0,1212,7.10085190894405,2008,2346,1385,4087,2805.2,2548,false
2023-05-29,2023,5,29,0,2,0,0,0,0,0,1212,3719,43239,3555.71,2709.43,1960,false
2023-05-30,2023,5,30,1,2,0,0,0,0,0,0,12832,2520,1722.57,2652.1,2880,false
2023-05-31,2023,5,31,2,2,0,0,1,0,0,0,2692,1375,1338,2646.97,1720,false
2023-06-01,2023,6,1,3,2,0,1,0,1683,7.428927194802272,0,3560,979,1069.86,2703.07,7280,false
2023-06-02,2023,6,2,4,2,0,0,0,1497,7.311886164077165,1683,2586,2500,914.29,2189.8,10391,false
2023-06-03,2023,6,3,5,2,1,0,0,430,6.066108090103747,1497,2008,2260,688.86,2177.47,20878,false
2023-06-04,2023,6,4,6,2,1,0,0,1040,6.947937068614968,430,1212,571,664.29,2209.8,6751,false
2023-06-05,2023,6,5,0,2,0,0,0,220,5.3981627015177525,1040,0,1723,695.71,2174.47,3902,false
2023-06-06,2023,6,6,1,2,0,0,0,980,6.888572459565363,220,0,2449,835.71,2193.27,8137,false
2023-06-07,2023,6,7,2,2,0,0,0,1410,7.2520539518528135,980,0,1634,1037.14,2206.93,6374,false
2023-06-08,2023,6,8,3,2,0,0,0,217,5.384495062789089,1410,1683,629,827.71,2188.5,4432,false
2023-06-09,2023,6,9,4,2,0,0,0,380,5.9427993751267,217,1497,155,668.14,2181.77,4189,false
2023-06-10,2023,6,10,5,2,1,0,0,1377,7.228388451573603,380,430,761,803.43,2140.13,4246,false
2023-06-11,2023,6,11,6,2,1,0,0,2440,7.800163070392959,1377,1040,14961,1003.43,2100.17,6579,false
2023-06-12,2023,6,12,0,2,0,0,0,3292,8.099554282376364,2440,220,2603,1442.29,2175.17,20478,false
2023-06-13,2023,6,13,1,2,0,0,0,1887,7.543273346705446,3292,980,1097,1571.86,2177.07,13777,false
2023-06-14,2023,6,14,2,2,0,0,0,3769,8.234830280442056,1887,1410,1373,1908.86,2150.07,11785,false
2023-06-15,2023,6,15,3,2,0,0,0,4764,8.469052816088302,3769,217,1208,2558.43,2204.7,13450,false
2023-06-16,2023,6,16,4,2,0,0,0,3902,8.269500767180615,4764,380,1159,3061.57,2259.7,10228,false
2023-06-17,2023,6,17,5,2,1,0,0,3365,8.121480374750751,3902,1377,983,3345.57,2305.67,8906,false
2023-06-18,2023,6,18,6,2,1,0,0,5388,8.592115117933496,3365,2440,783,3766.71,2426.3,10984,false
2023-06-19,2023,6,19,0,2,0,0,0,1758,7.472500744737558,5388,3292,1440,3547.57,2358.47,5226,false
2023-06-20,2023,6,20,1,2,0,0,0,1300,7.170888478512505,1758,1887,3150,3463.71,2323.6,6280,false
2023-06-21,2023,6,21,2,2,0,0,0,1994,7.598399329323963,1300,3769,254,3210.14,2266.1,6781,false
2023-06-22,2023,6,22,3,2,0,0,0,1827,7.510977752014095,1994,4764,2272,2790.57,1899.27,7118,false
2023-06-23,2023,6,23,4,2,0,0,0,2396,7.781973234434384,1827,3902,4318,2575.43,1889.4,11837,false
2023-06-24,2023,6,24,5,2,1,0,0,17719.25,9.782463332411695,2396,3365,2999,4626.04,2361.38,26527.25,false
2023-06-25,2023,6,25,6,2,1,0,0,1962,7.582229194276461,17719.25,5388,1916,4136.61,2340.57,7999,false
2023-06-26,2023,6,26,0,2,0,0,0,2486,7.818832443803404,1962,1758,2088,4240.61,2356.51,5832,false
2023-06-27,2023,6,27,1,2,0,0,0,1740,7.462214939768189,2486,1300,1201,4303.46,2374.11,5757,false
2023-06-28,2023,6,28,2,2,0,0,0,1060,6.966967138613983,1740,1994,2714,4170.04,2409.44,9195,false
2023-06-29,2023,6,29,3,2,0,0,0,2736,7.914617709040678,1060,1827,22407,4299.89,2500.64,6321,false
2023-06-30,2023,6,30,4,2,0,0,1,1354,7.211556733313801,2736,2396,145,4151.04,2545.78,39737,false
2023-07-01,2023,7,1,5,3,1,1,0,1817,7.505492274737424,1354,17719.25,2969,1879.29,2550.24,11482,false
2023-07-02,2023,7,2,6,3,1,0,0,358,5.883322388488279,1817,1962,1290,1650.14,2512.28,7538,false
2023-07-03,2023,7,3,0,3,0,0,0,567,6.342121418721151,358,2486,3395,1376,2516.84,3058,false
2023-07-04,2023,7,4,1,3,0,0,0,0,0,567,1740,3066,1127.43,2482.18,450,false
2023-07-05,2023,7,5,2,3,0,0,0,1662,7.416378479192927,0,1060,2371,1213.43,2530.24,7824,false
2023-07-06,2023,7,6,3,3,0,0,0,1696,7.436617265234226,1662,2736,3062,1064.86,2554.11,6647,false
2023-07-07,2023,7,7,4,3,0,0,0,1940,7.57095858316901,1696,1354,1006,1148.57,2571.78,5965,false
2023-07-08,2023,7,8,5,3,1,0,0,240,5.484796933490655,1940,1817,3203,923.29,2572.54,3155,false
2023-07-09,2023,7,9,6,3,1,0,0,1200,7.0909098220799835,240,358,3213,1043.57,2599.88,6411,false
2023-07-10,2023,7,10,0,3,0,0,0,1487,7.305188215393037,1200,567,1561,1175,2603.54,5175,false
2023-07-11,2023,7,11,1,3,0,0,0,2308,7.744569809354495,1487,0,2980,1504.71,2599.14,7766,false
2023-07-12,2023,7,12,2,3,0,0,0,1380,7.230563153409292,2308,1662,2729,1464.43,2535.41,6813,false
2023-07-13,2023,7,13,3,3,0,0,0,1651,7.409741954080923,1380,1696,1635,1458,2527.54,5512,false
2023-07-14,2023,7,14,4,3,0,0,0,322,5.777652323222656,1651,1940,1171,1226.86,2412.64,2327,false
2023-07-15,2023,7,15,5,3,1,0,0,1637,7.401231264413014,322,240,1242,1426.43,2308.41,3346,false
2023-07-16,2023,7,16,6,3,1,0,0,1090,6.994849985833071,1637,1200,668,1410.71,2214.68,3982,false
2023-07-17,2023,7,17,0,3,0,0,0,560,6.329720905522696,1090,1487,1102,1278.29,2121.18,2924,false
2023-07-18,2023,7,18,1,3,0,0,0,1934,7.567862605463882,560,2308,658,1224.86,2006.04,5915,false
2023-07-19,2023,7,19,2,3,0,0,0,4038,8.303752415563412,1934,1380,2160,1604.57,2082.04,10987,false
2023-07-20,2023,7,20,3,3,0,0,0,3982,8.289790583181643,4038,1651,3745,1937.57,2171.44,10726,false
2023-07-21,2023,7,21,4,3,0,0,0,1159,7.05617528410041,3982,322,3465,2057.14,2143.61,8206,false
2023-07-22,2023,7,22,5,3,1,0,0,200,5.303304908059076,1159,1637,1975,1851.86,2089.38,4839,false
2023-07-23,2023,7,23,6,3,1,0,0,1080,6.985641817639208,200,1090,2897,1850.43,2045.51,3662,false
2023-07-24,2023,7,24,0,3,0,0,0,1910,7.555381944240273,1080,560,3225,2043.29,1518.53,3262,false
2023-07-25,2023,7,25,1,3,0,0,0,27604,10.225752194718144,1910,1934,6603,5710.43,2373.27,42965,false
2023-07-26,2023,7,26,2,3,0,0,0,200,5.303304908059076,27604,4038,1084,5162.14,2297.07,742,false
2023-07-27,2023,7,27,3,3,0,0,0,0,0,200,3982,1907,4593.29,2239.07,871,false
2023-07-28,2023,7,28,4,3,0,0,0,1361,7.216709486709457,0,1159,3125,4622.14,2249.1,10289,false
2023-07-29,2023,7,29,5,3,1,0,0,564,6.33682573114644,1361,200,28705,4674.14,2176.7,2048,false
2023-07-30,2023,7,30,6,3,1,0,0,1000,6.90875477931522,564,1080,1229,4662.71,2164.9,12366,false
2023-07-31,2023,7,31,0,3,0,0,1,844,6.739336627357174,1000,1910,0,4510.43,2132.47,3095,false
2023-08-01,2023,8,1,1,3,0,1,0,772,6.6502790485874215,844,27604,3646,677.29,2146.27,3936,false
2023-08-02,2023,8,2,2,3,0,0,0,819,6.709304340258298,772,200,766,765.71,2154.67,15862,false
2023-08-03,2023,8,3,3,3,0,0,0,1170,7.065613363597717,819,0,2849,932.86,2193.67,3084,false
2023-08-04,2023,8,4,4,3,0,0,0,808,6.695798917058491,1170,1361,3206,853.86,2165.2,3520,false
2023-08-05,2023,8,5,5,3,1,0,0,70,4.2626798770413155,808,564,1161,783.29,2111,6923,false
2023-08-06,2023,8,6,6,3,1,0,0,2470,7.81237820598861,70,1000,2634,993.29,2128.67,6962,false
2023-08-07,2023,8,7,0,3,0,0,0,1883,7.5411524551363085,2470,844,292,1141.71,2183.43,6017,false
2023-08-08,2023,8,8,1,3,0,0,0,762,6.637258031284457,1883,772,700,1140.29,2168.83,4282,false
2023-08-09,2023,8,9,2,3,0,0,0,2867,7.961370201719511,762,819,2461,1432.86,2214.83,8330,false
2023-08-10,2023,8,10,3,3,0,0,0,2308,7.744569809354495,2867,1170,1373,1595.43,2214.83,7610,false
2023-08-11,2023,8,11,4,3,0,0,0,1852,7.52456122628536,2308,808,1981,1744.57,2230.57,5248,false
2023-08-12,2023,8,12,5,3,1,0,0,3046,8.021912778985708,1852,70,3012,2169.71,2277.07,8165,false
2023-08-13,2023,8,13,6,3,1,0,0,3501,8.161089512845797,3046,2470,1686,2317,2383.03,8514,false
2023-08-14,2023,8,14,0,3,0,0,0,1243,7.126087273299125,3501,1883,919,2225.57,2369.9,4249,false
2023-08-15,2023,8,15,1,3,0,0,0,3436,8.142354276849833,1243,762,621,2607.57,2448.1,40083,false
2023-08-16,2023,8,16,2,3,0,0,0,2570,7.852050207265889,3436,2867,532,2565.14,2515.1,6411,false
2023-08-17,2023,8,17,3,3,0,0,0,1118,7.020190708311925,2570,2308,1443,2395.14,2487.9,5197,false
2023-08-18,2023,8,18,4,3,0,0,0,507,6.230481447578482,1118,1852,629,2203,2370.2,3852,false
2023-08-19,2023,8,19,5,3,1,0,0,1034,6.942156705699469,507,3046,2990,1915.57,2271.93,6047,false
2023-08-20,2023,8,20,6,3,1,0,0,304,5.720311776607412,1034,3501,1567,1458.86,2243.43,2736,false
2023-08-21,2023,8,21,0,3,0,0,0,1611,7.385230923066573,304,1243,2992,1511.43,2290.47,6776,false
2023-08-22,2023,8,22,1,3,0,0,0,28989,10.2747062219157,1611,3436,1354,5161.86,3220.77,52937,false
2023-08-23,2023,8,23,2,3,0,0,0,1909,7.554858521040675,28989,2570,1452,5067.43,3220.73,9651,false
2023-08-24,2023,8,24,3,3,0,0,0,867,6.76619171466035,1909,1118,1463,5031.57,2329.5,4975,false
2023-08-25,2023,8,25,4,3,0,0,0,1366,7.220373836723949,867,507,1577,5154.29,2368.37,4479,false
2023-08-26,2023,8,26,5,3,1,0,0,1621,7.391415234675358,1366,1034,795,5238.14,2422.4,6299,false
2023-08-27,2023,8,27,6,3,1,0,0,0,0,1621,304,1868,5194.71,2377.03,3410,false
2023-08-28,2023,8,28,0,3,0,0,0,0,0,0,1611,1482,4964.57,2358.23,310,false
2023-08-29,2023,8,29,1,3,0,0,0,200,5.303304908059076,0,28989,42475,851.86,2331.57,768,false
2023-08-30,2023,8,30,2,3,0,0,0,0,0,200,1909,1158,579.14,2303.43,314,false
2023-08-31,2023,8,31,3,3,0,0,1,610,6.415096959171595,0,867,1135,542.43,2298.03,5118,false
2023-09-01,2023,9,1,4,3,0,1,0,1912,7.556427969440253,610,1366,1651,620.43,2334.47,5882,false
2023-09-02,2023,9,2,5,3,1,0,0,2391,7.779885115070522,1912,1621,2719,730.43,2375.17,9586,false
2023-09-03,2023,9,3,6,3,1,0,0,250,5.5254529391317835,2391,0,386,766.14,2356.57,4710,false
2023-09-04,2023,9,4,0,3,0,0,0,1257,7.1372784372603855,250,0,2291,945.71,2396.13,5712,false
2023-09-05,2023,9,5,1,3,0,0,0,400,5.993961427306569,1257,200,1344,974.29,2327.13,10792,false
2023-09-06,2023,9,6,2,3,0,0,0,4622,8.438799123988225,400,0,2970,1634.57,2418.43,9952,false
2023-09-07,2023,9,7,3,3,0,0,0,2271,7.7284157798410416,4622,610,2373,1871.86,2468.73,6735,false
2023-09-08,2023,9,8,4,3,0,0,0,547,6.306275286948015,2271,1912,0,1676.86,2391.4,3034,false
2023-09-09,2023,9,9,5,3,1,0,0,2227,7.708859601047174,547,2391,937,1653.43,2388.7,7852,false
2023-09-10,2023,9,10,6,3,1,0,0,1094,6.998509642250601,2227,250,998,1774,2363.43,5459,false
2023-09-11,2023,9,11,0,3,0,0,0,2701,7.901747518520144,1094,1257,1896,1980.29,2351.93,6881,false
2023-09-12,2023,9,12,1,3,0,0,0,2057,7.629489916393995,2701,400,2409,2217,2303.8,8171,false
2023-09-13,2023,9,13,2,3,0,0,0,729,6.593044534142437,2057,4622,760,1660.86,2286.67,4269,false
2023-09-14,2023,9,14,3,3,0,0,0,1190,7.0825485693553,729,2271,972,1506.43,2211.8,7392,false
2023-09-15,2023,9,15,4,3,0,0,0,2046,7.624130585661289,1190,547,328,1720.57,2194.33,7954,false
2023-09-16,2023,9,16,5,3,1,0,0,1614,7.387090235656757,2046,2227,1127,1633,2210.87,4825,false
2023-09-17,2023,9,17,6,3,1,0,0,2246,7.717351272185329,1614,1094,290,1797.57,2268.83,9083,false
2023-09-18,2023,9,18,0,3,0,0,0,2387,7.778211474512492,2246,2701,358,1752.71,2313.93,6879,false
2023-09-19,2023,9,19,1,3,0,0,0,487,6.190315405853147,2387,2057,1113,1528.43,2320.03,4794,false
2023-09-20,2023,9,20,2,3,0,0,0,1365,7.2196420401307355,487,729,2042,1619.29,2311.83,7549,false
2023-09-21,2023,9,21,3,3,0,0,0,2561,7.848543482456679,1365,1190,242,1815.14,1430.9,7484,false
2023-09-22,2023,9,22,4,3,0,0,0,720,6.580639137284948,2561,2046,438,1625.71,1391.27,2974,false
2023-09-23,2023,9,23,5,3,1,0,0,2120,7.659642954564682,720,1614,1056,1698,1433.03,11854,false
2023-09-24,2023,9,24,6,3,1,0,0,1348,7.207118856207756,2120,2246,1346,1569.71,1432.43,4294,false
2023-09-25,2023,9,25,0,3,0,0,0,1750,7.467942332285851,1348,2387,1132,1478.71,1436.73,12007,false
2023-09-26,2023,9,26,1,3,0,0,0,720,6.580639137284948,1750,487,0,1512,1460.73,7326,false
2023-09-27,2023,9,27,2,3,0,0,0,21760,9.987874655796292,720,1365,1771,4425.57,2186.07,31347,false
2023-09-28,2023,9,28,3,3,0,0,0,1891,7.545389749611823,21760,2561,883,4329.86,2242.43,8272,false
2023-09-29,2023,9,29,4,3,0,0,0,1017,6.925595197110468,1891,720,522,4372.29,2276.33,4292,false
2023-09-30,2023,9,30,5,3,1,0,1,332,5.808142489980444,1017,2120,12903,4116.86,2267.07,6292,false
2023-10-01,2023,10,1,6,4,1,1,0,2718,7.908019444632471,332,1348,2470,4312.57,2293.93,6425,false
2023-10-02,2023,10,2,0,4,0,0,0,2488,7.819636302367591,2718,1750,5169,4418,2297.17,7215,false
2023-10-03,2023,10,3,1,4,0,0,0,2984,8.001355025826703,2488,720,783,4741.43,2388.3,13391,false
2023-10-04,2023,10,4,2,4,0,0,0,2254,7.720905251936778,2984,21760,3106,1954.86,2421.53,7554,false
2023-10-05,2023,10,5,3,4,0,0,0,1170,7.065613363597717,2254,1891,87,1851.86,2447.2,4106,false
2023-10-06,2023,10,6,4,4,0,0,0,1289,7.162397497355718,1170,1017,2448,1890.71,2336.1,4762,false
2023-10-07,2023,10,7,5,4,1,0,0,4325,8.372398606513004,1289,332,860,2461.14,2404.57,11145,false
2023-10-08,2023,10,8,6,4,1,0,0,50,3.9318256327243257,4325,2718,357,2080,2388,4528,false
2023-10-09,2023,10,9,0,4,0,0,0,1065,6.97166860472579,50,2488,1490,1876.71,2349.27,4999,false
2023-10-10,2023,10,10,1,4,0,0,0,1266,7.144407180321139,1065,2984,678,1631.29,2355,5507,false
2023-10-11,2023,10,11,2,4,0,0,0,1672,7.422373700986824,1266,2254,1755,1548.14,2320.7,5039,false
2023-10-12,2023,10,12,3,4,0,0,0,1898,7.549082710812286,1672,1170,2410,1652.14,2315.4,6766,false
2023-10-13,2023,10,13,4,4,0,0,0,447,6.104793232414985,1898,1289,125,1531.86,2306,3780,false
2023-10-14,2023,10,14,5,4,1,0,0,1782,7.48605261786314,447,4325,938,1168.57,2325.73,6772,false
2023-10-15,2023,10,15,6,4,1,0,0,3221,8.077757563736919,1782,50,1218,1621.57,2364.9,17459,false
2023-10-16,2023,10,16,0,4,0,0,0,1596,7.3758821482150125,3221,1065,705,1697.43,2364.3,5958,false
2023-10-17,2023,10,17,1,4,0,0,0,3966,8.28576542051433,1596,1266,1809,2083.14,2421.63,9739,false
2023-10-18,2023,10,18,2,4,0,0,0,3335,8.112527763478637,3966,1672,1499,2320.71,2453.23,6892,false
2023-10-19,2023,10,19,3,4,0,0,0,872,6.771935555839602,3335,1898,1615,2174.14,2466.07,6764,false
2023-10-20,2023,10,20,4,4,0,0,0,3352,8.117610746466228,872,447,3883,2589.14,2532.3,6801,false
2023-10-21,2023,10,21,5,4,1,0,0,1086,6.99117688712121,3352,1782,3232,2489.71,2483.13,5286,false
2023-10-22,2023,10,22,6,4,1,0,0,1810,7.501634457883413,1086,3221,3156,2288.14,2519.47,6342,false
2023-10-23,2023,10,23,0,4,0,0,0,2658,7.88570539124302,1810,1596,4198,2439.86,2537.4,6363,false
2023-10-24,2023,10,24,1,4,0,0,0,1385,7.234177179749849,2658,3966,1703,2071.14,2538.63,5434,false
2023-10-25,2023,10,25,2,4,0,0,0,1486,7.304515946460155,1385,3335,489,1807,2529.83,9484,false
2023-10-26,2023,10,26,3,4,0,0,0,1085,6.990256500493881,1486,872,203,1837.43,2542,6771,false
2023-10-27,2023,10,27,4,4,0,0,0,1394,7.240649694255466,1085,3352,678,1557.71,1863.13,10522,false
2023-10-28,2023,10,28,5,4,1,0,0,26866,10.198654046697534,1394,1086,667,5240.57,2695.63,40183,false
2023-10-29,2023,10,29,6,4,1,0,0,2264,7.725330037917134,26866,1810,0,5305.43,2737.2,9573,false
2023-10-30,2023,10,30,0,4,0,0,0,0,0,2264,2658,397,4925.71,2726.13,1534,false
2023-10-31,2023,10,31,1,4,0,0,1,1218,7.105786129481271,0,1385,435,4901.86,2676.13,5384,false
2023-11-01,2023,11,1,2,4,0,1,0,1818,7.506042178518122,1218,1486,2904,4949.29,2653.8,4858,false
2023-11-02,2023,11,2,3,4,0,0,0,2898,7.972121128921655,1818,1085,2439,5208.29,2650.93,8176,false
2023-11-03,2023,11,3,4,4,0,0,0,2292,7.737616282857904,2898,1394,1450,5336.57,2652.2,7256,false
2023-11-04,2023,11,4,5,4,1,0,0,0,0,2292,26866,609,1498.57,2613.2,2862,false
2023-11-05,2023,11,5,6,4,1,0,0,1743,7.463936604468925,0,2264,1065,1424.14,2628.33,7510,false
2023-11-06,2023,11,6,0,4,0,0,0,1279,7.154615356913663,1743,0,1345,1606.86,2526.8,4525,false
2023-11-07,2023,11,7,1,4,0,0,0,3076,8.031710375322042,1279,1218,609,1872.29,2627.67,8500,false
2023-11-08,2023,11,8,2,4,0,0,0,2129,7.6638772587034705,3076,1818,678,1916.71,2663.13,7680,false
2023-11-09,2023,11,9,3,4,0,0,0,1277,7.15305163493748,2129,2898,1422,1685.14,2663.5,5116,false
2023-11-10,2023,11,10,4,4,0,0,0,3582,8.183955717304954,1277,2292,1513,1869.43,2727.17,7499,false
2023-11-11,2023,11,11,5,4,1,0,0,772,6.6502790485874215,3582,0,1509,1979.71,2689.63,17213,false
2023-11-12,2023,11,12,6,4,1,0,0,2091,7.645875825184813,772,1743,1324,2029.43,2744.43,11653,false
2023-11-13,2023,11,13,0,4,0,0,0,508,6.2324480165505225,2091,1279,995,1919.29,2701.97,3585,false
2023-11-14,2023,11,14,1,4,0,0,0,4026,8.300776960851454,508,3076,1811,2055,2728.8,7146,false
2023-11-15,2023,11,15,2,4,0,0,0,550,6.311734809152914,4026,2129,2783,1829.43,2693.93,3083,false
2023-11-16,2023,11,16,3,4,0,0,0,167,5.123963979403259,550,1277,3448,1670.86,2567.3,2613,false
2023-11-17,2023,11,17,4,4,0,0,0,791,6.674561391814426,167,3582,3235,1272.14,2482.5,4320,false
2023-11-18,2023,11,18,5,4,1,0,0,1821,7.507690077819904,791,772,3607,1422,2514.13,3287,false
2023-11-19,2023,11,19,6,4,1,0,0,350,5.860786223465865,1821,2091,2706,1173.29,2414.07,1536,false
2023-11-20,2023,11,20,0,4,0,0,0,0,0,350,508,3132,1100.71,2377.87,3705,false
2023-11-21,2023,11,21,1,4,0,0,0,0,0,0,4026,2911,525.57,2317.53,1534,false
2023-11-22,2023,11,22,2,4,0,0,0,1104,7.007600613951853,0,550,5013,604.71,2265.73,8144,false
2023-11-23,2023,11,23,3,4,0,0,0,900,6.803505257608338,1104,167,1882,709.43,2249.57,3624,false
2023-11-24,2023,11,24,4,4,0,0,0,1800,7.496097345175956,900,791,1977,853.57,2260.03,6384,false
2023-11-25,2023,11,25,5,4,1,0,0,1237,7.121252453244542,1800,1821,2159,770.14,2265.1,5116,false
2023-11-26,2023,11,26,6,4,1,0,0,1484,7.303170051236799,1237,350,2397,932.14,2268.1,11516,false
2023-11-27,2023,11,27,0,4,0,0,0,29363,10.287524713230672,1484,0,1315,5126.86,2351.33,38199,false
2023-11-28,2023,11,28,1,4,0,0,0,550,6.311734809152914,29363,0,3217,5205.43,2294.2,4369,false
2023-11-29,2023,11,29,2,4,0,0,0,1679,7.426549072397305,550,1104,16086,5287.57,2350.17,5377,false
2023-11-30,2023,11,30,3,4,0,0,1,278,5.631211781821365,1679,900,1743,5198.71,2318.83,4820,false
2023-12-01,2023,12,1,4,4,0,1,0,899,6.802394763324311,278,1800,2590,5070,2288.2,3143,false
2023-12-02,2023,12,2,5,4,1,0,0,3504,8.16194579946869,899,1237,300,5393.86,2308.4,8640,false
2023-12-03,2023,12,3,6,4,1,0,0,1078,6.983789965258135,3504,1484,960,5335.86,2267.93,5980,false
2023-12-04,2023,12,4,0,4,0,0,0,1942,7.571988449377439,1078,29363,415,1418.57,2332.67,3452,false
2023-12-05,2023,12,5,1,4,0,0,0,2308,7.744569809354495,1942,550,1558,1669.71,2351.5,12498,false
2023-12-06,2023,12,6,2,4,0,0,0,870,6.769641976852503,2308,1679,1334,1554.14,2337.87,3504,false
2023-12-07,2023,12,7,3,4,0,0,0,1477,7.298445101508147,870,278,1075,1725.43,2284.57,4807,false
2023-12-08,2023,12,8,4,4,0,0,0,2290,7.736743682453495,1477,899,1363,1924.14,2289.93,7551,false
2023-12-09,2023,12,9,5,4,1,0,0,3277,8.094988759303774,2290,3504,1579,1891.71,2356.6,7050,false
2023-12-10,2023,12,10,6,4,1,0,0,640,6.46302945692067,3277,1078,533,1829.14,2258.53,6208,false
2023-12-11,2023,12,11,0,4,0,0,0,1778,7.483806687665835,640,1942,2740,1805.71,2292.07,5401,false
2023-12-12,2023,12,12,1,4,0,0,0,3465,8.150756470275551,1778,2308,1333,1971,2337.87,8081,false
2023-12-13,2023,12,13,2,4,0,0,0,2439,7.799753318287247,3465,870,1432,2195.14,2402.23,6725,false
2023-12-14,2023,12,14,3,4,0,0,0,842,6.736966958001855,2439,1477,1383,2104.43,2296.1,6909,false
2023-12-15,2023,12,15,4,4,0,0,0,2239,7.7142311448490855,842,2290,2517,2097.14,2352.4,6574,false
2023-12-16,2023,12,16,5,4,1,0,0,1556,7.350516171833998,2239,3277,1032,1851.29,2398.7,6867,false
2023-12-17,2023,12,17,6,4,1,0,0,458,6.129050210060545,1556,640,2440,1825.29,2387.6,3867,false
2023-12-18,2023,12,18,0,4,0,0,0,1377,7.228388451573603,458,1778,2611,1768,2372.8,4736,false
2023-12-19,2023,12,19,1,4,0,0,0,3332,8.111628078307739,1377,3465,958,1749,2472.2,9295,false
2023-12-20,2023,12,20,2,4,0,0,0,1915,7.557994958530806,3332,2439,628,1674.14,2536.03,30344,false
2023-12-21,2023,12,21,3,4,0,0,0,1475,7.297091005160418,1915,842,2264,1764.57,2585.2,9222,false
2023-12-22,2023,12,22,4,4,0,0,0,700,6.55250788703459,1475,2239,1927,1544.71,2571.73,8251,false
2023-12-23,2023,12,23,5,4,1,0,0,1442,7.27447955877387,700,1556,1384,1528.43,2589.8,9059,false
2023-12-24,2023,12,24,6,4,1,0,0,30550,10.327152697288243,1442,458,0,5827.29,3548.13,42431,false
2023-12-25,2023,12,25,0,4,0,0,0,0,0,30550,1377,0,5630.57,3506.9,180,false
2023-12-26,2023,12,26,1,4,0,0,0,223,5.4116460518550396,0,3332,182,5186.43,3464.87,3769,false
2023-12-27,2023,12,27,2,4,0,0,0,664,6.499787040655854,223,1915,1209,5007.71,2508.23,4675,false
2023-12-28,2023,12,28,3,4,0,0,0,1680,7.427144133408615,664,1475,600,5037,2545.9,11245,false
2023-12-29,2023,12,29,4,4,0,0,0,460,6.133398042996649,1680,700,1394,5002.71,2505.27,6064,false
2023-12-30,2023,12,30,5,4,1,0,0,1432,7.267525427828172,460,1442,272,5001.29,2543.73,5498,false
2023-12-31,2023,12,31,6,4,1,0,1,370,5.916202062607435,1432,30550,1645,689.86,2526.1,3938,false
2024-01-01,2024,1,1,0,1,0,1,0,445,6.100318952020064,370,0,0,753.43,2424.13,1313,false
2024-01-02,2024,1,2,1,1,0,0,0,996,6.904750769961838,445,223,0,863.86,2421.4,4015,false
2024-01-03,2024,1,3,2,1,0,0,0,2129,7.6638772587034705,996,664,1260,1073.14,2427.63,7064,false
2024-01-04,2024,1,4,3,1,0,0,0,1541,7.340835554123275,2129,1680,1626,1053.29,2402.07,6258,false
2024-01-05,2024,1,5,4,1,0,0,0,1035,6.943122422819428,1541,460,21495,1135.43,2407.57,14963,false
2024-01-06,2024,1,6,5,1,1,0,0,1663,7.416979621381154,1035,1432,470,1168.43,2413.77,6507,false
2024-01-07,2024,1,7,6,1,1,0,0,1440,7.273092595999522,1663,370,2153,1321.29,2385.43,4619,false
2024-01-08,2024,1,8,0,1,0,0,0,746,6.616065185132817,1440,445,1512,1364.29,2301.07,4980,false
2024-01-09,2024,1,9,1,1,0,0,0,1204,7.094234845924755,746,996,1107,1394,2319.87,6274,false
2024-01-10,2024,1,10,2,1,0,0,0,2661,7.8868329989550565,1204,2129,832,1470,2349.3,6855,false
2024-01-11,2024,1,11,3,1,0,0,0,656,6.48768401848461,2661,1541,0,1343.57,2255.67,2884,false
2024-01-12,2024,1,12,4,1,0,0,0,1140,7.039660349862076,656,1035,396,1358.57,2212.37,4435,false
2024-01-13,2024,1,13,5,1,1,0,0,2313,7.746732907753621,1140,1663,1344,1451.43,2261.4,7560,false
2024-01-14,2024,1,14,6,1,1,0,0,637,6.45833828334479,2313,1440,1936,1336.71,2208,4289,false
2024-01-15,2024,1,15,0,1,0,0,0,435,6.077642243349034,637,746,1029,1292.29,2170.63,4387,false
2024-01-16,2024,1,16,1,1,0,0,0,107,4.68213122712422,435,1204,2437,1135.57,2158.93,3102,false
2024-01-17,2024,1,17,2,1,0,0,0,505,6.226536669287466,107,2661,503,827.57,2129.87,5510,false
2024-01-18,2024,1,18,3,1,0,0,0,138,4.9344739331306915,505,656,3532,753.57,2023.4,3722,false
2024-01-19,2024,1,19,4,1,0,0,0,1270,7.147559271189454,138,1140,1703,772.14,2001.9,4928,false
2024-01-20,2024,1,20,5,1,1,0,0,2090,7.645397699428633,1270,2313,157,740.29,2022.4,8682,false
2024-01-21,2024,1,21,6,1,1,0,0,2930,7.983098940710892,2090,637,194,1067.86,2096.73,9217,false
2024-01-22,2024,1,22,0,1,0,0,0,1642,7.404279118037268,2930,435,699,1240.29,2103.4,5544,false
2024-01-23,2024,1,23,1,1,0,0,0,222,5.407171771460119,1642,107,1230,1256.71,1092.47,3960,false
2024-01-24,2024,1,24,2,1,0,0,0,2517,7.831220214604293,222,505,2075,1544.14,1176.37,9565,false
2024-01-25,2024,1,25,3,1,0,0,0,822,6.71295620067707,2517,138,320,1641.86,1196.33,3883,false
2024-01-26,2024,1,26,4,1,0,0,0,1079,6.984716320118265,822,1270,30187,1614.57,1210.17,4616,false
2024-01-27,2024,1,27,5,1,1,0,0,1730,7.456454555176209,1079,2090,349,1563.14,1211.83,23341,false
2024-01-28,2024,1,28,6,1,1,0,0,1790,7.490529402060711,1730,2930,425,1400.29,1256.17,5411,false
2024-01-29,2024,1,29,0,1,0,0,0,1628,7.395721608602045,1790,1642,0,1398.29,1262.7,6216,false
2024-01-30,2024,1,30,1,1,0,0,0,3947,8.280964400553373,1628,222,252,1930.43,1381.93,9585,false
2024-01-31,2024,1,31,2,1,0,0,1,4219,8.347590407030058,3947,2517,455,2173.57,1507.73,10136,false
2024-02-01,2024,2,1,3,1,0,1,0,387,5.961005339623274,4219,822,356,2111.43,1487.43,2099,false
2024-02-02,2024,2,2,4,1,0,0,0,44383,10.700634323114558,387,1079,609,8297.71,2895.9,70930,false
2024-02-03,2024,2,3,5,1,1,0,0,658,6.490723534502507,44383,1730,1045,8144.57,2866.47,6221,false
2024-02-04,2024,2,4,6,1,1,0,0,2429,7.795646536334594,658,1790,803,8235.86,2912.93,7248,false
2024-02-05,2024,2,5,0,1,0,0,0,833,6.726233402358747,2429,1628,2902,8122.29,2885.27,7026,false
2024-02-06,2024,2,6,1,1,0,0,0,1429,7.265429723253953,833,3947,2658,7762.57,2884.9,7015,false
2024-02-07,2024,2,7,2,1,0,0,0,484,6.184148890937483,1429,4219,725,7229,2876.17,4423,false
2024-02-08,2024,2,8,3,1,0,0,0,1823,7.508787170634276,484,387,1320,7434.14,2896.8,10902,false
2024-02-09,2024,2,9,4,1,0,0,0,458,6.129050210060545,1823,44383,485,1159.14,2823.37,1433,false
2024-02-10,2024,2,10,5,1,1,0,0,1054,6.961296045910166,458,658,587,1215.71,2836.63,5051,false
2024-02-11,2024,2,11,6,1,1,0,0,717,6.576469569048224,1054,2429,450,971.14,2822.53,3336,false
2024-02-12,2024,2,12,0,1,0,0,0,1470,7.293697720601437,717,833,1707,1062.14,2794.43,14891,false
2024-02-13,2024,2,13,1,1,0,0,0,0,0,1470,1429,2282,858,2773.2,2677,false
2024-02-14,2024,2,14,2,1,0,0,0,842,6.736966958001855,0,484,1614,909.14,2786.77,4342,false
2024-02-15,2024,2,15,3,1,0,0,0,1222,7.109062135687172,842,1823,1338,823.29,2823.93,4971,false
2024-02-16,2024,2,16,4,1,0,0,0,4051,8.306965865368573,1222,458,879,1336.57,2942.13,7649,false
2024-02-17,2024,2,17,5,1,1,0,0,398,5.988961416889863,4051,1054,329,1242.86,2950.8,4119,false
2024-02-18,2024,2,18,6,1,1,0,0,2004,7.603399339740669,398,717,649,1426.71,2975.27,6143,false
2024-02-19,2024,2,19,0,1,0,0,0,1017,6.925595197110468,2004,1470,822,1362,2939.5,5679,false
2024-02-20,2024,2,20,1,1,0,0,0,1412,7.253470382684527,1017,0,1640,1563.71,2888.9,4871,false
2024-02-21,2024,2,21,2,1,0,0,0,1718,7.449498005382849,1412,842,1050,1688.86,2891.43,5694,false
2024-02-22,2024,2,22,3,1,0,0,0,676,6.517671272912275,1718,1222,1458,1610.86,2906.57,5982,false
2024-02-23,2024,2,23,4,1,0,0,0,378,5.937536205082426,676,4051,720,1086.14,2835.27,5299,false
2024-02-24,2024,2,24,5,1,1,0,0,1312,7.180069874302796,378,398,1430,1216.71,2851.6,5868,false
2024-02-25,2024,2,25,6,1,1,0,0,1555,7.349873704738337,1312,2004,1725,1152.57,2867.47,12883,false
2024-02-26,2024,2,26,0,1,0,0,0,1624,7.393263094763838,1555,1017,1083,1239.29,2863.93,10470,false
2024-02-27,2024,2,27,1,1,0,0,0,1509,7.31986492980897,1624,1412,983,1253.14,2854.57,5377,false
2024-02-28,2024,2,28,2,1,0,0,0,14492,9.581421053222517,1509,1718,490,3078,3283.37,29282,false
2024-02-29,2024,2,29,3,1,0,0,1,0,0,14492,676,1492,2981.43,3151.8,0,true
2024-03-01,2024,3,1,4,1,0,1,0,1146,7.04490511712937,0,378,1395,3091.14,3049.37,6105,false
2024-03-02,2024,3,2,5,1,1,0,0,3909,8.271292652979412,1146,1312,1140,3462.14,3166.77,13786,false
2024-03-03,2024,3,3,6,1,1,0,0,4015,8.298041661371565,3909,1555,1214,3813.57,1821.17,7554,false
2024-03-04,2024,3,4,0,1,0,0,0,2003,7.602900462204755,4015,1624,1030,3867.71,1866,4450,false
2024-03-05,2024,3,5,1,1,0,0,0,1251,7.132497551660044,2003,1509,940,3830.86,1826.73,7437,false
2024-03-06,2024,3,6,2,1,0,0,0,1161,7.057897937411856,1251,14492,650,1926.43,1837.67,5815,false
2024-03-07,2024,3,7,3,1,0,0,0,1066,6.9726062513017535,1161,0,78,2078.71,1825.57,4549,false
2024-03-08,2024,3,8,4,1,0,0,0,1742,7.463363045520021,1066,1146,280,2163.86,1867.5,6163,false
2024-03-09,2024,3,9,5,1,1,0,0,145,4.983606621708336,1742,3909,966,1626.14,1811.57,2247,false
2024-03-10,2024,3,10,6,1,1,0,0,80,4.394449154672438,145,4015,1050,1064,1798.97,4012,false
2024-03-11,2024,3,11,0,1,0,0,0,2110,7.65491704784832,80,2003,887,1079.29,1834.17,9288,false
2024-03-12,2024,3,12,1,1,0,0,0,2159,7.67786350067821,2110,1251,3124,1209,1882.23,6205,false
2024-03-13,2024,3,13,2,1,0,0,0,1153,7.050989447068044,2159,1161,1390,1207.86,1871.67,4379,false
2024-03-14,2024,3,14,3,1,0,0,0,1856,7.526717561352705,1153,1066,2190,1320.71,1933.53,4821,false
2024-03-15,2024,3,15,4,1,0,0,0,822,6.71295620067707,1856,1742,1074,1189.29,1932.87,6951,false
2024-03-16,2024,3,16,5,1,1,0,0,1042,6.949856455000773,822,145,2656,1317.43,1926.87,6644,false
2024-03-17,2024,3,17,6,1,1,0,0,678,6.520621127558696,1042,80,1365,1402.86,1814.43,5262,false
2024-03-18,2024,3,18,0,1,0,0,0,1270,7.147559271189454,678,2110,1412,1282.86,1843.5,3820,false
2024-03-19,2024,3,19,1,1,0,0,0,1664,7.4175804024145435,1270,2159,1270,1212.14,1832.17,16846,false
2024-03-20,2024,3,20,2,1,0,0,0,871,6.77078942390898,1664,1153,2741,1171.86,1827.3,4212,false
2024-03-21,2024,3,21,3,1,0,0,0,1103,7.00669522683704,871,1856,1219,1064.29,1817,4733,false
2024-03-22,2024,3,22,4,1,0,0,0,686,6.532334292222349,1103,822,2779,1044.86,1782.6,4739,false
2024-03-23,2024,3,23,5,1,1,0,0,320,5.771441123130016,686,1042,2780,941.71,1770.73,6116,false
2024-03-24,2024,3,24,6,1,1,0,0,3326,8.109826276018476,320,678,2704,1320,1869,7584,false
2024-03-25,2024,3,25,0,1,0,0,0,1270,7.147559271189454,3326,1270,1723,1320,1867.6,4958,false
2024-03-26,2024,3,26,1,1,0,0,0,2913,7.97728198675515,1270,1664,860,1498.43,1912.87,9309,false
2024-03-27,2024,3,27,2,1,0,0,0,4046,8.305731144875866,2913,871,2183,1952,1993.6,10471,false
2024-03-28,2024,3,28,3,1,0,0,0,2787,7.933079771880414,4046,1103,19864,2192.57,2036.2,10416,false
2024-03-29,2024,3,29,4,1,0,0,0,7617,8.938269147038548,2787,686,1024,3182.71,1807.03,14700,false
2024-03-30,2024,3,30,5,1,1,0,0,30641,10.330126895875699,7617,320,4061,7514.29,2828.4,52991,false
2024-03-31,2024,3,31,6,1,1,0,1,1992,7.597396320212795,30641,3326,484,7323.71,2856.6,6031,false
2024-04-01,2024,4,1,0,2,0,1,0,1287,7.160845906664298,1992,1270,360,7326.14,2769.2,6507,false
2024-04-02,2024,4,2,1,2,0,0,0,1466,7.2909747781429814,1287,2913,1114,7119.43,2684.23,10300,false
2024-04-03,2024,4,3,2,2,0,0,0,959,6.866933284461882,1466,4046,1137,6678.43,2649.43,5779,false
2024-04-04,2024,4,4,3,2,0,0,0,1181,7.074963197966043,959,2787,40,6449,2647.1,7272,false
2024-04-05,2024,4,5,4,2,0,0,0,726,6.588926477533519,1181,7617,1527,5464.57,2632.6,8687,false
2024-04-06,2024,4,6,5,2,1,0,0,744,6.61338421837956,726,30641,1055,1193.57,2621.87,4690,false
2024-04-07,2024,4,7,6,2,1,0,0,1548,7.3453648404168685,744,1992,899,1130.14,2615.4,5873,false
2024-04-08,2024,4,8,0,2,0,0,0,3395,8.130353547431238,1548,1287,446,1431.29,2723.73,9200,false
2024-04-09,2024,4,9,1,2,0,0,0,367,5.90808293816893,3395,1466,320,1274.29,2733.3,5804,false
2024-04-10,2024,4,10,2,2,0,0,0,552,6.315358001522335,367,959,2892,1216.14,2681.37,3484,false
2024-04-11,2024,4,11,3,2,0,0,0,1250,7.131698510466911,552,1181,2926,1226,2651.07,6984,false
2024-04-12,2024,4,12,4,2,0,0,0,530,6.274762021241939,1250,726,0,1198,2630.3,7585,false
2024-04-13,2024,4,13,5,2,1,0,0,243,5.497168225293201,530,744,660,1126.43,2576.53,4856,false
2024-04-14,2024,4,14,6,2,1,0,0,185,5.225746673713201,243,1548,1559,931.71,2555.3,11374,false
2024-04-15,2024,4,15,0,2,0,0,0,145,4.983606621708336,185,3395,4998,467.43,2525.4,1345,false
2024-04-16,2024,4,16,1,2,0,0,0,194,5.272999558563747,145,367,5155,442.71,2509.27,4583,false
2024-04-17,2024,4,17,2,2,0,0,0,998,6.906754778648553,194,552,5302,506.43,2500.2,5817,false
2024-04-18,2024,4,18,3,2,0,0,0,1488,7.305860032684008,998,1250,1086,540.43,2494.33,20044,false
2024-04-19,2024,4,19,4,2,0,0,0,1024,6.932447891572508,1488,530,6066,611,2499.43,7261,false
2024-04-20,2024,4,20,5,2,1,0,0,667,6.504288173536645,1024,243,2268,671.57,2484.9,4107,false
2024-04-21,2024,4,21,6,2,1,0,0,1084,6.989335265974559,667,185,3351,800,2498.17,4209,false
2024-04-22,2024,4,22,0,2,0,0,0,3445,8.144969417087875,1084,145,3617,1271.43,2602.33,8868,false
2024-04-23,2024,4,23,1,2,0,0,0,2005,7.60389796852188,3445,194,3826,1530.14,2558.3,6943,false
2024-04-24,2024,4,24,2,2,0,0,0,2273,7.729295674310481,2005,998,3030,1712.29,2591.73,6888,false
2024-04-25,2024,4,25,3,2,0,0,0,1545,7.343426229147367,2273,1488,510,1720.43,2546.13,12766,false
2024-04-26,2024,4,26,4,2,0,0,0,2255,7.721348612617949,1545,1024,2326,1896.29,2486.43,6876,false
2024-04-27,2024,4,27,5,2,1,0,0,32903,10.40134950991026,2255,667,3078,6501.43,3490.3,51788,false
2024-04-28,2024,4,28,6,2,1,0,0,4059,8.308938252595778,32903,1084,2873,6926.43,3371.7,10519,false
2024-04-29,2024,4,29,0,2,0,0,0,2238,7.713784616598755,4059,3445,1720,6754,2424.93,6429,false
2024-04-30,2024,4,30,1,2,0,0,1,1034,6.942156705699469,2238,2005,154,6615.29,2393,7434,false
2024-05-01,2024,5,1,2,2,0,1,0,2770,7.9269635448629785,1034,2273,0,6686.29,2442.43,8154,false
2024-05-02,2024,5,2,3,2,0,0,0,1326,7.190676034332207,2770,1545,16895,6655,2437.77,4664,false
2024-05-03,2024,5,3,4,2,0,0,0,2688,7.896924656268864,1326,2255,800,6716.86,2495.4,8248,false
2024-05-04,2024,5,4,5,2,1,0,0,590,6.381816017406098,2688,32903,70,2100.71,2475.7,7504,false
2024-05-05,2024,5,5,6,2,1,0,0,870,6.769641976852503,590,4059,1280,1645.14,2480.5,6599,false
2024-05-06,2024,5,6,0,2,0,0,0,1641,7.403670290012373,870,2238,416,1559.86,2510.4,11423,false
2024-05-07,2024,5,7,1,2,0,0,0,1854,7.5256399750415355,1641,1034,1000,1677,2520.6,12661,false
2024-05-08,2024,5,8,2,2,0,0,0,562,6.333279628139691,1854,2770,770,1361.57,2426.17,6450,false
2024-05-09,2024,5,9,3,2,0,0,0,1440,7.273092595999522,562,1326,582,1377.86,2461.93,6041,false
2024-05-10,2024,5,10,4,2,0,0,0,546,6.304448802421981,1440,2688,2626,1071.86,2461.73,5944,false
2024-05-11,2024,5,11,5,2,1,0,0,4063,8.309922989258318,546,590,3639,1568,2555.5,9049,false
2024-05-12,2024,5,12,6,2,1,0,0,1190,7.0825485693553,4063,870,1042,1613.71,2577.5,8222,false
2024-05-13,2024,5,13,0,2,0,0,0,1443,7.275172319452771,1190,1641,1830,1585.43,2617.5,5149,false
2024-05-14,2024,5,14,1,2,0,0,0,2816,7.943427767876372,1443,1854,4579,1722.86,2705.2,8667,false
2024-05-15,2024,5,15,2,2,0,0,0,1188,7.080867896690782,2816,562,3125,1812.29,2739.97,6323,false
2024-05-16,2024,5,16,3,2,0,0,0,1157,7.05444965813294,1188,1440,2252,1771.86,2772.07,5029,false
2024-05-17,2024,5,17,4,2,0,0,0,640,6.46302945692067,1157,546,1986,1785.29,2760.13,5920,false
2024-05-18,2024,5,18,5,2,1,0,0,1544,7.3427791893318455,640,4063,1769,1425.43,2762,6770,false
2024-05-19,2024,5,19,6,2,1,0,0,1151,7.049254841255836,1544,1190,3793,1419.86,2766.23,6039,false
2024-05-20,2024,5,20,0,2,0,0,0,783,6.664409020350408,1151,1443,2346,1325.57,2770.1,5039,false
2024-05-21,2024,5,21,1,2,0,0,0,2239,7.7142311448490855,783,2816,3719,1243.14,2808.6,7608,false
2024-05-22,2024,5,22,2,2,0,0,0,2755,7.921535632133549,2239,1188,12832,1467,2785.6,5552,false
2024-05-23,2024,5,23,3,2,0,0,0,2419,7.791522819150732,2755,1157,2692,1647.29,2799.4,10745,false
2024-05-24,2024,5,24,4,2,0,0,0,2369,7.7706452341291765,2419,640,3560,1894.29,2802.6,5844,false
2024-05-25,2024,5,25,5,2,1,0,0,2119,7.659171367666058,2369,1544,2586,1976.43,2821.73,7470,false
2024-05-26,2024,5,26,6,2,1,0,0,2221,7.706162970199575,2119,1151,2008,2129.29,2820.6,5837,false
2024-05-27,2024,5,27,0,2,0,0,0,1500,7.313886831633462,2221,783,1212,2231.71,1773.83,14549,false
2024-05-28,2024,5,28,1,2,0,0,0,1385,7.234177179749849,1500,2239,0,2109.71,1684.7,5488,false
2024-05-29,2024,5,29,2,2,0,0,0,43239,10.674521271753145,1385,2755,0,7893.14,3051.4,71928,false
2024-05-30,2024,5,30,3,2,0,0,0,2520,7.83241092718792,43239,2419,0,7907.57,3100.93,10624,false
2024-05-31,2024,5,31,4,2,0,0,1,1375,7.226936018493289,2520,2369,1683,7765.57,3054.43,6193,false
2024-06-01,2024,6,1,5,2,1,1,0,979,6.887552571664617,1375,2119,1497,7602.71,3042.87,19076,false
2024-06-02,2024,6,2,6,2,1,0,0,2500,7.824445930877618,979,2221,430,7642.57,3036.6,7208,false
2024-06-03,2024,6,3,0,2,0,0,0,2260,7.72356247227797,2500,1500,1040,7751.14,3092.27,7261,false
2024-06-04,2024,6,4,1,2,0,0,0,571,6.349138991379798,2260,1385,220,7634.86,3082.3,4911,false
2024-06-05,2024,6,5,2,2,0,0,0,1723,7.452402451223638,571,43239,980,1704,3085.03,10008,false
2024-06-06,2024,6,6,3,2,0,0,0,2449,7.803843303538772,1723,2520,1410,1693.86,3104.87,7000,false
2024-06-07,2024,6,7,4,2,0,0,0,1634,7.399398083331354,2449,1375,217,1730.86,3140.6,5772,false
2024-06-08,2024,6,8,5,2,1,0,0,629,6.4457198193855785,1634,979,380,1680.86,3113.57,5372,false
2024-06-09,2024,6,9,6,2,1,0,0,155,5.049856007249537,629,2500,1377,1345.86,3100.53,3809,false
2024-06-10,2024,6,10,0,2,0,0,0,761,6.635946555686646,155,2260,2440,1131.71,2990.47,4337,false
2024-06-11,2024,6,11,1,2,0,0,0,14961,9.61326893243235,761,571,3292,3187.43,3449.5,25740,false
2024-06-12,2024,6,12,2,2,0,0,0,2603,7.86480400332846,14961,1723,1887,3313.14,3488.17,7411,false
2024-06-13,2024,6,13,3,2,0,0,0,1097,7.001245622069476,2603,2449,3769,3120,3430.87,4848,false
2024-06-14,2024,6,14,4,2,0,0,0,1373,7.2254814727822945,1097,1634,4764,3082.71,3437.03,4743,false
2024-06-15,2024,6,15,5,2,1,0,0,1208,7.097548850614793,1373,629,3902,3165.43,3438.73,4740,false
2024-06-16,2024,6,16,6,2,1,0,0,1159,7.05617528410041,1208,155,3365,3308.86,3456.03,5338,false
2024-06-17,2024,6,17,0,2,0,0,0,983,6.891625897052253,1159,761,5388,3340.57,3437.33,5976,false
2024-06-18,2024,6,18,1,2,0,0,0,783,6.664409020350408,983,14961,1758,1315.14,3425.07,4882,false
2024-06-19,2024,6,19,2,2,0,0,0,1440,7.273092595999522,783,2603,1300,1149,3446.97,7194,false
2024-06-20,2024,6,20,3,2,0,0,0,3150,8.055475141757274,1440,1097,1994,1442.29,3477.33,8985,false
2024-06-21,2024,6,21,4,2,0,0,0,254,5.541263545158426,3150,1373,1827,1282.43,3393.97,4828,false
2024-06-22,2024,6,22,5,2,1,0,0,2272,7.728855823852543,254,1208,2396,1434.43,3389.07,6080,false
2024-06-23,2024,6,23,6,2,1,0,0,4318,8.3707791729607,2272,1159,17719.25,1885.71,3454.03,9671,false
2024-06-24,2024,6,24,0,2,0,0,0,2999,8.006367567650246,4318,983,1962,2173.71,3483.37,7409,false
2024-06-25,2024,6,25,1,2,0,0,0,1916,7.558516743045645,2999,783,2486,2335.57,3473.2,20261,false
2024-06-26,2024,6,26,2,2,0,0,0,2088,7.644440761556566,1916,1440,1740,2428.14,3492.8,6472,false
2024-06-27,2024,6,27,3,2,0,0,0,1201,7.091742115095153,2088,3150,1060,2149.71,3486.67,5146,false
2024-06-28,2024,6,28,4,2,0,0,0,2714,7.906547232368036,1201,254,2736,2501.14,2135.83,8246,false
2024-06-29,2024,6,29,5,2,1,0,0,22407,10.017173316939944,2714,2272,1354,5377.57,2798.73,37050,false
2024-06-30,2024,6,30,6,2,1,0,1,145,4.983606621708336,22407,4318,1817,4781.43,2757.73,8695,false
2024-07-01,2024,7,1,0,3,0,1,0,2969,7.996317231796745,145,2999,358,4777.14,2824.07,7725,false
2024-07-02,2024,7,2,1,3,0,0,0,1290,7.1631723908466425,2969,1916,567,4687.71,2783.73,4736,false
2024-07-03,2024,7,3,2,3,0,0,0,3395,8.130353547431238,1290,2088,0,4874.43,2821.57,7109,false
2024-07-04,2024,7,4,3,3,0,0,0,3066,8.028455164114252,3395,1201,1662,5140.86,2904.73,11987,false
2024-07-05,2024,7,5,4,3,0,0,0,2371,7.771488760117616,3066,2714,1696,5091.86,2926.33,11730,false
2024-07-06,2024,7,6,5,3,1,0,0,3062,8.027150106832774,2371,22407,1940,2328.29,2946.77,9775,false
2024-07-07,2024,7,7,6,3,1,0,0,1006,6.914730892718562,3062,145,240,2451.29,2925.83,5540,false
2024-07-08,2024,7,8,0,3,0,0,0,3203,8.07215530818825,1006,2969,1200,2484.71,3011.63,8677,false
2024-07-09,2024,7,9,1,3,0,0,0,3213,8.075271546297458,3203,1290,1487,2759.43,3113.57,9859,false
2024-07-10,2024,7,10,2,3,0,0,0,1561,7.353722330399631,3213,3395,2308,2497.43,3140.23,5548,false
2024-07-11,2024,7,11,3,3,0,0,0,2980,8.000014093678072,1561,3066,1380,2485.14,2740.87,6223,false
2024-07-12,2024,7,12,4,3,0,0,0,2729,7.912056888179005,2980,2371,1651,2536.29,2745.07,5528,false
2024-07-13,2024,7,13,5,3,1,0,0,1635,7.400009517162692,2729,3062,322,2332.43,2763,12705,false
2024-07-14,2024,7,14,6,3,1,0,0,1171,7.066466970136958,1635,1006,1637,2356,2756.27,5395,false
2024-07-15,2024,7,15,0,3,0,0,0,1242,7.125283091510711,1171,3203,1090,2075.86,2757.4,6246,false
2024-07-16,2024,7,16,1,3,0,0,0,668,6.505784060128228,1242,3213,560,1712.29,2741.03,5305,false
2024-07-17,2024,7,17,2,3,0,0,0,1102,7.005789019253502,668,1561,1934,1646.71,2745,6665,false
2024-07-18,2024,7,18,3,3,0,0,0,658,6.490723534502507,1102,2980,4038,1315,2740.83,7065,false
2024-07-19,2024,7,19,4,3,0,0,0,2160,7.6783263565068856,658,2729,3982,1233.71,2764.83,6899,false
2024-07-20,2024,7,20,5,3,1,0,0,3745,8.228443883004033,2160,1635,1159,1535.14,2784.67,9685,false
2024-07-21,2024,7,21,6,3,1,0,0,3465,8.150756470275551,3745,1171,200,1862.86,2891.7,13382,false
2024-07-22,2024,7,22,0,3,0,0,0,1975,7.588829878307813,3465,1242,1080,1967.57,2881.8,6544,false
2024-07-23,2024,7,23,1,3,0,0,0,2897,7.971776122880628,1975,668,1910,2286,2834.43,8059,false
2024-07-24,2024,7,24,2,3,0,0,0,3225,8.078998258685154,2897,1102,27604,2589.29,2841.97,9335,false
2024-07-25,2024,7,25,3,3,0,0,0,6603,8.795430805040018,3225,658,200,3438.57,2998.2,11872,false
2024-07-26,2024,7,26,4,3,0,0,0,1084,6.989335265974559,6603,2160,0,3284.86,2964.73,11033,false
2024-07-27,2024,7,27,5,3,1,0,0,1907,7.553810852008231,1084,3745,1361,3022.29,2988.27,10609,false
2024-07-28,2024,7,28,6,3,1,0,0,3125,8.047509510981422,1907,3465,564,2973.71,3001.97,7419,false
2024-07-29,2024,7,29,0,3,0,0,0,28705,10.264861439131325,3125,1975,1000,6792.29,3211.9,42687,false
2024-07-30,2024,7,30,1,3,0,0,0,1229,7.114769448366463,28705,2897,844,6554,3248.03,4766,false
2024-07-31,2024,7,31,2,3,0,0,1,0,0,1229,3225,772,6093.29,3149.07,3866,false
2024-08-01,2024,8,1,3,3,0,1,0,3646,8.20166019080868,0,6603,819,5670.86,3227.6,11631,false
2024-08-02,2024,8,2,4,3,0,0,0,766,6.642486801367256,3646,1084,1170,5625.43,3139.97,6878,false
2024-08-03,2024,8,3,5,3,1,0,0,2849,7.955074273262696,766,1907,808,5760,3132.73,6982,false
2024-08-04,2024,8,4,6,3,1,0,0,3206,8.073091199693154,2849,3125,70,5771.57,3160.57,9349,false
2024-08-05,2024,8,5,0,3,0,0,0,1161,7.057897937411856,3206,28705,2470,1836.71,3097.2,5284,false
2024-08-06,2024,8,6,1,3,0,0,0,2634,7.876638460975462,1161,1229,1883,2037.43,3151.47,10144,false
2024-08-07,2024,8,7,2,3,0,0,0,292,5.680172609017067,2634,0,762,2079.14,3054.43,5214,false
2024-08-08,2024,8,8,3,3,0,0,0,700,6.55250788703459,292,3646,2867,1658.29,2970.67,3363,false
2024-08-09,2024,8,9,4,3,0,0,0,2461,7.808729306744398,700,766,2308,1900.43,3000.67,7295,false
2024-08-10,2024,8,10,5,3,1,0,0,1373,7.2254814727822945,2461,2849,1852,1689.57,2947.1,6427,false
2024-08-11,2024,8,11,6,3,1,0,0,1981,7.591861714889933,1373,3206,3046,1514.57,2922.17,5863,false
2024-08-12,2024,8,12,0,3,0,0,0,3012,8.0106915391303,1981,1161,3501,1779,2968.07,6940,false
2024-08-13,2024,8,13,1,3,0,0,0,1686,7.430707082545968,3012,2634,1243,1643.57,2985.23,7022,false
2024-08-14,2024,8,14,2,3,0,0,0,919,6.8243736700430855,1686,292,3436,1733.14,2974.47,5447,false
2024-08-15,2024,8,15,3,3,0,0,0,621,6.432940092739179,919,700,2570,1721.86,2972.9,6473,false
2024-08-16,2024,8,16,4,3,0,0,0,532,6.278521424165844,621,2461,1118,1446.29,2953.9,6802,false
2024-08-17,2024,8,17,5,3,1,0,0,1443,7.275172319452771,532,1373,507,1456.29,2980.07,5580,false
2024-08-18,2024,8,18,6,3,1,0,0,629,6.4457198193855785,1443,1981,1034,1263.14,2929.03,5586,false
2024-08-19,2024,8,19,0,3,0,0,0,2990,8.003363058629947,629,3012,304,1260,2903.87,8368,false
2024-08-20,2024,8,20,1,3,0,0,0,1567,7.357556200910353,2990,1686,1611,1243,2840.6,8149,false
2024-08-21,2024,8,21,2,3,0,0,0,2992,8.004031507852698,1567,919,28989,1539.14,2874.5,8658,false
2024-08-22,2024,8,22,3,3,0,0,0,1354,7.211556733313801,2992,621,1909,1643.86,2823.07,4183,false
2024-08-23,2024,8,23,4,3,0,0,0,1452,7.2813856635702825,1354,532,867,1775.29,2763.97,2607,false
2024-08-24,2024,8,24,5,3,1,0,0,1463,7.288927694521257,1452,1443,1366,1778.14,2592.63,4995,false
2024-08-25,2024,8,25,6,3,1,0,0,1577,7.363913501405819,1463,629,1621,1913.57,2609.07,13561,false
2024-08-26,2024,8,26,0,3,0,0,0,795,6.679599185844383,1577,2990,0,1600,2572,5296,false
2024-08-27,2024,8,27,1,3,0,0,0,1868,7.533158807455562,795,1567,0,1643,2530.1,8041,false
2024-08-28,2024,8,28,2,3,0,0,0,1482,7.301822342137932,1868,2992,200,1427.29,1622.67,7260,false
2024-08-29,2024,8,29,3,3,0,0,0,42475,10.656694489523735,1482,1354,0,7301.71,2997.53,55749,false
2024-08-30,2024,8,30,4,3,0,0,0,1158,7.055312843339752,42475,1452,610,7259.71,3036.13,2953,false
2024-08-31,2024,8,31,5,3,1,0,1,1135,7.035268599281096,1158,1463,1912,7212.86,2952.43,7378,false
2024-09-01,2024,9,1,6,3,1,1,0,1651,7.409741954080923,1135,1577,2391,7223.43,2981.93,7826,false
2024-09-02,2024,9,2,0,3,0,0,0,2719,7.908387159290043,1651,795,250,7498.29,2977.6,8383,false
2024-09-03,2024,9,3,1,3,0,0,0,386,5.958424693029782,2719,1868,1257,7286.57,2883.6,4617,false
2024-09-04,2024,9,4,2,3,0,0,0,2291,7.73718007783463,386,1482,400,7402.14,2921.27,8468,false
2024-09-05,2024,9,5,3,3,0,0,0,1344,7.20414929203594,2291,42475,4622,1526.29,2878.27,2369,false
2024-09-06,2024,9,6,4,3,0,0,0,2970,7.9966538754626075,1344,1158,2271,1785.14,2967.53,10073,false
2024-09-07,2024,9,7,5,3,1,0,0,2373,7.772331575169613,2970,1135,547,1962,3023.3,9519,false
2024-09-08,2024,9,8,6,3,1,0,0,0,0,2373,1651,2227,1726.14,2941.27,3446,false
2024-09-09,2024,9,9,0,3,0,0,0,937,6.843749949006225,0,2719,1094,1471.57,2926.73,8524,false
2024-09-10,2024,9,10,1,3,0,0,0,998,6.906754778648553,937,386,2701,1559,2893.97,5155,false
2024-09-11,2024,9,11,2,3,0,0,0,1896,7.548028969935014,998,2291,2057,1502.57,2856.77,4016,false
2024-09-12,2024,9,12,3,3,0,0,0,2409,7.787382026484701,1896,1344,729,1654.71,2880.87,7274,false
2024-09-13,2024,9,13,4,3,0,0,0,760,6.634633357861686,2409,2970,1190,1339,2875.57,3937,false
2024-09-14,2024,9,14,5,3,1,0,0,972,6.880384082186005,760,2373,2046,1138.86,2887.27,3772,false
2024-09-15,2024,9,15,6,3,1,0,0,328,5.796057750765372,972,0,1614,1185.71,2880.47,3065,false
2024-09-16,2024,9,16,0,3,0,0,0,1127,7.028201432058004,328,937,2246,1212.86,2869.93,2983,false
2024-09-17,2024,9,17,1,3,0,0,0,290,5.673323267171492,1127,998,2387,1111.71,2858.63,1908,false
2024-09-18,2024,9,18,2,3,0,0,0,358,5.883322388488279,290,1896,487,892,2770.9,4963,false
2024-09-19,2024,9,19,3,3,0,0,0,1113,7.015712420487229,358,2409,1365,706.86,2755.77,4908,false
2024-09-20,2024,9,20,4,3,0,0,0,2042,7.622174594817622,1113,760,2561,890,2724.1,6800,false
2024-09-21,2024,9,21,5,3,1,0,0,242,5.493061443340548,2042,972,720,785.71,2687.03,24703,false
2024-09-22,2024,9,22,6,3,1,0,0,438,6.0844994130751715,242,328,2120,801.43,2653.23,11459,false
2024-09-23,2024,9,23,0,3,0,0,0,1056,6.963189985870238,438,1127,1348,791.29,2639.67,7216,false
2024-09-24,2024,9,24,1,3,0,0,0,1346,7.205635176410364,1056,290,1750,942.14,2631.97,4830,false
2024-09-25,2024,9,25,2,3,0,0,0,1132,7.0326242610280065,1346,358,720,1052.71,2643.2,2659,false
2024-09-26,2024,9,26,3,3,0,0,0,0,0,1132,1113,21760,893.71,2580.93,820,false
2024-09-27,2024,9,27,4,3,0,0,0,1771,7.479864131165026,0,2042,1891,855,2590.57,12032,false
2024-09-28,2024,9,28,5,3,1,0,0,883,6.784457062637643,1771,242,1017,946.57,1204.17,4051,false
2024-09-29,2024,9,29,6,3,1,0,0,522,6.259581464064922,883,438,332,958.57,1182.97,9868,false
2024-09-30,2024,9,30,0,3,0,0,1,12903,9.465292619805044,522,1056,2718,2651,1575.23,21157,false
2024-10-01,2024,10,1,1,4,0,1,0,2470,7.81237820598861,12903,1346,2488,2811.57,1602.53,9338,false
2024-10-02,2024,10,2,2,4,0,0,0,5169,8.550627967502475,2470,1132,2984,3388.29,1684.2,10149,false
2024-10-03,2024,10,3,3,4,0,0,0,783,6.664409020350408,5169,0,2254,3500.14,1697.43,3296,false
2024-10-04,2024,10,4,4,4,0,0,0,3106,8.041412909393047,783,1771,1170,3690.86,1724.6,10610,false
2024-10-05,2024,10,5,5,4,1,0,0,87,4.477336814478206,3106,883,1289,3577.14,1682.7,2650,false
2024-10-06,2024,10,6,6,4,1,0,0,2448,7.803435056952168,87,522,4325,3852.29,1665.3,6298,false
2024-10-07,2024,10,7,0,4,0,0,0,860,6.7580945044277305,2448,12903,50,2131.86,1614.87,4867,false
2024-10-08,2024,10,8,1,4,0,0,0,357,5.8805329864007,860,2470,1065,1830,1626.77,3265,false
2024-10-09,2024,10,9,2,4,0,0,0,1490,7.307202314764738,357,5169,1266,1304.43,1645.2,4814,false
2024-10-10,2024,10,10,3,4,0,0,0,678,6.520621127558696,1490,783,1672,1289.43,1634.53,4277,false
2024-10-11,2024,10,11,4,4,0,0,0,1755,7.470793774195061,678,3106,1898,1096.43,1629.83,5469,false
2024-10-12,2024,10,12,5,4,1,0,0,2410,7.787796878181171,1755,87,447,1428.29,1629.87,5269,false
2024-10-13,2024,10,13,6,4,1,0,0,125,4.836281906951478,2410,2448,1782,1096.43,1608.7,3492,false
2024-10-14,2024,10,14,0,4,0,0,0,938,6.844815479208263,125,860,3221,1107.57,1607.57,3251,false
2024-10-15,2024,10,15,1,4,0,0,0,1218,7.105786129481271,938,357,1596,1230.57,1637.23,3516,false
2024-10-16,2024,10,16,2,4,0,0,0,705,6.559615237493242,1218,1490,3966,1118.43,1623.17,3945,false
2024-10-17,2024,10,17,3,4,0,0,0,1809,7.501082124259871,705,678,3335,1280,1673.8,4309,false
2024-10-18,2024,10,18,4,4,0,0,0,1499,7.313220387090301,1809,1755,872,1243.43,1711.83,6474,false
2024-10-19,2024,10,19,5,4,1,0,0,1615,7.38770923908104,1499,2410,3352,1129.86,1728.57,8984,false
2024-10-20,2024,10,20,6,4,1,0,0,3883,8.264620829411216,1615,125,1086,1666.71,1789.93,8624,false
2024-10-21,2024,10,21,0,4,0,0,0,3232,8.081165777725433,3883,938,1810,1994.43,1889.6,7761,false
2024-10-22,2024,10,22,1,4,0,0,0,3156,8.057377488557991,3232,1218,2658,2271.29,1980.2,7721,false
2024-10-23,2024,10,23,2,4,0,0,0,4198,8.342601680684194,3156,705,1385,2770.29,2084.93,8822,false
2024-10-24,2024,10,24,3,4,0,0,0,1703,7.440733707389261,4198,1809,1486,2755.14,2096.83,6107,false
2024-10-25,2024,10,25,4,4,0,0,0,489,6.194405391104672,1703,1499,1085,2610.86,2075.4,9230,false
2024-10-26,2024,10,26,5,4,1,0,0,203,5.318119993844216,489,1615,1394,2409.14,2082.17,2802,false
2024-10-27,2024,10,27,6,4,1,0,0,678,6.520621127558696,203,3883,26866,1951.29,2045.73,1860,false
2024-10-28,2024,10,28,0,4,0,0,0,667,6.504288173536645,678,3232,2264,1584.86,2038.53,1071,false
2024-10-29,2024,10,29,1,4,0,0,0,0,0,667,3156,0,1134,2021.13,502,false
2024-10-30,2024,10,30,2,4,0,0,0,397,5.986452005284438,0,4198,1218,591,1604.27,1385,false
2024-10-31,2024,10,31,3,4,0,0,1,435,6.077642243349034,397,1703,1818,409.86,1536.43,8045,false
2024-11-01,2024,11,1,4,4,0,1,0,2904,7.974188669286011,435,489,2898,754.86,1460.93,6851,false
2024-11-02,2024,11,2,5,4,1,0,0,2439,7.799753318287247,2904,203,2292,1074.29,1516.13,7273,false
2024-11-03,2024,11,3,6,4,1,0,0,1450,7.280008252884188,2439,678,0,1184.57,1460.93,5814,false
2024-11-04,2024,11,4,0,4,0,0,0,609,6.413458957167356,1450,667,1743,1176.29,1478.33,8631,false
2024-11-05,2024,11,5,1,4,0,0,0,1065,6.97166860472579,609,0,1279,1328.43,1432.23,5536,false
2024-11-06,2024,11,6,2,4,0,0,0,1345,7.204892510204673,1065,397,3076,1463.86,1448.4,5543,false
2024-11-07,2024,11,7,3,4,0,0,0,609,6.413458957167356,1345,435,2129,1488.71,1456.8,13755,false
2024-11-08,2024,11,8,4,4,0,0,0,678,6.520621127558696,609,2904,1277,1170.71,1429.73,4817,false
2024-11-09,2024,11,9,5,4,1,0,0,1422,7.260522598089852,678,2439,3582,1025.43,1454.53,3931,false
2024-11-10,2024,11,10,6,4,1,0,0,1513,7.322510433997394,1422,1450,772,1034.43,1446.47,3969,false
2024-11-11,2024,11,11,0,4,0,0,0,1509,7.31986492980897,1513,609,2091,1163,1416.43,5957,false
2024-11-12,2024,11,12,1,4,0,0,0,1324,7.1891677384203225,1509,1065,508,1200,1456.4,5191,false
2024-11-13,2024,11,13,2,4,0,0,0,995,6.903747257584598,1324,1345,4026,1150,1458.3,7467,false
2024-11-14,2024,11,14,3,4,0,0,0,1811,7.502186486602924,995,609,550,1321.71,1478.07,5849,false
2024-11-15,2024,11,15,4,4,0,0,0,2783,7.93164402145431,1811,678,167,1622.43,1547.33,7216,false
2024-11-16,2024,11,16,5,4,1,0,0,3448,8.145839612936841,2783,1422,791,1911.86,1601.97,14815,false
2024-11-17,2024,11,17,6,4,1,0,0,3235,8.082093278178382,3448,1513,1821,2157.86,1659.83,8692,false
2024-11-18,2024,11,18,0,4,0,0,0,3607,8.190908881182514,3235,1509,350,2457.57,1726.23,16367,false
2024-11-19,2024,11,19,1,4,0,0,0,2706,7.903596289614301,3607,1324,0,2655,1687,7136,false
2024-11-20,2024,11,20,2,4,0,0,0,3132,8.049746290952191,2706,995,0,2960.29,1683.67,9319,false
2024-11-21,2024,11,21,3,4,0,0,0,2911,7.976595409316577,3132,1811,1104,3117.43,1675.5,13973,false
2024-11-22,2024,11,22,4,4,0,0,0,5013,8.519989278718239,2911,2783,900,3436,1702.67,12229,false
2024-11-23,2024,11,23,5,4,1,0,0,1882,7.5406215286571525,5013,3448,1800,3212.29,1708.63,6052,false
2024-11-24,2024,11,24,6,4,1,0,0,1977,7.589841512182657,1882,3235,1237,3032.57,1758.23,7140,false
2024-11-25,2024,11,25,0,4,0,0,0,2159,7.67786350067821,1977,3607,1484,2825.71,1823.43,6529,false
2024-11-26,2024,11,26,1,4,0,0,0,2397,7.7823903355874595,2159,2706,29363,2781.57,1880.73,9322,false
2024-11-27,2024,11,27,2,4,0,0,0,1315,7.182352111885263,2397,3132,550,2522,1902.33,9499,false
2024-11-28,2024,11,28,3,4,0,0,0,3217,8.076515327552329,1315,2911,1679,2565.71,2009.57,8602,false
2024-11-29,2024,11,29,4,4,0,0,0,16086,9.685766771390307,3217,5013,278,4147.57,2532.53,27272,false
2024-11-30,2024,11,30,5,4,1,0,1,1743,7.463936604468925,16086,1882,899,4127.71,2576.13,10869,false
2024-12-01,2024,12,1,6,4,1,1,0,2590,7.85979918056211,1743,1977,3504,4215.29,2565.67,13189,false
2024-12-02,2024,12,2,0,4,0,0,0,300,5.707110264748875,2590,2159,1078,3949.71,2494.37,4558,false
2024-12-03,2024,12,3,1,4,0,0,0,960,6.8679744089702925,300,2397,1942,3744.43,2478.03,5929,false
2024-12-04,2024,12,4,2,4,0,0,0,415,6.030685260261263,960,1315,2308,3615.86,2471.57,2941,false
2024-12-05,2024,12,5,3,4,0,0,0,1558,7.351799869057777,415,3217,870,3378.86,2488,7957,false
2024-12-06,2024,12,6,4,4,0,0,0,1334,7.196686570834349,1558,16086,1477,1271.43,2487.63,3937,false
2024-12-07,2024,12,7,5,4,1,0,0,1075,6.98100574072173,1334,1743,2290,1176,2503.17,6456,false
2024-12-08,2024,12,8,6,4,1,0,0,1363,7.218176838403407,1075,2590,3277,1000.71,2526,6853,false
2024-12-09,2024,12,9,0,4,0,0,0,1579,7.365180126021012,1363,300,640,1183.43,2531.23,4299,false
2024-12-10,2024,12,10,1,4,0,0,0,533,6.280395838960195,1579,960,1778,1122.43,2498.57,4015,false
2024-12-11,2024,12,11,2,4,0,0,0,2740,7.916078096302786,533,415,3465,1454.57,2539.6,6227,false
2024-12-12,2024,12,12,3,4,0,0,0,1333,7.195937226475569,2740,1558,2439,1422.43,2539.9,5630,false
2024-12-13,2024,12,13,4,4,0,0,0,1432,7.267525427828172,1333,1334,842,1436.43,2554.47,4714,false
2024-12-14,2024,12,14,5,4,1,0,0,1383,7.232733136177615,1432,1075,2239,1480.43,2540.2,5293,false
2024-12-15,2024,12,15,6,4,1,0,0,2517,7.831220214604293,1383,1363,1556,1645.29,2531.33,7274,false
2024-12-16,2024,12,16,0,4,0,0,0,1032,6.940222469119639,2517,1579,458,1567.14,2450.8,6806,false
2024-12-17,2024,12,17,1,4,0,0,0,2440,7.800163070392959,1032,533,1377,1839.57,2424.3,7855,false
2024-12-18,2024,12,18,2,4,0,0,0,2611,7.867871490396322,2440,2740,3332,1821.14,2391.1,6703,false
2024-12-19,2024,12,19,3,4,0,0,0,958,6.865891074883438,2611,1333,1915,1767.57,2332.83,4118,false
2024-12-20,2024,12,20,4,4,0,0,0,628,6.44413125670044,958,1432,1475,1652.71,2249.37,6947,false
2024-12-21,2024,12,21,5,4,1,0,0,2264,7.725330037917134,628,1383,700,1778.57,2227.8,9121,false
2024-12-22,2024,12,22,6,4,1,0,0,1927,7.564238475170491,2264,2517,1442,1694.29,2124.93,11764,false
2024-12-23,2024,12,23,0,4,0,0,0,1384,7.233455418621439,1927,1032,30550,1744.57,2108.33,5961,false
2024-12-24,2024,12,24,1,4,0,0,0,0,0,1384,2440,0,1396,2042.43,2190,false
2024-12-25,2024,12,25,2,4,0,0,0,0,0,0,2611,223,1023,1970.47,50,false
2024-12-26,2024,12,26,3,4,0,0,0,182,5.2094861528414205,0,958,664,912.14,1896.63,2868,false
2024-12-27,2024,12,27,4,4,0,0,0,1209,7.098375638590786,182,628,1680,995.14,1893.1,9874,false
2024-12-28,2024,12,28,5,4,1,0,0,600,6.398594934535208,1209,2264,460,757.43,1805.87,5820,false
2024-12-29,2024,12,29,6,4,1,0,0,1394,7.240649694255466,600,1927,1432,681.29,1316.13,20103,false
2024-12-30,2024,12,30,0,4,0,0,0,272,5.60947179518496,1394,1384,370,522.43,1267.1,4170,false
2024-12-31,2024,12,31,1,4,0,0,1,1645,7.406103381237015,272,0,445,757.43,1235.6,4587,false
2025-01-01,2025,1,1,2,1,0,1,0,0,0,1645,0,996,757.43,1225.6,1120,false
2025-01-02,2025,1,2,3,1,0,0,0,0,0,0,182,2129,731.43,1193.6,7176,false
2025-01-03,2025,1,3,4,1,0,0,0,1260,7.139660335964919,0,1209,1541,738.71,1221.77,4208,false
2025-01-04,2025,1,4,5,1,1,0,0,1626,7.394493107219038,1260,600,1035,885.29,1224.03,7176,false
2025-01-05,2025,1,5,6,1,1,0,0,21495,9.975622150295326,1626,1394,1663,3756.86,1896.07,29433,false
2025-01-06,2025,1,6,0,1,0,0,0,470,6.154858094016418,21495,272,1440,3785.14,1875.9,1198,false
2025-01-07,2025,1,7,1,1,0,0,0,2153,7.675081857716334,470,1645,746,3857.71,1902.23,5437,false
2025-01-08,2025,1,8,2,1,0,0,0,1512,7.321849713788356,2153,0,1204,4073.71,1900,4184,false
2025-01-09,2025,1,9,3,1,0,0,0,1107,7.010311867307229,1512,0,2661,4231.86,1919.13,3405,false
2025-01-10,2025,1,10,4,1,0,0,0,832,6.725033642166842,1107,1260,656,4170.71,1855.53,3418,false
2025-01-11,2025,1,11,5,1,1,0,0,0,0,832,1626,1140,3938.43,1811.1,642,false
2025-01-12,2025,1,12,6,1,1,0,0,396,5.98393628068719,0,21495,2313,924.29,1776.57,8081,false
2025-01-13,2025,1,13,0,1,0,0,0,1344,7.20414929203594,396,470,637,1049.14,1775.27,4360,false
2025-01-14,2025,1,14,1,1,0,0,0,1936,7.5688956634069955,1344,2153,435,1018.14,1755.9,4056,false
2025-01-15,2025,1,15,2,1,0,0,0,1029,6.937314081223681,1936,1512,107,949.14,1755.8,4340,false
2025-01-16,2025,1,16,3,1,0,0,0,2437,7.798933310041217,1029,1107,505,1139.14,1755.7,9380,false
2025-01-17,2025,1,17,4,1,0,0,0,503,6.222576268071369,2437,832,138,1092.14,1685.43,4931,false
2025-01-18,2025,1,18,5,1,1,0,0,3532,8.169902647359145,503,0,1270,1596.71,1771.23,7339,false
2025-01-19,2025,1,19,6,1,1,0,0,1703,7.440733707389261,3532,396,2090,1783.43,1807.07,3663,false
2025-01-20,2025,1,20,0,1,0,0,0,157,5.062595033026967,1703,1344,2930,1613.86,1736.83,1933,false
2025-01-21,2025,1,21,1,1,0,0,0,194,5.272999558563747,157,1936,1642,1365,1679.07,4027,false
2025-01-22,2025,1,22,2,1,0,0,0,699,6.551080335043404,194,1029,222,1317.86,1656.23,4248,false
2025-01-23,2025,1,23,3,1,0,0,0,1230,7.115582126184453,699,2437,2517,1145.43,1697.23,8722,false
2025-01-24,2025,1,24,4,1,0,0,0,2075,7.638198244285779,1230,503,822,1370,1766.4,11511,false
2025-01-25,2025,1,25,5,1,1,0,0,320,5.771441123130016,2075,3532,1079,911.14,1771,4944,false
2025-01-26,2025,1,26,6,1,1,0,0,30187,10.315199773404759,320,1703,1730,4980.29,2736.93,41678,false
2025-01-27,2025,1,27,0,1,0,0,0,349,5.857933154483459,30187,157,1790,5007.71,2728.57,2067,false
2025-01-28,2025,1,28,1,1,0,0,0,425,6.05443934626937,349,194,1628,5040.71,2696.27,1361,false
2025-01-29,2025,1,29,2,1,0,0,0,0,0,425,699,3947,4940.86,2687.2,1970,false
2025-01-30,2025,1,30,3,1,0,0,0,252,5.53338948872752,0,1230,4219,4801.14,2640.77,5286,false
2025-01-31,2025,1,31,4,1,0,0,1,455,6.122492809514386,252,2075,387,4569.71,2655.93,3098,false
2025-02-01,2025,2,1,5,1,1,1,0,356,5.877735781779639,455,320,44383,4574.86,2667.8,4485,false
2025-02-02,2025,2,2,6,1,1,0,0,609,6.413458957167356,356,30187,658,349.43,2646.1,9016,false
2025-02-03,2025,2,3,0,1,0,0,0,1045,6.952728644624868,609,349,2429,448.86,2626.73,5807,false
2025-02-04,2025,2,4,1,1,0,0,0,803,6.6895992691789665,1045,425,833,502.86,1937,5404,false
2025-02-05,2025,2,5,2,1,0,0,0,2902,7.973499964024629,803,0,1429,917.43,2018.07,11965,false
2025-02-06,2025,2,6,3,1,0,0,0,2658,7.88570539124302,2902,252,484,1261.14,2034.9,5264,false
2025-02-07,2025,2,7,4,1,0,0,0,725,6.587550014824796,2658,455,1823,1299.71,2008.67,6196,false
2025-02-08,2025,2,8,5,1,1,0,0,1320,7.186144304522325,725,356,458,1437.43,2015.77,4062,false
2025-02-09,2025,2,9,6,1,1,0,0,485,6.186208623900494,1320,609,1054,1419.71,2004.2,2715,false
2025-02-10,2025,2,10,0,1,0,0,0,587,6.376726947898627,485,1045,717,1354.29,2023.77,2043,false
2025-02-11,2025,2,11,1,1,0,0,0,450,6.111467339502678,587,803,1470,1303.86,2025.57,2270,false
2025-02-12,2025,2,12,2,1,0,0,0,1707,7.443078374348515,450,2902,0,1133.14,2037.67,5741,false
2025-02-13,2025,2,13,3,1,0,0,0,2282,7.733245646529795,1707,2658,842,1079.43,2049.2,6032,false
2025-02-14,2025,2,14,4,1,0,0,0,1614,7.387090235656757,2282,725,1222,1206.43,2068.7,5462,false
2025-02-15,2025,2,15,5,1,1,0,0,1338,7.199678345691172,1614,1320,4051,1209,2032.07,3938,false
2025-02-16,2025,2,16,6,1,1,0,0,879,6.779921907472252,1338,485,398,1265.29,2044.6,3192,false
2025-02-17,2025,2,17,0,1,0,0,0,329,5.799092654460526,879,587,2004,1228.43,1937.83,2575,false
2025-02-18,2025,2,18,1,1,0,0,0,649,6.476972362889683,329,450,1017,1256.86,1902.7,2113,false
2025-02-19,2025,2,19,2,1,0,0,0,822,6.71295620067707,649,1707,1412,1130.43,1924.87,3702,false
2025-02-20,2025,2,20,3,1,0,0,0,1640,7.40306109109009,822,2282,1718,1038.71,1973.07,7018,false
2025-02-21,2025,2,21,4,1,0,0,0,1050,6.9574973708769505,1640,1614,676,958.14,1984.77,4640,false
2025-02-22,2025,2,22,5,1,1,0,0,1458,7.285506548522785,1050,1338,378,975.29,1992.37,5083,false
2025-02-23,2025,2,23,6,1,1,0,0,720,6.580639137284948,1458,879,1312,952.57,1947.2,5316,false
2025-02-24,2025,2,24,0,1,0,0,0,1430,7.266128779556451,720,329,1555,1109.86,1984.2,10963,false
2025-02-25,2025,2,25,1,1,0,0,0,1725,7.453561871643373,1430,649,1624,1263.57,1035.47,4340,false
2025-02-26,2025,2,26,2,1,0,0,0,1083,6.988413181999591,1725,822,1509,1300.86,1059.93,9744,false
2025-02-27,2025,2,27,3,1,0,0,0,983,6.891625897052253,1083,1640,14492,1207,1078.53,6187,false
2025-02-28,2025,2,28,4,1,0,0,1,490,6.19644412779452,983,1050,0,1127,1094.87,4704,false
2025-03-01,2025,3,1,5,1,1,1,0,1492,7.30854279753919,490,1458,1146,1131.86,1136.2,7593,false
2025-03-02,2025,3,2,6,1,1,0,0,1395,7.241366283322318,1492,720,3909,1228.29,1167.53,11050,false
2025-03-03,2025,3,3,0,1,0,0,0,1140,7.039660349862076,1395,1430,4015,1186.86,1193.67,3916,false
2025-03-04,2025,3,4,1,1,0,0,0,1214,7.102499355774649,1140,1725,2003,1113.86,1213.83,7029,false
2025-03-05,2025,3,5,2,1,0,0,0,1030,6.938284484016959,1214,1083,1251,1106.29,1213.33,6333,false
2025-03-06,2025,3,6,3,1,0,0,0,940,6.846943139585379,1030,983,1161,1100.14,1217.9,3841,false
2025-03-07,2025,3,7,4,1,0,0,0,650,6.478509642208569,940,490,1066,1123,1142.83,2975,false
2025-03-08,2025,3,8,5,1,1,0,0,78,4.3694478524670215,650,1492,1742,921,1056.83,1398,false
2025-03-09,2025,3,9,6,1,1,0,0,280,5.638354669333745,78,1395,145,761.71,1042,2404,false
2025-03-10,2025,3,10,0,1,0,0,0,966,6.874198495453294,280,1140,80,736.86,1030.2,40651,false
2025-03-11,2025,3,11,1,1,0,0,0,1050,6.9574973708769505,966,1214,2110,713.43,1049.03,3425,false
2025-03-12,2025,3,12,2,1,0,0,0,887,6.78897174299217,1050,1030,2159,693,1059.03,7825,false
2025-03-13,2025,3,13,3,1,0,0,0,3124,8.047189562170502,887,940,1153,1005,1148.17,31633,false
2025-03-14,2025,3,14,4,1,0,0,0,1390,7.237778191923443,3124,650,1856,1110.71,1137.6,4692,false
2025-03-15,2025,3,15,5,1,1,0,0,2190,7.692113339595466,1390,78,822,1412.43,1134.53,6551,false
2025-03-16,2025,3,16,6,1,1,0,0,1074,6.980075940561763,2190,280,1042,1525.86,1116.53,6455,false
2025-03-17,2025,3,17,0,1,0,0,0,2656,7.884952945759813,1074,966,678,1767.29,1160.47,5461,false
2025-03-18,2025,3,18,1,1,0,0,0,1365,7.2196420401307355,2656,1050,1270,1812.29,1176.67,6439,false
2025-03-19,2025,3,19,2,1,0,0,0,1412,7.253470382684527,1365,887,1664,1887.29,1212.77,7849,false
2025-03-20,2025,3,20,3,1,0,0,0,1270,7.147559271189454,1412,3124,871,1622.43,1233.47,8577,false
2025-03-21,2025,3,21,4,1,0,0,0,2741,7.91644286012226,1270,1390,1103,1815.43,1297.43,7153,false
2025-03-22,2025,3,22,5,1,1,0,0,1219,7.106606137727302,2741,2190,686,1676.71,1283.4,4394,false
2025-03-23,2025,3,23,6,1,1,0,0,2779,7.930206206684683,1219,1074,320,1920.29,1341.03,10028,false
2025-03-24,2025,3,24,0,1,0,0,0,2780,7.930565854233965,2779,2656,3326,1938,1385.1,9960,false
2025-03-25,2025,3,25,1,1,0,0,0,2704,7.902857191280582,2780,1365,1270,2129.29,1451.23,11873,false
2025-03-26,2025,3,26,2,1,0,0,0,1723,7.452402451223638,2704,1412,2913,2173.71,1461,7526,false
2025-03-27,2025,3,27,3,1,0,0,0,860,6.7580945044277305,1723,1270,4046,2115.14,1432.17,9390,false
2025-03-28,2025,3,28,4,1,0,0,0,2183,7.688913336864795,860,2741,2787,2035.43,1468.83,18164,false
2025-03-29,2025,3,29,5,1,1,0,0,19864,9.896714668248698,2183,1219,7617,4699,2098.2,32982,false
2025-03-30,2025,3,30,6,1,1,0,0,1024,6.932447891572508,19864,2779,30641,4448.29,2116,11938,false
2025-03-31,2025,3,31,0,1,0,0,1,4061,8.30943074214033,1024,2780,1992,4631.29,2201.63,15260,false
2025-04-01,2025,4,1,1,2,0,1,0,484,6.184148890937483,4061,2704,1287,4314.14,2171.27,2328,false
2025-04-02,2025,4,2,2,2,0,0,0,360,5.8888779583328805,484,1723,1466,4119.43,2145.27,3389,false
2025-04-03,2025,4,3,3,2,0,0,0,1114,7.0166096838942185,360,860,959,4155.71,2141.93,3441,false
2025-04-04,2025,4,4,4,2,0,0,0,1137,7.037027614686276,1114,2183,1181,4006.29,2145.5,8962,false
2025-04-05,2025,4,5,5,2,1,0,0,40,3.7135720667043075,1137,19864,726,1174.29,2115.5,5517,false
2025-04-06,2025,4,6,6,2,1,0,0,1527,7.331714969726465,40,1024,744,1246.14,2144.73,7321,false
2025-04-07,2025,4,7,0,2,0,0,0,1055,6.962243464266207,1527,4061,1548,816.71,2177.3,14338,false
2025-04-08,2025,4,8,1,2,0,0,0,899,6.802394763324311,1055,484,3395,876,2197.93,3799,false
2025-04-09,2025,4,9,2,2,0,0,0,446,6.102558594613568,899,360,367,888.29,2180.6,4231,false
2025-04-10,2025,4,10,3,2,0,0,0,320,5.771441123130016,446,1114,552,774.86,2156.27,3391,false
2025-04-11,2025,4,11,4,2,0,0,0,2892,7.9700493049761345,320,1137,1250,1025.57,2223.1,7693,false
2025-04-12,2025,4,12,5,2,1,0,0,2926,7.9817332866918855,2892,40,530,1437.86,2216.5,6680,false
2025-04-13,2025,4,13,6,2,1,0,0,0,0,2926,1527,243,1219.71,2170.17,828,false
2025-04-14,2025,4,14,0,2,0,0,0,660,6.493753839851686,0,1055,185,1163.29,2119.17,6401,false
2025-04-15,2025,4,15,1,2,0,0,0,1559,7.352441100243582,660,899,145,1257.57,2135.33,5660,false
2025-04-16,2025,4,16,2,2,0,0,0,4998,8.51699317141357,1559,446,194,1907.86,2213.4,11150,false
2025-04-17,2025,4,17,3,2,0,0,0,5155,8.547916364059077,4998,320,998,2598.57,2339.73,13528,false
2025-04-18,2025,4,18,4,2,0,0,0,5302,8.57602797713713,5155,2892,1488,2942.86,2469.4,33216,false
2025-04-19,2025,4,19,5,2,1,0,0,1086,6.99117688712121,5302,2926,1024,2680,2463.27,13191,false
2025-04-20,2025,4,20,6,2,1,0,0,6066,8.710619527942297,1086,0,667,3546.57,2574.1,14371,false
2025-04-21,2025,4,21,0,2,0,0,0,2268,7.727094484779841,6066,660,1084,3776.29,2609.07,8969,false
2025-04-22,2025,4,22,1,2,0,0,0,3351,8.117312461601973,2268,1559,3445,4032.29,2628.13,10284,false
2025-04-23,2025,4,23,2,2,0,0,0,3617,8.19367666595524,3351,4998,2005,3835,2656.03,8747,false
2025-04-24,2025,4,24,3,2,0,0,0,3826,8.249836485425702,3617,5155,2273,3645.14,2693.43,13875,false
2025-04-25,2025,4,25,4,2,0,0,0,3030,8.016647877057803,3826,5302,1545,3320.57,2737,7884,false
2025-04-26,2025,4,26,5,2,1,0,0,510,6.236369590203704,3030,1086,2255,3238.29,2725.33,7798,false
2025-04-27,2025,4,27,6,2,1,0,0,2326,7.752335163302291,510,6066,32903,2704,2730.1,7896,false
2025-04-28,2025,4,28,0,2,0,0,0,3078,8.0323601479245,2326,2268,4059,2819.71,2170.57,18724,false
2025-04-29,2025,4,29,1,2,0,0,0,2873,7.96346006663897,3078,3351,2238,2751.43,2232.2,13336,false
2025-04-30,2025,4,30,2,2,0,0,1,1720,7.450660796211539,2873,3617,1034,2480.43,2154.17,9125,false
2025-05-01,2025,5,1,3,2,0,1,0,154,5.043425116919247,1720,3826,2770,1955.86,2143.17,6852,false
2025-05-02,2025,5,2,4,2,0,0,0,0,0,154,3030,1326,1523,2131.17,3437,false
2025-05-03,2025,5,3,5,2,1,0,0,16895,9.734832186505988,0,510,2688,3863.71,2657.2,22554,false
2025-05-04,2025,5,4,6,2,1,0,0,800,6.685860947068359,16895,2326,590,3645.71,2645.97,12379,false
2025-05-05,2025,5,5,0,2,0,0,0,70,4.2626798770413155,800,3078,870,3216,2646.97,3139,false
2025-05-06,2025,5,6,1,2,0,0,0,1280,7.155396301896734,70,2873,1641,2988.43,2638.73,9633,false
2025-05-07,2025,5,7,2,2,0,0,0,416,6.0330862217988015,1280,1720,1854,2802.14,2617.43,12629,false
2025-05-08,2025,5,8,3,2,0,0,0,1000,6.90875477931522,416,154,562,2923,2620.8,4628,false
2025-05-09,2025,5,9,4,2,0,0,0,770,6.647688373563329,1000,0,1440,3033,2631.6,3993,false
2025-05-10,2025,5,10,5,2,1,0,0,582,6.368187186350492,770,16895,546,702.57,2640.33,3203,false
2025-05-11,2025,5,11,6,2,1,0,0,2626,7.873597789685539,582,800,4063,963.43,2631.47,6147,false
2025-05-12,2025,5,12,0,2,0,0,0,3639,8.199738960630786,2626,70,1190,1473.29,2655.23,10004,false
2025-05-13,2025,5,13,1,2,0,0,0,1042,6.949856455000773,3639,1280,1443,1439.29,2689.97,7386,false
2025-05-14,2025,5,14,2,2,0,0,0,1830,7.5126175446745105,1042,416,2816,1641.29,2728.97,6979,false
2025-05-15,2025,5,15,3,2,0,0,0,4579,8.429454277108231,1830,1000,1188,2152.57,2829.63,9362,false
2025-05-16,2025,5,16,4,2,0,0,0,3125,8.047509510981422,4579,770,1157,2489,2767.2,8769,false
2025-05-17,2025,5,17,5,2,1,0,0,2252,7.720017940432244,3125,582,640,2727.57,2670.43,6297,false
2025-05-18,2025,5,18,6,2,1,0,0,1986,7.594381242551816,2252,2626,1544,2636.14,2559.9,6843,false
2025-05-19,2025,5,19,0,2,0,0,0,1769,7.478734825567875,1986,3639,1151,2369,2582.67,7754,false
2025-05-20,2025,5,20,1,2,0,0,0,3793,8.24117615049496,1769,1042,783,2762,2506.9,10088,false
2025-05-21,2025,5,21,2,2,0,0,0,2346,7.760893195851024,3793,1830,2239,2835.71,2509.5,8041,false
2025-05-22,2025,5,22,3,2,0,0,0,3719,8.221478947267192,2346,4579,2755,2712.86,2521.77,12000,false
2025-05-23,2025,5,23,4,2,0,0,0,12832,9.459775257244461,3719,3125,2419,4099.57,2828.93,18949,false
2025-05-24,2025,5,24,5,2,1,0,0,2692,7.898411092811599,12832,2252,2369,4162.43,2791.13,56413,false
2025-05-25,2025,5,25,6,2,1,0,0,3560,8.177796683277778,2692,1986,2119,4387.29,2808.8,8468,false
2025-05-26,2025,5,26,0,2,0,0,0,2586,7.858254182186029,3560,1769,2221,4504,2878,5587,false
2025-05-27,2025,5,27,1,2,0,0,0,2008,7.605392364814934,2586,3793,1500,4249,2867.4,5046,false
2025-05-28,2025,5,28,2,2,0,0,0,1212,7.10085190894405,2008,2346,1385,4087,2805.2,2548,false
2025-05-29,2025,5,29,3,2,0,0,0,0,0,1212,3719,43239,3555.71,2709.43,1960,false
2025-05-30,2025,5,30,4,2,0,0,0,0,0,0,12832,2520,1722.57,2652.1,2880,false
2025-05-31,2025,5,31,5,2,1,0,1,0,0,0,2692,1375,1338,2646.97,1720,false
2025-06-01,2025,6,1,6,2,1,1,0,1683,7.428927194802272,0,3560,979,1069.86,2703.07,7280,false
2025-06-02,2025,6,2,0,2,0,0,0,1497,7.311886164077165,1683,2586,2500,914.29,2189.8,10391,false
2025-06-03,2025,6,3,1,2,0,0,0,430,6.066108090103747,1497,2008,2260,688.86,2177.47,20878,false
2025-06-04,2025,6,4,2,2,0,0,0,1040,6.947937068614968,430,1212,571,664.29,2209.8,6751,false
2025-06-05,2025,6,5,3,2,0,0,0,220,5.3981627015177525,1040,0,1723,695.71,2174.47,3902,false
2025-06-06,2025,6,6,4,2,0,0,0,980,6.888572459565363,220,0,2449,835.71,2193.27,8137,false
2025-06-07,2025,6,7,5,2,1,0,0,1410,7.2520539518528135,980,0,1634,1037.14,2206.93,6374,false
2025-06-08,2025,6,8,6,2,1,0,0,217,5.384495062789089,1410,1683,629,827.71,2188.5,4432,false
2025-06-09,2025,6,9,0,2,0,0,0,380,5.9427993751267,217,1497,155,668.14,2181.77,4189,false
2025-06-10,2025,6,10,1,2,0,0,0,1377,7.228388451573603,380,430,761,803.43,2140.13,4246,false
2025-06-11,2025,6,11,2,2,0,0,0,2440,7.800163070392959,1377,1040,14961,1003.43,2100.17,6579,false
2025-06-12,2025,6,12,3,2,0,0,0,3292,8.099554282376364,2440,220,2603,1442.29,2175.17,20478,false
2025-06-13,2025,6,13,4,2,0,0,0,1887,7.543273346705446,3292,980,1097,1571.86,2177.07,13777,false
2025-06-14,2025,6,14,5,2,1,0,0,3769,8.234830280442056,1887,1410,1373,1908.86,2150.07,11785,false
2025-06-15,2025,6,15,6,2,1,0,0,4764,8.469052816088302,3769,217,1208,2558.43,2204.7,13450,false
2025-06-16,2025,6,16,0,2,0,0,0,3902,8.269500767180615,4764,380,1159,3061.57,2259.7,10228,false
2025-06-17,2025,6,17,1,2,0,0,0,3365,8.121480374750751,3902,1377,983,3345.57,2305.67,8906,false
2025-06-18,2025,6,18,2,2,0,0,0,5388,8.592115117933496,3365,2440,783,3766.71,2426.3,10984,false
2025-06-19,2025,6,19,3,2,0,0,0,1758,7.472500744737558,5388,3292,1440,3547.57,2358.47,5226,false
2025-06-20,2025,6,20,4,2,0,0,0,1300,7.170888478512505,1758,1887,3150,3463.71,2323.6,6280,false
2025-06-21,2025,6,21,5,2,1,0,0,1994,7.598399329323963,1300,3769,254,3210.14,2266.1,6781,false
2025-06-22,2025,6,22,6,2,1,0,0,1827,7.510977752014095,1994,4764,2272,2790.57,1899.27,7118,false
2025-06-23,2025,6,23,0,2,0,0,0,2396,7.781973234434384,1827,3902,4318,2575.43,1889.4,11837,false
2025-06-24,2025,6,24,1,2,0,0,0,17719.25,9.782463332411695,2396,3365,2999,4626.04,2361.38,26527.25,false
2025-06-25,2025,6,25,2,2,0,0,0,1962,7.582229194276461,17719.25,5388,1916,4136.61,2340.57,7999,false
2025-06-26,2025,6,26,3,2,0,0,0,2486,7.818832443803404,1962,1758,2088,4240.61,2356.51,5832,false
2025-06-27,2025,6,27,4,2,0,0,0,1740,7.462214939768189,2486,1300,1201,4303.46,2374.11,5757,false
2025-06-28,2025,6,28,5,2,1,0,0,1060,6.966967138613983,1740,1994,2714,4170.04,2409.44,9195,false
2025-06-29,2025,6,29,6,2,1,0,0,2736,7.914617709040678,1060,1827,22407,4299.89,2500.64,6321,false
2025-06-30,2025,6,30,0,2,0,0,1,1354,7.211556733313801,2736,2396,145,4151.04,2545.78,39737,false
2025-07-01,2025,7,1,1,3,0,1,0,1817,7.505492274737424,1354,17719.25,2969,1879.29,2550.24,11482,false
2025-07-02,2025,7,2,2,3,0,0,0,358,5.883322388488279,1817,1962,1290,1650.14,2512.28,7538,false
2025-07-03,2025,7,3,3,3,0,0,0,567,6.342121418721151,358,2486,3395,1376,2516.84,3058,false
2025-07-04,2025,7,4,4,3,0,0,0,0,0,567,1740,3066,1127.43,2482.18,450,false
2025-07-05,2025,7,5,5,3,1,0,0,1662,7.416378479192927,0,1060,2371,1213.43,2530.24,7824,false
2025-07-06,2025,7,6,6,3,1,0,0,1696,7.436617265234226,1662,2736,3062,1064.86,2554.11,6647,false
2025-07-07,2025,7,7,0,3,0,0,0,1940,7.57095858316901,1696,1354,1006,1148.57,2571.78,5965,false
2025-07-08,2025,7,8,1,3,0,0,0,240,5.484796933490655,1940,1817,3203,923.29,2572.54,3155,false
2025-07-09,2025,7,9,2,3,0,0,0,1200,7.0909098220799835,240,358,3213,1043.57,2599.88,6411,false
2025-07-10,2025,7,10,3,3,0,0,0,1487,7.305188215393037,1200,567,1561,1175,2603.54,5175,false
2025-07-11,2025,7,11,4,3,0,0,0,2308,7.744569809354495,1487,0,2980,1504.71,2599.14,7766,false
2025-07-12,2025,7,12,5,3,1,0,0,1380,7.230563153409292,2308,1662,2729,1464.43,2535.41,6813,false
2025-07-13,2025,7,13,6,3,1,0,0,1651,7.409741954080923,1380,1696,1635,1458,2527.54,5512,false
2025-07-14,2025,7,14,0,3,0,0,0,322,5.777652323222656,1651,1940,1171,1226.86,2412.64,2327,false
2025-07-15,2025,7,15,1,3,0,0,0,1637,7.401231264413014,322,240,1242,1426.43,2308.41,3346,false
2025-07-16,2025,7,16,2,3,0,0,0,1090,6.994849985833071,1637,1200,668,1410.71,2214.68,3982,false
2025-07-17,2025,7,17,3,3,0,0,0,560,6.329720905522696,1090,1487,1102,1278.29,2121.18,2924,false
2025-07-18,2025,7,18,4,3,0,0,0,1934,7.567862605463882,560,2308,658,1224.86,2006.04,5915,false
2025-07-19,2025,7,19,5,3,1,0,0,4038,8.303752415563412,1934,1380,2160,1604.57,2082.04,10987,false
2025-07-20,2025,7,20,6,3,1,0,0,3982,8.289790583181643,4038,1651,3745,1937.57,2171.44,10726,false
2025-07-21,2025,7,21,0,3,0,0,0,1159,7.05617528410041,3982,322,3465,2057.14,2143.61,8206,false
2025-07-22,2025,7,22,1,3,0,0,0,200,5.303304908059076,1159,1637,1975,1851.86,2089.38,4839,false
2025-07-23,2025,7,23,2,3,0,0,0,1080,6.985641817639208,200,1090,2897,1850.43,2045.51,3662,false
2025-07-24,2025,7,24,3,3,0,0,0,1910,7.555381944240273,1080,560,3225,2043.29,1518.53,3262,false
2025-07-25,2025,7,25,4,3,0,0,0,27604,10.225752194718144,1910,1934,6603,5710.43,2373.27,42965,false
2025-07-26,2025,7,26,5,3,1,0,0,200,5.303304908059076,27604,4038,1084,5162.14,2297.07,742,false
2025-07-27,2025,7,27,6,3,1,0,0,0,0,200,3982,1907,4593.29,2239.07,871,false
2025-07-28,2025,7,28,0,3,0,0,0,1361,7.216709486709457,0,1159,3125,4622.14,2249.1,10289,false
2025-07-29,2025,7,29,1,3,0,0,0,564,6.33682573114644,1361,200,28705,4674.14,2176.7,2048,false
2025-07-30,2025,7,30,2,3,0,0,0,1000,6.90875477931522,564,1080,1229,4662.71,2164.9,12366,false
2025-07-31,2025,7,31,3,3,0,0,1,844,6.739336627357174,1000,1910,0,4510.43,2132.47,3095,false
2025-08-01,2025,8,1,4,3,0,1,0,772,6.6502790485874215,844,27604,3646,677.29,2146.27,3936,false
2025-08-02,2025,8,2,5,3,1,0,0,819,6.709304340258298,772,200,766,765.71,2154.67,15862,false
2025-08-03,2025,8,3,6,3,1,0,0,1170,7.065613363597717,819,0,2849,932.86,2193.67,3084,false
2025-08-04,2025,8,4,0,3,0,0,0,808,6.695798917058491,1170,1361,3206,853.86,2165.2,3520,false
2025-08-05,2025,8,5,1,3,0,0,0,70,4.2626798770413155,808,564,1161,783.29,2111,6923,false
2025-08-06,2025,8,6,2,3,0,0,0,2470,7.81237820598861,70,1000,2634,993.29,2128.67,6962,false
2025-08-07,2025,8,7,3,3,0,0,0,1883,7.5411524551363085,2470,844,292,1141.71,2183.43,6017,false
2025-08-08,2025,8,8,4,3,0,0,0,762,6.637258031284457,1883,772,700,1140.29,2168.83,4282,false
2025-08-09,2025,8,9,5,3,1,0,0,2867,7.961370201719511,762,819,2461,1432.86,2214.83,8330,false
2025-08-10,2025,8,10,6,3,1,0,0,2308,7.744569809354495,2867,1170,1373,1595.43,2214.83,7610,false
2025-08-11,2025,8,11,0,3,0,0,0,1852,7.52456122628536,2308,808,1981,1744.57,2230.57,5248,false
2025-08-12,2025,8,12,1,3,0,0,0,3046,8.021912778985708,1852,70,3012,2169.71,2277.07,8165,false
2025-08-13,2025,8,13,2,3,0,0,0,3501,8.161089512845797,3046,2470,1686,2317,2383.03,8514,false
2025-08-14,2025,8,14,3,3,0,0,0,1243,7.126087273299125,3501,1883,919,2225.57,2369.9,4249,false
2025-08-15,2025,8,15,4,3,0,0,0,3436,8.142354276849833,1243,762,621,2607.57,2448.1,40083,false
2025-08-16,2025,8,16,5,3,1,0,0,2570,7.852050207265889,3436,2867,532,2565.14,2515.1,6411,false
2025-08-17,2025,8,17,6,3,1,0,0,1118,7.020190708311925,2570,2308,1443,2395.14,2487.9,5197,false
2025-08-18,2025,8,18,0,3,0,0,0,507,6.230481447578482,1118,1852,629,2203,2370.2,3852,false
2025-08-19,2025,8,19,1,3,0,0,0,1034,6.942156705699469,507,3046,2990,1915.57,2271.93,6047,false
2025-08-20,2025,8,20,2,3,0,0,0,304,5.720311776607412,1034,3501,1567,1458.86,2243.43,2736,false
2025-08-21,2025,8,21,3,3,0,0,0,1611,7.385230923066573,304,1243,2992,1511.43,2290.47,6776,false
2025-08-22,2025,8,22,4,3,0,0,0,28989,10.2747062219157,1611,3436,1354,5161.86,3220.77,52937,false
2025-08-23,2025,8,23,5,3,1,0,0,1909,7.554858521040675,28989,2570,1452,5067.43,3220.73,9651,false
2025-08-24,2025,8,24,6,3,1,0,0,867,6.76619171466035,1909,1118,1463,5031.57,2329.5,4975,false
2025-08-25,2025,8,25,0,3,0,0,0,1366,7.220373836723949,867,507,1577,5154.29,2368.37,4479,false
2025-08-26,2025,8,26,1,3,0,0,0,1621,7.391415234675358,1366,1034,795,5238.14,2422.4,6299,false
2025-08-27,2025,8,27,2,3,0,0,0,0,0,1621,304,1868,5194.71,2377.03,3410,false
2025-08-28,2025,8,28,3,3,0,0,0,0,0,0,1611,1482,4964.57,2358.23,310,false
2025-08-29,2025,8,29,4,3,0,0,0,200,5.303304908059076,0,28989,42475,851.86,2331.57,768,false
2025-08-30,2025,8,30,5,3,1,0,0,0,0,200,1909,1158,579.14,2303.43,314,false
2025-08-31,2025,8,31,6,3,1,0,1,610,6.415096959171595,0,867,1135,542.43,2298.03,5118,false
2025-09-01,2025,9,1,0,3,0,1,0,1912,7.556427969440253,610,1366,1651,620.43,2334.47,5882,false
2025-09-02,2025,9,2,1,3,0,0,0,2391,7.779885115070522,1912,1621,2719,730.43,2375.17,9586,false
2025-09-03,2025,9,3,2,3,0,0,0,250,5.5254529391317835,2391,0,386,766.14,2356.57,4710,false
2025-09-04,2025,9,4,3,3,0,0,0,1257,7.1372784372603855,250,0,2291,945.71,2396.13,5712,false
2025-09-05,2025,9,5,4,3,0,0,0,400,5.993961427306569,1257,200,1344,974.29,2327.13,10792,false
2025-09-06,2025,9,6,5,3,1,0,0,4622,8.438799123988225,400,0,2970,1634.57,2418.43,9952,false
2025-09-07,2025,9,7,6,3,1,0,0,2271,7.7284157798410416,4622,610,2373,1871.86,2468.73,6735,false
2025-09-08,2025,9,8,0,3,0,0,0,547,6.306275286948015,2271,1912,0,1676.86,2391.4,3034,false
2025-09-09,2025,9,9,1,3,0,0,0,2227,7.708859601047174,547,2391,937,1653.43,2388.7,7852,false
2025-09-10,2025,9,10,2,3,0,0,0,1094,6.998509642250601,2227,250,998,1774,2363.43,5459,false
2025-09-11,2025,9,11,3,3,0,0,0,2701,7.901747518520144,1094,1257,1896,1980.29,2351.93,6881,false
2025-09-12,2025,9,12,4,3,0,0,0,2057,7.629489916393995,2701,400,2409,2217,2303.8,8171,false
2025-09-13,2025,9,13,5,3,1,0,0,729,6.593044534142437,2057,4622,760,1660.86,2286.67,4269,false
2025-09-14,2025,9,14,6,3,1,0,0,1190,7.0825485693553,729,2271,972,1506.43,2211.8,7392,false
2025-09-15,2025,9,15,0,3,0,0,0,2046,7.624130585661289,1190,547,328,1720.57,2194.33,7954,false
2025-09-16,2025,9,16,1,3,0,0,0,1614,7.387090235656757,2046,2227,1127,1633,2210.87,4825,false
2025-09-17,2025,9,17,2,3,0,0,0,2246,7.717351272185329,1614,1094,290,1797.57,2268.83,9083,false
2025-09-18,2025,9,18,3,3,0,0,0,2387,7.778211474512492,2246,2701,358,1752.71,2313.93,6879,false
2025-09-19,2025,9,19,4,3,0,0,0,487,6.190315405853147,2387,2057,1113,1528.43,2320.03,4794,false
2025-09-20,2025,9,20,5,3,1,0,0,1365,7.2196420401307355,487,729,2042,1619.29,2311.83,7549,false
2025-09-21,2025,9,21,6,3,1,0,0,2561,7.848543482456679,1365,1190,242,1815.14,1430.9,7484,false
2025-09-22,2025,9,22,0,3,0,0,0,720,6.580639137284948,2561,2046,438,1625.71,1391.27,2974,false
2025-09-23,2025,9,23,1,3,0,0,0,2120,7.659642954564682,720,1614,1056,1698,1433.03,11854,false
2025-09-24,2025,9,24,2,3,0,0,0,1348,7.207118856207756,2120,2246,1346,1569.71,1432.43,4294,false
2025-09-25,2025,9,25,3,3,0,0,0,1750,7.467942332285851,1348,2387,1132,1478.71,1436.73,12007,false
2025-09-26,2025,9,26,4,3,0,0,0,720,6.580639137284948,1750,487,0,1512,1460.73,7326,false
2025-09-27,2025,9,27,5,3,1,0,0,21760,9.987874655796292,720,1365,1771,4425.57,2186.07,31347,false
2025-09-28,2025,9,28,6,3,1,0,0,1891,7.545389749611823,21760,2561,883,4329.86,2242.43,8272,false
2025-09-29,2025,9,29,0,3,0,0,0,1017,6.925595197110468,1891,720,522,4372.29,2276.33,4292,false
2025-09-30,2025,9,30,1,3,0,0,1,332,5.808142489980444,1017,2120,12903,4116.86,2267.07,6292,false
2025-10-01,2025,10,1,2,4,0,1,0,2718,7.908019444632471,332,1348,2470,4312.57,2293.93,6425,false
2025-10-02,2025,10,2,3,4,0,0,0,2488,7.819636302367591,2718,1750,5169,4418,2297.17,7215,false
2025-10-03,2025,10,3,4,4,0,0,0,2984,8.001355025826703,2488,720,783,4741.43,2388.3,13391,false
2025-10-04,2025,10,4,5,4,1,0,0,2254,7.720905251936778,2984,21760,3106,1954.86,2421.53,7554,false
2025-10-05,2025,10,5,6,4,1,0,0,1170,7.065613363597717,2254,1891,87,1851.86,2447.2,4106,false
2025-10-06,2025,10,6,0,4,0,0,0,1289,7.162397497355718,1170,1017,2448,1890.71,2336.1,4762,false
2025-10-07,2025,10,7,1,4,0,0,0,4325,8.372398606513004,1289,332,860,2461.14,2404.57,11145,false
2025-10-08,2025,10,8,2,4,0,0,0,50,3.9318256327243257,4325,2718,357,2080,2388,4528,false
2025-10-09,2025,10,9,3,4,0,0,0,1065,6.97166860472579,50,2488,1490,1876.71,2349.27,4999,false
2025-10-10,2025,10,10,4,4,0,0,0,1266,7.144407180321139,1065,2984,678,1631.29,2355,5507,false
2025-10-11,2025,10,11,5,4,1,0,0,1672,7.422373700986824,1266,2254,1755,1548.14,2320.7,5039,false
2025-10-12,2025,10,12,6,4,1,0,0,1898,7.549082710812286,1672,1170,2410,1652.14,2315.4,6766,false
2025-10-13,2025,10,13,0,4,0,0,0,447,6.104793232414985,1898,1289,125,1531.86,2306,3780,false
2025-10-14,2025,10,14,1,4,0,0,0,1782,7.48605261786314,447,4325,938,1168.57,2325.73,6772,false
2025-10-15,2025,10,15,2,4,0,0,0,3221,8.077757563736919,1782,50,1218,1621.57,2364.9,17459,false
2025-10-16,2025,10,16,3,4,0,0,0,1596,7.3758821482150125,3221,1065,705,1697.43,2364.3,5958,false
2025-10-17,2025,10,17,4,4,0,0,0,3966,8.28576542051433,1596,1266,1809,2083.14,2421.63,9739,false
2025-10-18,2025,10,18,5,4,1,0,0,3335,8.112527763478637,3966,1672,1499,2320.71,2453.23,6892,false
2025-10-19,2025,10,19,6,4,1,0,0,872,6.771935555839602,3335,1898,1615,2174.14,2466.07,6764,false
2025-10-20,2025,10,20,0,4,0,0,0,3352,8.117610746466228,872,447,3883,2589.14,2532.3,6801,false
2025-10-21,2025,10,21,1,4,0,0,0,1086,6.99117688712121,3352,1782,3232,2489.71,2483.13,5286,false
2025-10-22,2025,10,22,2,4,0,0,0,1810,7.501634457883413,1086,3221,3156,2288.14,2519.47,6342,false
2025-10-23,2025,10,23,3,4,0,0,0,2658,7.88570539124302,1810,1596,4198,2439.86,2537.4,6363,false
2025-10-24,2025,10,24,4,4,0,0,0,1385,7.234177179749849,2658,3966,1703,2071.14,2538.63,5434,false
2025-10-25,2025,10,25,5,4,1,0,0,1486,7.304515946460155,1385,3335,489,1807,2529.83,9484,false
2025-10-26,2025,10,26,6,4,1,0,0,1085,6.990256500493881,1486,872,203,1837.43,2542,6771,false
2025-10-27,2025,10,27,0,4,0,0,0,1394,7.240649694255466,1085,3352,678,1557.71,1863.13,10522,false
2025-10-28,2025,10,28,1,4,0,0,0,26866,10.198654046697534,1394,1086,667,5240.57,2695.63,40183,false
2025-10-29,2025,10,29,2,4,0,0,0,2264,7.725330037917134,26866,1810,0,5305.43,2737.2,9573,false
2025-10-30,2025,10,30,3,4,0,0,0,0,0,2264,2658,397,4925.71,2726.13,1534,false
2025-10-31,2025,10,31,4,4,0,0,1,1218,7.105786129481271,0,1385,435,4901.86,2676.13,5384,false
2025-11-01,2025,11,1,5,4,1,1,0,1818,7.506042178518122,1218,1486,2904,4949.29,2653.8,4858,false
2025-11-02,2025,11,2,6,4,1,0,0,2898,7.972121128921655,1818,1085,2439,5208.29,2650.93,8176,false
2025-11-03,2025,11,3,0,4,0,0,0,2292,7.737616282857904,2898,1394,1450,5336.57,2652.2,7256,false
2025-11-04,2025,11,4,1,4,0,0,0,0,0,2292,26866,609,1498.57,2613.2,2862,false
2025-11-05,2025,11,5,2,4,0,0,0,1743,7.463936604468925,0,2264,1065,1424.14,2628.33,7510,false
2025-11-06,2025,11,6,3,4,0,0,0,1279,7.154615356913663,1743,0,1345,1606.86,2526.8,4525,false
2025-11-07,2025,11,7,4,4,0,0,0,3076,8.031710375322042,1279,1218,609,1872.29,2627.67,8500,false
2025-11-08,2025,11,8,5,4,1,0,0,2129,7.6638772587034705,3076,1818,678,1916.71,2663.13,7680,false
2025-11-09,2025,11,9,6,4,1,0,0,1277,7.15305163493748,2129,2898,1422,1685.14,2663.5,5116,false
2025-11-10,2025,11,10,0,4,0,0,0,3582,8.183955717304954,1277,2292,1513,1869.43,2727.17,7499,false
2025-11-11,2025,11,11,1,4,0,0,0,772,6.6502790485874215,3582,0,1509,1979.71,2689.63,17213,false
2025-11-12,2025,11,12,2,4,0,0,0,2091,7.645875825184813,772,1743,1324,2029.43,2744.43,11653,false
2025-11-13,2025,11,13,3,4,0,0,0,508,6.2324480165505225,2091,1279,995,1919.29,2701.97,3585,false
2025-11-14,2025,11,14,4,4,0,0,0,4026,8.300776960851454,508,3076,1811,2055,2728.8,7146,false
2025-11-15,2025,11,15,5,4,1,0,0,550,6.311734809152914,4026,2129,2783,1829.43,2693.93,3083,false
2025-11-16,2025,11,16,6,4,1,0,0,167,5.123963979403259,550,1277,3448,1670.86,2567.3,2613,false
2025-11-17,2025,11,17,0,4,0,0,0,791,6.674561391814426,167,3582,3235,1272.14,2482.5,4320,false
2025-11-18,2025,11,18,1,4,0,0,0,1821,7.507690077819904,791,772,3607,1422,2514.13,3287,false
2025-11-19,2025,11,19,2,4,0,0,0,350,5.860786223465865,1821,2091,2706,1173.29,2414.07,1536,false
2025-11-20,2025,11,20,3,4,0,0,0,0,0,350,508,3132,1100.71,2377.87,3705,false
2025-11-21,2025,11,21,4,4,0,0,0,0,0,0,4026,2911,525.57,2317.53,1534,false
2025-11-22,2025,11,22,5,4,1,0,0,1104,7.007600613951853,0,550,5013,604.71,2265.73,8144,false
2025-11-23,2025,11,23,6,4,1,0,0,900,6.803505257608338,1104,167,1882,709.43,2249.57,3624,false
2025-11-24,2025,11,24,0,4,0,0,0,1800,7.496097345175956,900,791,1977,853.57,2260.03,6384,false
2025-11-25,2025,11,25,1,4,0,0,0,1237,7.121252453244542,1800,1821,2159,770.14,2265.1,5116,false
2025-11-26,2025,11,26,2,4,0,0,0,1484,7.303170051236799,1237,350,2397,932.14,2268.1,11516,false
2025-11-27,2025,11,27,3,4,0,0,0,29363,10.287524713230672,1484,0,1315,5126.86,2351.33,38199,false
2025-11-28,2025,11,28,4,4,0,0,0,550,6.311734809152914,29363,0,3217,5205.43,2294.2,4369,false
2025-11-29,2025,11,29,5,4,1,0,0,1679,7.426549072397305,550,1104,16086,5287.57,2350.17,5377,false
2025-11-30,2025,11,30,6,4,1,0,1,278,5.631211781821365,1679,900,1743,5198.71,2318.83,4820,false
2025-12-01,2025,12,1,0,4,0,1,0,899,6.802394763324311,278,1800,2590,5070,2288.2,3143,false
2025-12-02,2025,12,2,1,4,0,0,0,3504,8.16194579946869,899,1237,300,5393.86,2308.4,8640,false
2025-12-03,2025,12,3,2,4,0,0,0,1078,6.983789965258135,3504,1484,960,5335.86,2267.93,5980,false
2025-12-04,2025,12,4,3,4,0,0,0,1942,7.571988449377439,1078,29363,415,1418.57,2332.67,3452,false
2025-12-05,2025,12,5,4,4,0,0,0,2308,7.744569809354495,1942,550,1558,1669.71,2351.5,12498,false
2025-12-06,2025,12,6,5,4,1,0,0,870,6.769641976852503,2308,1679,1334,1554.14,2337.87,3504,false
2025-12-07,2025,12,7,6,4,1,0,0,1477,7.298445101508147,870,278,1075,1725.43,2284.57,4807,false
2025-12-08,2025,12,8,0,4,0,0,0,2290,7.736743682453495,1477,899,1363,1924.14,2289.93,7551,false
2025-12-09,2025,12,9,1,4,0,0,0,3277,8.094988759303774,2290,3504,1579,1891.71,2356.6,7050,false
2025-12-10,2025,12,10,2,4,0,0,0,640,6.46302945692067,3277,1078,533,1829.14,2258.53,6208,false
2025-12-11,2025,12,11,3,4,0,0,0,1778,7.483806687665835,640,1942,2740,1805.71,2292.07,5401,false
2025-12-12,2025,12,12,4,4,0,0,0,3465,8.150756470275551,1778,2308,1333,1971,2337.87,8081,false
2025-12-13,2025,12,13,5,4,1,0,0,2439,7.799753318287247,3465,870,1432,2195.14,2402.23,6725,false
2025-12-14,2025,12,14,6,4,1,0,0,842,6.736966958001855,2439,1477,1383,2104.43,2296.1,6909,false
2025-12-15,2025,12,15,0,4,0,0,0,2239,7.7142311448490855,842,2290,2517,2097.14,2352.4,6574,false
2025-12-16,2025,12,16,1,4,0,0,0,1556,7.350516171833998,2239,3277,1032,1851.29,2398.7,6867,false
2025-12-17,2025,12,17,2,4,0,0,0,458,6.129050210060545,1556,640,2440,1825.29,2387.6,3867,false
2025-12-18,2025,12,18,3,4,0,0,0,1377,7.228388451573603,458,1778,2611,1768,2372.8,4736,false
2025-12-19,2025,12,19,4,4,0,0,0,3332,8.111628078307739,1377,3465,958,1749,2472.2,9295,false
2025-12-20,2025,12,20,5,4,1,0,0,1915,7.557994958530806,3332,2439,628,1674.14,2536.03,30344,false
2025-12-21,2025,12,21,6,4,1,0,0,1475,7.297091005160418,1915,842,2264,1764.57,2585.2,9222,false
2025-12-22,2025,12,22,0,4,0,0,0,700,6.55250788703459,1475,2239,1927,1544.71,2571.73,8251,false
2025-12-23,2025,12,23,1,4,0,0,0,1442,7.27447955877387,700,1556,1384,1528.43,2589.8,9059,false
2025-12-24,2025,12,24,2,4,0,0,0,30550,10.327152697288243,1442,458,0,5827.29,3548.13,42431,false
2025-12-25,2025,12,25,3,4,0,0,0,0,0,30550,1377,0,5630.57,3506.9,180,false
2025-12-26,2025,12,26,4,4,0,0,0,223,5.4116460518550396,0,3332,182,5186.43,3464.87,3769,false
2025-12-27,2025,12,27,5,4,1,0,0,664,6.499787040655854,223,1915,1209,5007.71,2508.23,4675,false
2025-12-28,2025,12,28,6,4,1,0,0,1680,7.427144133408615,664,1475,600,5037,2545.9,11245,false
2025-12-29,2025,12,29,0,4,0,0,0,460,6.133398042996649,1680,700,1394,5002.71,2505.27,6064,false
2025-12-30,2025,12,30,1,4,0,0,0,1432,7.267525427828172,460,1442,272,5001.29,2543.73,5498,false
2025-12-31,2025,12,31,2,4,0,0,1,370,5.916202062607435,1432,30550,1645,689.86,2526.1,3938,false