id,revenue_date,total_revenue,transaction_count,created_at,updated_at
1,2020-01-01 00:00:00,70,0,2026-09-17 15:08:10,2026-09-17 15:08:10
2,2020-01-02 00:00:00,1290,0,2026-09-17 15:08:10,2026-09-17 15:08:10
3,2020-01-03 00:00:00,4182,0,2026-09-17 15:08:10,2026-09-17 15:08:11
4,2020-01-04 00:00:00,4588,0,2026-09-17 15:08:10,2026-09-17 15:08:10
5,2020-01-05 00:00:00,3229,0,2026-09-17 15:08:10,2026-09-17 15:08:10
6,2020-01-06 00:00:00,2864,0,2026-09-17 15:08:10,2026-09-17 15:08:10
7,2020-01-07 00:00:00,4326,0,2026-09-17 15:08:10,2026-09-17 15:08:10
8,2020-01-08 00:00:00,3073,0,2026-09-17 15:08:10,2026-09-17 15:08:10
9,2020-01-09 00:00:00,13872,0,2026-09-17 15:08:10,2026-09-17 15:08:10
10,2020-01-10 00:00:00,8514,0,2026-09-17 15:08:10,2026-09-17 15:08:10
11,2020-01-11 00:00:00,1503,0,2026-09-17 15:08:10,2026-09-17 15:08:10
12,2020-01-12 00:00:00,2090,0,2026-09-17 15:08:10,2026-09-17 15:08:10
13,2020-01-13 00:00:00,3732,0,2026-09-17 15:08:10,2026-09-17 15:08:10
14,2020-01-14 00:00:00,3262,0,2026-09-17 15:08:10,2026-09-17 15:08:10
15,2020-01-15 00:00:00,2608,0,2026-09-17 15:08:10,2026-09-17 15:08:10
16,2020-01-16 00:00:00,10535,0,2026-09-17 15:08:10,2026-09-17 15:08:10
17,2020-01-17 00:00:00,6895,0,2026-09-17 15:08:10,2026-09-17 15:08:10
18,2020-01-18 00:00:00,4451,0,2026-09-17 15:08:10,2026-09-17 15:08:10
19,2020-01-19 00:00:00,7378,0,2026-09-17 15:08:10,2026-09-17 15:08:10
20,2020-01-20 00:00:00,5327,0,2026-09-17 15:08:10,2026-09-17 15:08:10
21,2020-01-21 00:00:00,4421,0,2026-09-17 15:08:10,2026-09-17 15:08:10
22,2020-01-22 00:00:00,7062,0,2026-09-17 15:08:10,2026-09-17 15:08:10
23,2020-01-23 00:00:00,6346,0,2026-09-17 15:08:10,2026-09-17 15:08:10
24,2020-01-24 00:00:00,4139,0,2026-09-17 15:08:10,2026-09-17 15:08:10
25,2020-01-25 00:00:00,5489,0,2026-09-17 15:08:10,2026-09-17 15:08:10
26,2020-01-26 00:00:00,3333,0,2026-09-17 15:08:10,2026-09-17 15:08:10
27,2020-01-27 00:00:00,7291,0,2026-09-17 15:08:10,2026-09-17 15:08:10
28,2020-01-28 00:00:00,55815,0,2026-09-17 15:08:10,2026-09-17 15:08:10
29,2020-01-29 00:00:00,3248,0,2026-09-17 15:08:10,2026-09-17 15:08:10
30,2020-01-30 00:00:00,5095,0,2026-09-17 15:08:10,2026-09-17 15:08:10
31,2020-01-31 00:00:00,6400,0,2026-09-17 15:08:10,2026-09-17 15:08:10
32,2020-02-01 00:00:00,2452,0,2026-09-17 15:08:10,2026-09-17 15:08:10
33,2020-02-02 00:00:00,2264,0,2026-09-17 15:08:10,2026-09-17 15:08:10
34,2020-02-03 00:00:00,3179,0,2026-09-17 15:08:10,2026-09-17 15:08:10
35,2020-02-04 00:00:00,2932,0,2026-09-17 15:08:10,2026-09-17 15:08:10
36,2020-02-05 00:00:00,3176,0,2026-09-17 15:08:10,2026-09-17 15:08:10
37,2020-02-06 00:00:00,2525,0,2026-09-17 15:08:10,2026-09-17 15:08:10
38,2020-02-07 00:00:00,11667,0,2026-09-17 15:08:10,2026-09-17 15:08:10
39,2020-02-08 00:00:00,2578,0,2026-09-17 15:08:10,2026-09-17 15:08:10
40,2020-02-09 00:00:00,2876,0,2026-09-17 15:08:10,2026-09-17 15:08:10
41,2020-02-10 00:00:00,2723,0,2026-09-17 15:08:10,2026-09-17 15:08:10
42,2020-02-11 00:00:00,2733,0,2026-09-17 15:08:10,2026-09-17 15:08:10
43,2020-02-12 00:00:00,2819,0,2026-09-17 15:08:10,2026-09-17 15:08:10
44,2020-02-13 00:00:00,5133,0,2026-09-17 15:08:10,2026-09-17 15:08:10
45,2020-02-14 00:00:00,4156,0,2026-09-17 15:08:10,2026-09-17 15:08:10
46,2020-02-15 00:00:00,10438,0,2026-09-17 15:08:10,2026-09-17 15:08:10
47,2020-02-16 00:00:00,4268,0,2026-09-17 15:08:10,2026-09-17 15:08:10
48,2020-02-17 00:00:00,3141,0,2026-09-17 15:08:10,2026-09-17 15:08:10
49,2020-02-18 00:00:00,5149,0,2026-09-17 15:08:10,2026-09-17 15:08:10
50,2020-02-19 00:00:00,2953,0,2026-09-17 15:08:10,2026-09-17 15:08:10
51,2020-02-20 00:00:00,1709,0,2026-09-17 15:08:10,2026-09-17 15:08:10
52,2020-02-21 00:00:00,2313,0,2026-09-17 15:08:10,2026-09-17 15:08:10
53,2020-02-22 00:00:00,1301,0,2026-09-17 15:08:10,2026-09-17 15:08:10
54,2020-02-23 00:00:00,4488,0,2026-09-17 15:08:10,2026-09-17 15:08:10
55,2020-02-24 00:00:00,5743,0,2026-09-17 15:08:10,2026-09-17 15:08:10
56,2020-02-25 00:00:00,2910,0,2026-09-17 15:08:10,2026-09-17 15:08:10
57,2020-02-26 00:00:00,6891,0,2026-09-17 15:08:10,2026-09-17 15:08:10
58,2020-02-27 00:00:00,20092,0,2026-09-17 15:08:10,2026-09-17 15:08:10
59,2020-02-28 00:00:00,37583,0,2026-09-17 15:08:10,2026-09-17 15:08:10
60,2020-02-29 00:00:00,8773,0,2026-09-17 15:08:10,2026-09-17 15:08:10
61,2020-03-01 00:00:00,2622,0,2026-09-17 15:08:10,2026-09-17 15:08:10
62,2020-03-02 00:00:00,4726,0,2026-09-17 15:08:10,2026-09-17 15:08:10
63,2020-03-03 00:00:00,5576,0,2026-09-17 15:08:10,2026-09-17 15:08:10
64,2020-03-04 00:00:00,4216,0,2026-09-17 15:08:10,2026-09-17 15:08:10
65,2020-03-05 00:00:00,7637,0,2026-09-17 15:08:10,2026-09-17 15:08:10
66,2020-03-06 00:00:00,8128,0,2026-09-17 15:08:10,2026-09-17 15:08:10
67,2020-03-07 00:00:00,6745,0,2026-09-17 15:08:10,2026-09-17 15:08:10
68,2020-03-08 00:00:00,3284,0,2026-09-17 15:08:10,2026-09-17 15:08:10
69,2020-03-09 00:00:00,3438,0,2026-09-17 15:08:10,2026-09-17 15:08:10
70,2020-03-10 00:00:00,3642,0,2026-09-17 15:08:10,2026-09-17 15:08:10
71,2020-03-11 00:00:00,6449,0,2026-09-17 15:08:10,2026-09-17 15:08:10
72,2020-03-12 00:00:00,2591,0,2026-09-17 15:08:10,2026-09-17 15:08:10
73,2020-03-13 00:00:00,5484,0,2026-09-17 15:08:10,2026-09-17 15:08:10
74,2020-03-14 00:00:00,8669,0,2026-09-17 15:08:10,2026-09-17 15:08:10
75,2020-03-15 00:00:00,8161,0,2026-09-17 15:08:10,2026-09-17 15:08:10
76,2020-03-16 00:00:00,4982,0,2026-09-17 15:08:10,2026-09-17 15:08:10
77,2020-03-17 00:00:00,5355,0,2026-09-17 15:08:10,2026-09-17 15:08:10
78,2020-03-18 00:00:00,7164,0,2026-09-17 15:08:10,2026-09-17 15:08:10
79,2020-03-19 00:00:00,2008,0,2026-09-17 15:08:10,2026-09-17 15:08:10
80,2020-03-20 00:00:00,2620,0,2026-09-17 15:08:10,2026-09-17 15:08:10
81,2020-03-21 00:00:00,1964,0,2026-09-17 15:08:10,2026-09-17 15:08:10
82,2020-03-22 00:00:00,2410,0,2026-09-17 15:08:10,2026-09-17 15:08:10
83,2020-03-23 00:00:00,740,0,2026-09-17 15:08:10,2026-09-17 15:08:10
84,2020-03-24 00:00:00,3259,0,2026-09-17 15:08:10,2026-09-17 15:08:10
85,2020-03-25 00:00:00,3334,0,2026-09-17 15:08:10,2026-09-17 15:08:10
86,2020-03-26 00:00:00,5893,0,2026-09-17 15:08:10,2026-09-17 15:08:10
87,2020-03-27 00:00:00,1066,0,2026-09-17 15:08:10,2026-09-17 15:08:10
88,2020-03-28 00:00:00,64758,0,2026-09-17 15:08:10,2026-09-17 15:08:10
89,2020-03-29 00:00:00,1527,0,2026-09-17 15:08:10,2026-09-17 15:08:10
90,2020-03-30 00:00:00,1020,0,2026-09-17 15:08:10,2026-09-17 15:08:10
91,2020-03-31 00:00:00,735,0,2026-09-17 15:08:10,2026-09-17 15:08:10
92,2020-04-01 00:00:00,1707,0,2026-09-17 15:08:10,2026-09-17 15:08:10
93,2020-04-02 00:00:00,926,0,2026-09-17 15:08:10,2026-09-17 15:08:10
94,2020-04-03 00:00:00,467,0,2026-09-17 15:08:10,2026-09-17 15:08:10
95,2020-04-04 00:00:00,440,0,2026-09-17 15:08:10,2026-09-17 15:08:10
96,2020-04-05 00:00:00,357,0,2026-09-17 15:08:10,2026-09-17 15:08:10
97,2020-04-06 00:00:00,2187,0,2026-09-17 15:08:10,2026-09-17 15:08:10
98,2020-04-07 00:00:00,1480,0,2026-09-17 15:08:10,2026-09-17 15:08:10
99,2020-04-08 00:00:00,2852,0,2026-09-17 15:08:10,2026-09-17 15:08:10
100,2020-04-09 00:00:00,713,0,2026-09-17 15:08:10,2026-09-17 15:08:10
101,2020-04-10 00:00:00,95,0,2026-09-17 15:08:10,2026-09-17 15:08:10
102,2020-04-11 00:00:00,250,0,2026-09-17 15:08:10,2026-09-17 15:08:10
103,2020-04-12 00:00:00,1638,0,2026-09-17 15:08:10,2026-09-17 15:08:10
104,2020-04-13 00:00:00,949,0,2026-09-17 15:08:10,2026-09-17 15:08:10
105,2020-04-14 00:00:00,4328,0,2026-09-17 15:08:10,2026-09-17 15:08:10
106,2020-04-15 00:00:00,2912,0,2026-09-17 15:08:10,2026-09-17 15:08:10
107,2020-04-16 00:00:00,15501,0,2026-09-17 15:08:10,2026-09-17 15:08:10
108,2020-04-17 00:00:00,3689,0,2026-09-17 15:08:10,2026-09-17 15:08:10
109,2020-04-18 00:00:00,1939,0,2026-09-17 15:08:10,2026-09-17 15:08:10
110,2020-04-19 00:00:00,3652,0,2026-09-17 15:08:10,2026-09-17 15:08:10
111,2020-04-20 00:00:00,7312,0,2026-09-17 15:08:10,2026-09-17 15:08:10
112,2020-04-21 00:00:00,1974,0,2026-09-17 15:08:10,2026-09-17 15:08:10
113,2020-04-22 00:00:00,20423,0,2026-09-17 15:08:10,2026-09-17 15:08:10
114,2020-04-23 00:00:00,1215,0,2026-09-17 15:08:10,2026-09-17 15:08:10
115,2020-04-24 00:00:00,4050,0,2026-09-17 15:08:10,2026-09-17 15:08:10
116,2020-04-25 00:00:00,2929,0,2026-09-17 15:08:10,2026-09-17 15:08:10
117,2020-04-26 00:00:00,0,0,2026-09-17 15:08:10,2026-09-17 15:08:10
118,2020-04-27 00:00:00,4270,0,2026-09-17 15:08:10,2026-09-17 15:08:10
119,2020-04-28 00:00:00,2934,0,2026-09-17 15:08:10,2026-09-17 15:08:10
120,2020-04-29 00:00:00,54104,0,2026-09-17 15:08:10,2026-09-17 15:08:10
121,2020-04-30 00:00:00,2099,0,2026-09-17 15:08:10,2026-09-17 15:08:10
122,2020-05-01 00:00:00,12385,0,2026-09-17 15:08:10,2026-09-17 15:08:10
123,2020-05-02 00:00:00,6630,0,2026-09-17 15:08:10,2026-09-17 15:08:10
124,2020-05-03 00:00:00,0,0,2026-09-17 15:08:10,2026-09-17 15:08:10
125,2020-05-04 00:00:00,7821,0,2026-09-17 15:08:10,2026-09-17 15:08:10
126,2020-05-05 00:00:00,5116,0,2026-09-17 15:08:10,2026-09-17 15:08:10
127,2020-05-06 00:00:00,3664,0,2026-09-17 15:08:10,2026-09-17 15:08:10
128,2020-05-07 00:00:00,3344,0,2026-09-17 15:08:10,2026-09-17 15:08:10
129,2020-05-08 00:00:00,2979,0,2026-09-17 15:08:10,2026-09-17 15:08:10
130,2020-05-09 00:00:00,4904,0,2026-09-17 15:08:10,2026-09-17 15:08:10
131,2020-05-10 00:00:00,1136,0,2026-09-17 15:08:10,2026-09-17 15:08:10
132,2020-05-11 00:00:00,9064,0,2026-09-17 15:08:10,2026-09-17 15:08:10
133,2020-05-12 00:00:00,5788,0,2026-09-17 15:08:10,2026-09-17 15:08:10
134,2020-05-13 00:00:00,5286,0,2026-09-17 15:08:10,2026-09-17 15:08:10
135,2020-05-14 00:00:00,1958,0,2026-09-17 15:08:10,2026-09-17 15:08:10
136,2020-05-15 00:00:00,0,0,2026-09-17 15:08:10,2026-09-17 15:08:10
137,2020-05-16 00:00:00,0,0,2026-09-17 15:08:10,2026-09-17 15:08:10
138,2020-05-17 00:00:00,1328,0,2026-09-17 15:08:10,2026-09-17 15:08:10
139,2020-05-18 00:00:00,8106,0,2026-09-17 15:08:10,2026-09-17 15:08:10
140,2020-05-19 00:00:00,12247,0,2026-09-17 15:08:10,2026-09-17 15:08:10
141,2020-05-20 00:00:00,7115,0,2026-09-17 15:08:10,2026-09-17 15:08:10
142,2020-05-21 00:00:00,7403,0,2026-09-17 15:08:10,2026-09-17 15:08:10
143,2020-05-22 00:00:00,9786,0,2026-09-17 15:08:10,2026-09-17 15:08:10
144,2020-05-23 00:00:00,6373,0,2026-09-17 15:08:10,2026-09-17 15:08:10
145,2020-05-24 00:00:00,756,0,2026-09-17 15:08:10,2026-09-17 15:08:10
146,2020-05-25 00:00:00,11344,0,2026-09-17 15:08:10,2026-09-17 15:08:10
147,2020-05-26 00:00:00,10204,0,2026-09-17 15:08:10,2026-09-17 15:08:10
148,2020-05-27 00:00:00,8257,0,2026-09-17 15:08:10,2026-09-17 15:08:10
149,2020-05-28 00:00:00,5172,0,2026-09-17 15:08:10,2026-09-17 15:08:10
150,2020-05-29 00:00:00,8801,0,2026-09-17 15:08:10,2026-09-17 15:08:10
151,2020-05-30 00:00:00,10335,0,2026-09-17 15:08:10,2026-09-17 15:08:10
152,2020-05-31 00:00:00,2810,0,2026-09-17 15:08:10,2026-09-17 15:08:10
153,2020-06-01 00:00:00,13705,0,2026-09-17 15:08:10,2026-09-17 15:08:10
154,2020-06-02 00:00:00,6016,0,2026-09-17 15:08:10,2026-09-17 15:08:10
155,2020-06-03 00:00:00,7629,0,2026-09-17 15:08:10,2026-09-17 15:08:10
156,2020-06-04 00:00:00,16192,0,2026-09-17 15:08:10,2026-09-17 15:08:10
157,2020-06-05 00:00:00,3837,0,2026-09-17 15:08:10,2026-09-17 15:08:10
158,2020-06-06 00:00:00,5165,0,2026-09-17 15:08:10,2026-09-17 15:08:10
159,2020-06-07 00:00:00,1180,0,2026-09-17 15:08:10,2026-09-17 15:08:10
160,2020-06-08 00:00:00,59260,0,2026-09-17 15:08:10,2026-09-17 15:08:10
161,2020-06-09 00:00:00,5256,0,2026-09-17 15:08:10,2026-09-17 15:08:10
162,2020-06-10 00:00:00,9648,0,2026-09-17 15:08:10,2026-09-17 15:08:10
163,2020-06-11 00:00:00,2954,0,2026-09-17 15:08:10,2026-09-17 15:08:10
164,2020-06-12 00:00:00,2420,0,2026-09-17 15:08:10,2026-09-17 15:08:10
165,2020-06-13 00:00:00,3546,0,2026-09-17 15:08:10,2026-09-17 15:08:10
166,2020-06-14 00:00:00,2194,0,2026-09-17 15:08:10,2026-09-17 15:08:10
167,2020-06-15 00:00:00,8933,0,2026-09-17 15:08:10,2026-09-17 15:08:10
168,2020-06-16 00:00:00,18528,0,2026-09-17 15:08:10,2026-09-17 15:08:10
169,2020-06-17 00:00:00,10046,0,2026-09-17 15:08:10,2026-09-17 15:08:10
170,2020-06-18 00:00:00,6220,0,2026-09-17 15:08:10,2026-09-17 15:08:10
171,2020-06-19 00:00:00,6027,0,2026-09-17 15:08:10,2026-09-17 15:08:10
172,2020-06-20 00:00:00,8632,0,2026-09-17 15:08:10,2026-09-17 15:08:10
173,2020-06-21 00:00:00,5678,0,2026-09-17 15:08:10,2026-09-17 15:08:10
174,2020-06-22 00:00:00,8081,0,2026-09-17 15:08:10,2026-09-17 15:08:10
175,2020-06-23 00:00:00,8498,0,2026-09-17 15:08:10,2026-09-17 15:08:10
176,2020-06-24 00:00:00,5299,0,2026-09-17 15:08:10,2026-09-17 15:08:10
177,2020-06-25 00:00:00,9033,0,2026-09-17 15:08:10,2026-09-17 15:08:10
178,2020-06-26 00:00:00,46507,0,2026-09-17 15:08:10,2026-09-17 15:08:10
179,2020-06-27 00:00:00,10663,0,2026-09-17 15:08:10,2026-09-17 15:08:10
180,2020-06-28 00:00:00,4237,0,2026-09-17 15:08:10,2026-09-17 15:08:10
181,2020-06-29 00:00:00,5126,0,2026-09-17 15:08:10,2026-09-17 15:08:10
182,2020-06-30 00:00:00,7055,0,2026-09-17 15:08:10,2026-09-17 15:08:10
183,2020-07-01 00:00:00,7710,0,2026-09-17 15:08:10,2026-09-17 15:08:10
184,2020-07-02 00:00:00,3297,0,2026-09-17 15:08:10,2026-09-17 15:08:10
185,2020-07-03 00:00:00,3631,0,2026-09-17 15:08:10,2026-09-17 15:08:10
186,2020-07-04 00:00:00,3955,0,2026-09-17 15:08:10,2026-09-17 15:08:10
187,2020-07-05 00:00:00,3285,0,2026-09-17 15:08:10,2026-09-17 15:08:10
188,2020-07-06 00:00:00,8197,0,2026-09-17 15:08:10,2026-09-17 15:08:10
189,2020-07-07 00:00:00,3214,0,2026-09-17 15:08:10,2026-09-17 15:08:10
190,2020-07-08 00:00:00,7362,0,2026-09-17 15:08:10,2026-09-17 15:08:10
191,2020-07-09 00:00:00,5186,0,2026-09-17 15:08:10,2026-09-17 15:08:10
192,2020-07-10 00:00:00,4126,0,2026-09-17 15:08:10,2026-09-17 15:08:10
193,2020-07-11 00:00:00,5251,0,2026-09-17 15:08:10,2026-09-17 15:08:10
194,2020-07-12 00:00:00,5449,0,2026-09-17 15:08:10,2026-09-17 15:08:10
195,2020-07-13 00:00:00,7942,0,2026-09-17 15:08:10,2026-09-17 15:08:10
196,2020-07-14 00:00:00,8546,0,2026-09-17 15:08:10,2026-09-17 15:08:10
197,2020-07-15 00:00:00,8531,0,2026-09-17 15:08:10,2026-09-17 15:08:10
198,2020-07-16 00:00:00,4507,0,2026-09-17 15:08:10,2026-09-17 15:08:10
199,2020-07-17 00:00:00,4619,0,2026-09-17 15:08:10,2026-09-17 15:08:10
200,2020-07-18 00:00:00,5765,0,2026-09-17 15:08:10,2026-09-17 15:08:10
201,2020-07-19 00:00:00,10739,0,2026-09-17 15:08:10,2026-09-17 15:08:10
202,2020-07-20 00:00:00,6229,0,2026-09-17 15:08:10,2026-09-17 15:08:10
203,2020-07-21 00:00:00,22832,0,2026-09-17 15:08:10,2026-09-17 15:08:10
204,2020-07-22 00:00:00,4617,0,2026-09-17 15:08:10,2026-09-17 15:08:10
205,2020-07-23 00:00:00,8683,0,2026-09-17 15:08:10,2026-09-17 15:08:10
206,2020-07-24 00:00:00,6677,0,2026-09-17 15:08:10,2026-09-17 15:08:10
207,2020-07-25 00:00:00,9507,0,2026-09-17 15:08:10,2026-09-17 15:08:10
208,2020-07-26 00:00:00,25784,0,2026-09-17 15:08:10,2026-09-17 15:08:10
209,2020-07-27 00:00:00,9333,0,2026-09-17 15:08:10,2026-09-17 15:08:10
210,2020-07-28 00:00:00,7084,0,2026-09-17 15:08:10,2026-09-17 15:08:10
211,2020-07-29 00:00:00,4347,0,2026-09-17 15:08:10,2026-09-17 15:08:10
212,2020-07-30 00:00:00,8329,0,2026-09-17 15:08:10,2026-09-17 15:08:10
213,2020-07-31 00:00:00,5324,0,2026-09-17 15:08:10,2026-09-17 15:08:10
214,2020-08-01 00:00:00,3562,0,2026-09-17 15:08:10,2026-09-17 15:08:10
215,2020-08-02 00:00:00,1506,0,2026-09-17 15:08:10,2026-09-17 15:08:10
216,2020-08-03 00:00:00,5008,0,2026-09-17 15:08:10,2026-09-17 15:08:10
217,2020-08-04 00:00:00,3767,0,2026-09-17 15:08:10,2026-09-17 15:08:10
218,2020-08-05 00:00:00,3763,0,2026-09-17 15:08:10,2026-09-17 15:08:10
219,2020-08-06 00:00:00,4209,0,2026-09-17 15:08:10,2026-09-17 15:08:10
220,2020-08-07 00:00:00,6418,0,2026-09-17 15:08:10,2026-09-17 15:08:10
221,2020-08-08 00:00:00,3865,0,2026-09-17 15:08:10,2026-09-17 15:08:10
222,2020-08-09 00:00:00,1340,0,2026-09-17 15:08:10,2026-09-17 15:08:10
223,2020-08-10 00:00:00,7570,0,2026-09-17 15:08:10,2026-09-17 15:08:10
224,2020-08-11 00:00:00,7729,0,2026-09-17 15:08:10,2026-09-17 15:08:10
225,2020-08-12 00:00:00,5019,0,2026-09-17 15:08:10,2026-09-17 15:08:10
226,2020-08-13 00:00:00,6354,0,2026-09-17 15:08:10,2026-09-17 15:08:10
227,2020-08-14 00:00:00,5365,0,2026-09-17 15:08:10,2026-09-17 15:08:10
228,2020-08-15 00:00:00,6195,0,2026-09-17 15:08:10,2026-09-17 15:08:10
229,2020-08-16 00:00:00,5037,0,2026-09-17 15:08:10,2026-09-17 15:08:10
230,2020-08-17 00:00:00,6013,0,2026-09-17 15:08:10,2026-09-17 15:08:10
231,2020-08-18 00:00:00,9531,0,2026-09-17 15:08:10,2026-09-17 15:08:10
232,2020-08-19 00:00:00,8152,0,2026-09-17 15:08:10,2026-09-17 15:08:10
233,2020-08-20 00:00:00,3992,0,2026-09-17 15:08:10,2026-09-17 15:08:10
234,2020-08-21 00:00:00,4253,0,2026-09-17 15:08:10,2026-09-17 15:08:10
235,2020-08-22 00:00:00,6175,0,2026-09-17 15:08:10,2026-09-17 15:08:10
236,2020-08-23 00:00:00,3932,0,2026-09-17 15:08:10,2026-09-17 15:08:10
237,2020-08-24 00:00:00,5271,0,2026-09-17 15:08:10,2026-09-17 15:08:10
238,2020-08-25 00:00:00,34558,0,2026-09-17 15:08:10,2026-09-17 15:08:10
239,2020-08-26 00:00:00,3159,0,2026-09-17 15:08:10,2026-09-17 15:08:10
240,2020-08-27 00:00:00,16029,0,2026-09-17 15:08:10,2026-09-17 15:08:10
241,2020-08-28 00:00:00,7100,0,2026-09-17 15:08:10,2026-09-17 15:08:10
242,2020-08-29 00:00:00,7556,0,2026-09-17 15:08:10,2026-09-17 15:08:10
243,2020-08-30 00:00:00,1809,0,2026-09-17 15:08:10,2026-09-17 15:08:10
244,2020-08-31 00:00:00,1649,0,2026-09-17 15:08:10,2026-09-17 15:08:10
245,2020-09-01 00:00:00,1825,0,2026-09-17 15:08:10,2026-09-17 15:08:10
246,2020-09-02 00:00:00,4103,0,2026-09-17 15:08:10,2026-09-17 15:08:10
247,2020-09-03 00:00:00,3787,0,2026-09-17 15:08:10,2026-09-17 15:08:10
248,2020-09-04 00:00:00,2519,0,2026-09-17 15:08:10,2026-09-17 15:08:10
249,2020-09-05 00:00:00,5230,0,2026-09-17 15:08:10,2026-09-17 15:08:10
250,2020-09-06 00:00:00,4159,0,2026-09-17 15:08:10,2026-09-17 15:08:10
251,2020-09-07 00:00:00,11759,0,2026-09-17 15:08:10,2026-09-17 15:08:10
252,2020-09-08 00:00:00,6263,0,2026-09-17 15:08:10,2026-09-17 15:08:10
253,2020-09-09 00:00:00,5533,0,2026-09-17 15:08:10,2026-09-17 15:08:10
254,2020-09-10 00:00:00,7667,0,2026-09-17 15:08:10,2026-09-17 15:08:10
255,2020-09-11 00:00:00,5517,0,2026-09-17 15:08:10,2026-09-17 15:08:10
256,2020-09-12 00:00:00,5272,0,2026-09-17 15:08:10,2026-09-17 15:08:10
257,2020-09-13 00:00:00,6401,0,2026-09-17 15:08:10,2026-09-17 15:08:10
258,2020-09-14 00:00:00,6127,0,2026-09-17 15:08:10,2026-09-17 15:08:10
259,2020-09-15 00:00:00,4199,0,2026-09-17 15:08:10,2026-09-17 15:08:10
260,2020-09-16 00:00:00,3754,0,2026-09-17 15:08:10,2026-09-17 15:08:10
261,2020-09-17 00:00:00,1879,0,2026-09-17 15:08:10,2026-09-17 15:08:10
262,2020-09-18 00:00:00,2039,0,2026-09-17 15:08:10,2026-09-17 15:08:10
263,2020-09-19 00:00:00,1697,0,2026-09-17 15:08:10,2026-09-17 15:08:10
264,2020-09-20 00:00:00,3122,0,2026-09-17 15:08:10,2026-09-17 15:08:10
265,2020-09-21 00:00:00,4592,0,2026-09-17 15:08:10,2026-09-17 15:08:10
266,2020-09-22 00:00:00,5348,0,2026-09-17 15:08:10,2026-09-17 15:08:10
267,2020-09-23 00:00:00,12110,0,2026-09-17 15:08:10,2026-09-17 15:08:10
268,2020-09-24 00:00:00,5175,0,2026-09-17 15:08:10,2026-09-17 15:08:10
269,2020-09-25 00:00:00,15227,0,2026-09-17 15:08:10,2026-09-17 15:08:10
270,2020-09-26 00:00:00,26065,0,2026-09-17 15:08:10,2026-09-17 15:08:10
271,2020-09-27 00:00:00,4612,0,2026-09-17 15:08:10,2026-09-17 15:08:10
272,2020-09-28 00:00:00,2814,0,2026-09-17 15:08:10,2026-09-17 15:08:10
273,2020-09-29 00:00:00,7302,0,2026-09-17 15:08:10,2026-09-17 15:08:10
274,2020-09-30 00:00:00,4579,0,2026-09-17 15:08:10,2026-09-17 15:08:10
275,2020-10-01 00:00:00,6789,0,2026-09-17 15:08:10,2026-09-17 15:08:10
276,2020-10-02 00:00:00,2788,0,2026-09-17 15:08:10,2026-09-17 15:08:10
277,2020-10-03 00:00:00,4268,0,2026-09-17 15:08:10,2026-09-17 15:08:10
278,2020-10-04 00:00:00,2894,0,2026-09-17 15:08:10,2026-09-17 15:08:10
279,2020-10-05 00:00:00,3951,0,2026-09-17 15:08:10,2026-09-17 15:08:10
280,2020-10-06 00:00:00,6210,0,2026-09-17 15:08:10,2026-09-17 15:08:10
281,2020-10-07 00:00:00,8276,0,2026-09-17 15:08:10,2026-09-17 15:08:10
282,2020-10-08 00:00:00,4874,0,2026-09-17 15:08:10,2026-09-17 15:08:10
283,2020-10-09 00:00:00,4842,0,2026-09-17 15:08:10,2026-09-17 15:08:10
284,2020-10-10 00:00:00,8202,0,2026-09-17 15:08:10,2026-09-17 15:08:10
285,2020-10-11 00:00:00,1664,0,2026-09-17 15:08:10,2026-09-17 15:08:10
286,2020-10-12 00:00:00,2749,0,2026-09-17 15:08:10,2026-09-17 15:08:10
287,2020-10-13 00:00:00,7289,0,2026-09-17 15:08:10,2026-09-17 15:08:10
288,2020-10-14 00:00:00,3974,0,2026-09-17 15:08:10,2026-09-17 15:08:10
289,2020-10-15 00:00:00,1829,0,2026-09-17 15:08:10,2026-09-17 15:08:10
290,2020-10-16 00:00:00,5011,0,2026-09-17 15:08:10,2026-09-17 15:08:10
291,2020-10-17 00:00:00,3618,0,2026-09-17 15:08:10,2026-09-17 15:08:10
292,2020-10-18 00:00:00,4778,0,2026-09-17 15:08:10,2026-09-17 15:08:10
293,2020-10-19 00:00:00,3777,0,2026-09-17 15:08:10,2026-09-17 15:08:10
294,2020-10-20 00:00:00,1925,0,2026-09-17 15:08:10,2026-09-17 15:08:10
295,2020-10-21 00:00:00,2310,0,2026-09-17 15:08:10,2026-09-17 15:08:10
296,2020-10-22 00:00:00,882,0,2026-09-17 15:08:10,2026-09-17 15:08:10
297,2020-10-23 00:00:00,2556,0,2026-09-17 15:08:10,2026-09-17 15:08:10
298,2020-10-24 00:00:00,2020,0,2026-09-17 15:08:10,2026-09-17 15:08:10
299,2020-10-25 00:00:00,266,0,2026-09-17 15:08:10,2026-09-17 15:08:10
300,2020-10-26 00:00:00,20,0,2026-09-17 15:08:10,2026-09-17 15:08:10
301,2020-10-27 00:00:00,970,0,2026-09-17 15:08:10,2026-09-17 15:08:10
302,2020-10-28 00:00:00,1719,0,2026-09-17 15:08:10,2026-09-17 15:08:10
303,2020-10-29 00:00:00,9310,0,2026-09-17 15:08:10,2026-09-17 15:08:10
304,2020-10-30 00:00:00,14829,0,2026-09-17 15:08:10,2026-09-17 15:08:10
305,2020-10-31 00:00:00,340,0,2026-09-17 15:08:10,2026-09-17 15:08:10
306,2020-11-01 00:00:00,0,0,2026-09-17 15:08:10,2026-09-17 15:08:10
307,2020-11-02 00:00:00,200,0,2026-09-17 15:08:10,2026-09-17 15:08:10
308,2020-11-03 00:00:00,4098,0,2026-09-17 15:08:10,2026-09-17 15:08:10
309,2020-11-04 00:00:00,2794,0,2026-09-17 15:08:10,2026-09-17 15:08:10
310,2020-11-05 00:00:00,6403,0,2026-09-17 15:08:10,2026-09-17 15:08:10
311,2020-11-06 00:00:00,5393,0,2026-09-17 15:08:10,2026-09-17 15:08:10
312,2020-11-07 00:00:00,8943,0,2026-09-17 15:08:10,2026-09-17 15:08:10
313,2020-11-08 00:00:00,1084,0,2026-09-17 15:08:10,2026-09-17 15:08:10
314,2020-11-09 00:00:00,5236,0,2026-09-17 15:08:10,2026-09-17 15:08:10
315,2020-11-10 00:00:00,5010,0,2026-09-17 15:08:11,2026-09-17 15:08:11
316,2020-11-11 00:00:00,2675,0,2026-09-17 15:08:11,2026-09-17 15:08:11
317,2020-11-12 00:00:00,0,0,2026-09-17 15:08:11,2026-09-17 15:08:11
318,2020-11-13 00:00:00,6215,0,2026-09-17 15:08:11,2026-09-17 15:08:11
319,2020-11-14 00:00:00,5140,0,2026-09-17 15:08:11,2026-09-17 15:08:11
320,2020-11-15 00:00:00,5568,0,2026-09-17 15:08:11,2026-09-17 15:08:11
321,2020-11-16 00:00:00,6245,0,2026-09-17 15:08:11,2026-09-17 15:08:11
322,2020-11-17 00:00:00,7426,0,2026-09-17 15:08:11,2026-09-17 15:08:11
323,2020-11-18 00:00:00,11911,0,2026-09-17 15:08:11,2026-09-17 15:08:11
324,2020-11-19 00:00:00,5702,0,2026-09-17 15:08:11,2026-09-17 15:08:11
325,2020-11-20 00:00:00,6535,0,2026-09-17 15:08:11,2026-09-17 15:08:11
326,2020-11-21 00:00:00,11736,0,2026-09-17 15:08:11,2026-09-17 15:08:11
327,2020-11-22 00:00:00,5153,0,2026-09-17 15:08:11,2026-09-17 15:08:11
328,2020-11-23 00:00:00,8063,0,2026-09-17 15:08:11,2026-09-17 15:08:11
329,2020-11-24 00:00:00,9677,0,2026-09-17 15:08:11,2026-09-17 15:08:11
330,2020-11-25 00:00:00,5398,0,2026-09-17 15:08:11,2026-09-17 15:08:11
331,2020-11-26 00:00:00,19163,0,2026-09-17 15:08:11,2026-09-17 15:08:11
332,2020-11-27 00:00:00,6359,0,2026-09-17 15:08:11,2026-09-17 15:08:11
333,2020-11-28 00:00:00,11809,0,2026-09-17 15:08:11,2026-09-17 15:08:11
334,2020-11-29 00:00:00,4062,0,2026-09-17 15:08:11,2026-09-17 15:08:11
335,2020-11-30 00:00:00,3585,0,2026-09-17 15:08:11,2026-09-17 15:08:11
336,2020-12-01 00:00:00,2172,0,2026-09-17 15:08:11,2026-09-17 15:08:11
337,2020-12-02 00:00:00,2628,0,2026-09-17 15:08:11,2026-09-17 15:08:11
338,2020-12-03 00:00:00,8169,0,2026-09-17 15:08:11,2026-09-17 15:08:11
339,2020-12-04 00:00:00,8988,0,2026-09-17 15:08:11,2026-09-17 15:08:11
340,2020-12-05 00:00:00,7837,0,2026-09-17 15:08:11,2026-09-17 15:08:11
341,2020-12-06 00:00:00,4222,0,2026-09-17 15:08:11,2026-09-17 15:08:11
342,2020-12-07 00:00:00,4981,0,2026-09-17 15:08:11,2026-09-17 15:08:11
343,2020-12-08 00:00:00,5077,0,2026-09-17 15:08:11,2026-09-17 15:08:11
344,2020-12-09 00:00:00,6082,0,2026-09-17 15:08:11,2026-09-17 15:08:11
345,2020-12-10 00:00:00,8891,0,2026-09-17 15:08:11,2026-09-17 15:08:11
346,2020-12-11 00:00:00,9275,0,2026-09-17 15:08:11,2026-09-17 15:08:11
347,2020-12-12 00:00:00,4515,0,2026-09-17 15:08:11,2026-09-17 15:08:11
348,2020-12-13 00:00:00,3523,0,2026-09-17 15:08:11,2026-09-17 15:08:11
349,2020-12-14 00:00:00,4632,0,2026-09-17 15:08:11,2026-09-17 15:08:11
350,2020-12-15 00:00:00,9000,0,2026-09-17 15:08:11,2026-09-17 15:08:11
351,2020-12-16 00:00:00,8210,0,2026-09-17 15:08:11,2026-09-17 15:08:11
352,2020-12-17 00:00:00,2913,0,2026-09-17 15:08:11,2026-09-17 15:08:11
353,2020-12-18 00:00:00,4024,0,2026-09-17 15:08:11,2026-09-17 15:08:11
354,2020-12-19 00:00:00,2852,0,2026-09-17 15:08:11,2026-09-17 15:08:11
355,2020-12-20 00:00:00,3744,0,2026-09-17 15:08:11,2026-09-17 15:08:11
356,2020-12-21 00:00:00,10489,0,2026-09-17 15:08:11,2026-09-17 15:08:11
357,2020-12-22 00:00:00,6612,0,2026-09-17 15:08:11,2026-09-17 15:08:11
358,2020-12-23 00:00:00,5348,0,2026-09-17 15:08:11,2026-09-17 15:08:11
359,2020-12-24 00:00:00,2074,0,2026-09-17 15:08:11,2026-09-17 15:08:11
360,2020-12-25 00:00:00,1060,0,2026-09-17 15:08:11,2026-09-17 15:08:11
361,2020-12-26 00:00:00,6148,0,2026-09-17 15:08:11,2026-09-17 15:08:12
362,2020-12-27 00:00:00,4651,0,2026-09-17 15:08:11,2026-09-17 15:08:12
363,2020-12-28 00:00:00,6178,0,2026-09-17 15:08:11,2026-09-17 15:08:12
364,2020-12-29 00:00:00,6990,0,2026-09-17 15:08:11,2026-09-17 15:08:12
365,2020-12-30 00:00:00,5606,0,2026-09-17 15:08:11,2026-09-17 15:08:12
366,2020-12-31 00:00:00,42117,0,2026-09-17 15:08:11,2026-09-17 15:08:12
367,2021-01-01 00:00:00,0,0,2026-09-17 15:08:11,2026-09-17 15:08:12
368,2021-01-02 00:00:00,5747,0,2026-09-17 15:08:11,2026-09-17 15:08:13
369,2021-01-03 00:00:00,10969,0,2026-09-17 15:08:11,2026-09-17 15:08:13
370,2021-01-04 00:00:00,5532,0,2026-09-17 15:08:11,2026-09-17 15:08:13
371,2021-01-05 00:00:00,5017,0,2026-09-17 15:08:11,2026-09-17 15:08:11
372,2021-01-06 00:00:00,6618,0,2026-09-17 15:08:11,2026-09-17 15:08:11
373,2021-01-07 00:00:00,4770,0,2026-09-17 15:08:11,2026-09-17 15:08:11
374,2021-01-08 00:00:00,5115,0,2026-09-17 15:08:11,2026-09-17 15:08:11
375,2021-01-09 00:00:00,4927,0,2026-09-17 15:08:11,2026-09-17 15:08:11
376,2021-01-10 00:00:00,6418,0,2026-09-17 15:08:11,2026-09-17 15:08:11
377,2021-01-11 00:00:00,5107,0,2026-09-17 15:08:11,2026-09-17 15:08:11
378,2021-01-12 00:00:00,6559,0,2026-09-17 15:08:11,2026-09-17 15:08:11
379,2021-01-13 00:00:00,10414,0,2026-09-17 15:08:11,2026-09-17 15:08:11
380,2021-01-14 00:00:00,2964,0,2026-09-17 15:08:11,2026-09-17 15:08:11
381,2021-01-15 00:00:00,7662,0,2026-09-17 15:08:11,2026-09-17 15:08:11
382,2021-01-16 00:00:00,7049,0,2026-09-17 15:08:11,2026-09-17 15:08:11
383,2021-01-17 00:00:00,3783,0,2026-09-17 15:08:11,2026-09-17 15:08:11
384,2021-01-18 00:00:00,7327,0,2026-09-17 15:08:11,2026-09-17 15:08:11
385,2021-01-19 00:00:00,11400,0,2026-09-17 15:08:11,2026-09-17 15:08:11
386,2021-01-20 00:00:00,11617,0,2026-09-17 15:08:11,2026-09-17 15:08:11
387,2021-01-21 00:00:00,17976,0,2026-09-17 15:08:11,2026-09-17 15:08:11
388,2021-01-22 00:00:00,10428,0,2026-09-17 15:08:11,2026-09-17 15:08:11
389,2021-01-23 00:00:00,7300,0,2026-09-17 15:08:11,2026-09-17 15:08:11
390,2021-01-24 00:00:00,5436,0,2026-09-17 15:08:12,2026-09-17 15:08:12
391,2021-01-25 00:00:00,3465,0,2026-09-17 15:08:12,2026-09-17 15:08:12
392,2021-01-26 00:00:00,7641,0,2026-09-17 15:08:12,2026-09-17 15:08:12
393,2021-01-27 00:00:00,40253,0,2026-09-17 15:08:12,2026-09-17 15:08:12
394,2021-01-28 00:00:00,8542,0,2026-09-17 15:08:12,2026-09-17 15:08:12
395,2021-01-29 00:00:00,7068,0,2026-09-17 15:08:12,2026-09-17 15:08:12
396,2021-01-30 00:00:00,3787,0,2026-09-17 15:08:12,2026-09-17 15:08:12
397,2021-01-31 00:00:00,1758,0,2026-09-17 15:08:12,2026-09-17 15:08:12
398,2021-02-01 00:00:00,5747,0,2026-09-17 15:08:12,2026-09-17 15:08:12
399,2021-02-02 00:00:00,5747,0,2026-09-17 15:08:12,2026-09-17 15:08:12
400,2021-02-03 00:00:00,5844,0,2026-09-17 15:08:12,2026-09-17 15:08:12
401,2021-02-04 00:00:00,6546,0,2026-09-17 15:08:12,2026-09-17 15:08:15
402,2021-02-05 00:00:00,5606,0,2026-09-17 15:08:12,2026-09-17 15:08:12
403,2021-02-06 00:00:00,7409,0,2026-09-17 15:08:12,2026-09-17 15:08:12
404,2021-02-07 00:00:00,4436,0,2026-09-17 15:08:12,2026-09-17 15:08:12
405,2021-02-08 00:00:00,5769,0,2026-09-17 15:08:12,2026-09-17 15:08:12
406,2021-02-09 00:00:00,3648,0,2026-09-17 15:08:12,2026-09-17 15:08:12
407,2021-02-10 00:00:00,3601,0,2026-09-17 15:08:12,2026-09-17 15:08:12
408,2021-02-11 00:00:00,12081,0,2026-09-17 15:08:12,2026-09-17 15:08:12
409,2021-02-12 00:00:00,4563,0,2026-09-17 15:08:12,2026-09-17 15:08:12
410,2021-02-13 00:00:00,5161,0,2026-09-17 15:08:12,2026-09-17 15:08:12
411,2021-02-14 00:00:00,5871,0,2026-09-17 15:08:12,2026-09-17 15:08:12
412,2021-02-15 00:00:00,15198,0,2026-09-17 15:08:12,2026-09-17 15:08:12
413,2021-02-16 00:00:00,23009,0,2026-09-17 15:08:12,2026-09-17 15:08:12
414,2021-02-17 00:00:00,5276,0,2026-09-17 15:08:12,2026-09-17 15:08:12
415,2021-02-18 00:00:00,5022,0,2026-09-17 15:08:12,2026-09-17 15:08:12
416,2021-02-19 00:00:00,2707,0,2026-09-17 15:08:12,2026-09-17 15:08:12
417,2021-02-20 00:00:00,1473,0,2026-09-17 15:08:12,2026-09-17 15:08:12
418,2021-02-21 00:00:00,2047,0,2026-09-17 15:08:12,2026-09-17 15:08:12
419,2021-02-22 00:00:00,1043,0,2026-09-17 15:08:12,2026-09-17 15:08:12
420,2021-02-23 00:00:00,2033,0,2026-09-17 15:08:12,2026-09-17 15:08:12
421,2021-02-24 00:00:00,6311,0,2026-09-17 15:08:12,2026-09-17 15:08:12
422,2021-02-25 00:00:00,6101,0,2026-09-17 15:08:12,2026-09-17 15:08:12
423,2021-02-26 00:00:00,45272,0,2026-09-17 15:08:12,2026-09-17 15:08:12
424,2021-02-27 00:00:00,10102,0,2026-09-17 15:08:12,2026-09-17 15:08:12
425,2021-02-28 00:00:00,4690,0,2026-09-17 15:08:12,2026-09-17 15:08:12
426,2021-03-01 00:00:00,10969,0,2026-09-17 15:08:12,2026-09-17 15:08:12
427,2021-03-02 00:00:00,6251,0,2026-09-17 15:08:12,2026-09-17 15:08:12
428,2021-03-03 00:00:00,4044,0,2026-09-17 15:08:12,2026-09-17 15:08:12
429,2021-03-04 00:00:00,4675,0,2026-09-17 15:08:12,2026-09-17 15:08:12
430,2021-03-05 00:00:00,3176,0,2026-09-17 15:08:12,2026-09-17 15:08:12
431,2021-03-06 00:00:00,8800,0,2026-09-17 15:08:12,2026-09-17 15:08:12
432,2021-03-07 00:00:00,4731,0,2026-09-17 15:08:12,2026-09-17 15:08:12
433,2021-03-08 00:00:00,8283,0,2026-09-17 15:08:12,2026-09-17 15:08:12
434,2021-03-09 00:00:00,19325,0,2026-09-17 15:08:12,2026-09-17 15:08:12
435,2021-03-10 00:00:00,7334,0,2026-09-17 15:08:12,2026-09-17 15:08:12
436,2021-03-11 00:00:00,6887,0,2026-09-17 15:08:12,2026-09-17 15:08:12
437,2021-03-12 00:00:00,3907,0,2026-09-17 15:08:12,2026-09-17 15:08:12
438,2021-03-13 00:00:00,10310,0,2026-09-17 15:08:12,2026-09-17 15:08:12
439,2021-03-14 00:00:00,8070,0,2026-09-17 15:08:12,2026-09-17 15:08:12
440,2021-03-15 00:00:00,7994,0,2026-09-17 15:08:12,2026-09-17 15:08:12
441,2021-03-16 00:00:00,12104,0,2026-09-17 15:08:12,2026-09-17 15:08:12
442,2021-03-17 00:00:00,11093,0,2026-09-17 15:08:12,2026-09-17 15:08:12
443,2021-03-18 00:00:00,5785,0,2026-09-17 15:08:12,2026-09-17 15:08:12
444,2021-03-19 00:00:00,6216,0,2026-09-17 15:08:12,2026-09-17 15:08:12
445,2021-03-20 00:00:00,6728,0,2026-09-17 15:08:12,2026-09-17 15:08:12
446,2021-03-21 00:00:00,6930,0,2026-09-17 15:08:12,2026-09-17 15:08:12
447,2021-03-22 00:00:00,12158,0,2026-09-17 15:08:12,2026-09-17 15:08:12
448,2021-03-23 00:00:00,8714,0,2026-09-17 15:08:12,2026-09-17 15:08:12
449,2021-03-24 00:00:00,24080,0,2026-09-17 15:08:12,2026-09-17 15:08:12
450,2021-03-25 00:00:00,6074,0,2026-09-17 15:08:12,2026-09-17 15:08:12
451,2021-03-26 00:00:00,58302,0,2026-09-17 15:08:12,2026-09-17 15:08:12
452,2021-03-27 00:00:00,8254,0,2026-09-17 15:08:12,2026-09-17 15:08:12
453,2021-03-28 00:00:00,5771,0,2026-09-17 15:08:12,2026-09-17 15:08:12
454,2021-03-29 00:00:00,8052,0,2026-09-17 15:08:12,2026-09-17 15:08:12
455,2021-03-30 00:00:00,5106,0,2026-09-17 15:08:12,2026-09-17 15:08:12
456,2021-03-31 00:00:00,5570,0,2026-09-17 15:08:12,2026-09-17 15:08:12
457,2021-04-01 00:00:00,5532,0,2026-09-17 15:08:12,2026-09-17 15:08:12
458,2021-04-02 00:00:00,2520,0,2026-09-17 15:08:12,2026-09-17 15:08:12
459,2021-04-03 00:00:00,3055,0,2026-09-17 15:08:12,2026-09-17 15:08:12
460,2021-04-04 00:00:00,3019,0,2026-09-17 15:08:12,2026-09-17 15:08:12
461,2021-04-05 00:00:00,7359,0,2026-09-17 15:08:12,2026-09-17 15:08:12
462,2021-04-06 00:00:00,18436,0,2026-09-17 15:08:12,2026-09-17 15:08:12
463,2021-04-07 00:00:00,7436,0,2026-09-17 15:08:12,2026-09-17 15:08:12
464,2021-04-08 00:00:00,8097,0,2026-09-17 15:08:12,2026-09-17 15:08:12
465,2021-04-09 00:00:00,7223,0,2026-09-17 15:08:12,2026-09-17 15:08:12
466,2021-04-10 00:00:00,7672,0,2026-09-17 15:08:12,2026-09-17 15:08:12
467,2021-04-11 00:00:00,11299,0,2026-09-17 15:08:12,2026-09-17 15:08:12
468,2021-04-12 00:00:00,13971,0,2026-09-17 15:08:12,2026-09-17 15:08:12
469,2021-04-13 00:00:00,7223,0,2026-09-17 15:08:12,2026-09-17 15:08:12
470,2021-04-14 00:00:00,11919,0,2026-09-17 15:08:12,2026-09-17 15:08:12
471,2021-04-15 00:00:00,7761,0,2026-09-17 15:08:13,2026-09-17 15:08:13
472,2021-04-16 00:00:00,30343,0,2026-09-17 15:08:13,2026-09-17 15:08:13
473,2021-04-17 00:00:00,5905,0,2026-09-17 15:08:13,2026-09-17 15:08:13
474,2021-04-18 00:00:00,639,0,2026-09-17 15:08:13,2026-09-17 15:08:13
475,2021-04-19 00:00:00,700,0,2026-09-17 15:08:13,2026-09-17 15:08:13
476,2021-04-20 00:00:00,1180,0,2026-09-17 15:08:13,2026-09-17 15:08:13
477,2021-04-21 00:00:00,2987,0,2026-09-17 15:08:13,2026-09-17 15:08:13
478,2021-04-22 00:00:00,5251,0,2026-09-17 15:08:13,2026-09-17 15:08:13
479,2021-04-23 00:00:00,6079,0,2026-09-17 15:08:13,2026-09-17 15:08:13
480,2021-04-24 00:00:00,6940,0,2026-09-17 15:08:13,2026-09-17 15:08:13
481,2021-04-25 00:00:00,7134,0,2026-09-17 15:08:13,2026-09-17 15:08:13
482,2021-04-26 00:00:00,69519,0,2026-09-17 15:08:13,2026-09-17 15:08:13
483,2021-04-27 00:00:00,6807,0,2026-09-17 15:08:13,2026-09-17 15:08:13
484,2021-04-28 00:00:00,5853,0,2026-09-17 15:08:13,2026-09-17 15:08:13
485,2021-04-29 00:00:00,4846,0,2026-09-17 15:08:13,2026-09-17 15:08:13
486,2021-04-30 00:00:00,7394,0,2026-09-17 15:08:13,2026-09-17 15:08:13
487,2021-05-01 00:00:00,5017,0,2026-09-17 15:08:13,2026-09-17 15:08:13
488,2021-05-02 00:00:00,4103,0,2026-09-17 15:08:13,2026-09-17 15:08:13
489,2021-05-03 00:00:00,5890,0,2026-09-17 15:08:13,2026-09-17 15:08:13
490,2021-05-04 00:00:00,9115,0,2026-09-17 15:08:13,2026-09-17 15:08:13
491,2021-05-05 00:00:00,10496,0,2026-09-17 15:08:13,2026-09-17 15:08:13
492,2021-05-06 00:00:00,6843,0,2026-09-17 15:08:13,2026-09-17 15:08:13
493,2021-05-07 00:00:00,5376,0,2026-09-17 15:08:13,2026-09-17 15:08:13
494,2021-05-08 00:00:00,6013,0,2026-09-17 15:08:13,2026-09-17 15:08:13
495,2021-05-09 00:00:00,5527,0,2026-09-17 15:08:13,2026-09-17 15:08:13
496,2021-05-10 00:00:00,7075,0,2026-09-17 15:08:13,2026-09-17 15:08:13
497,2021-05-11 00:00:00,6498,0,2026-09-17 15:08:13,2026-09-17 15:08:13
498,2021-05-12 00:00:00,7193,0,2026-09-17 15:08:13,2026-09-17 15:08:13
499,2021-05-13 00:00:00,13580,0,2026-09-17 15:08:13,2026-09-17 15:08:13
500,2021-05-14 00:00:00,6605,0,2026-09-17 15:08:13,2026-09-17 15:08:13
501,2021-05-15 00:00:00,6800,0,2026-09-17 15:08:13,2026-09-17 15:08:13
502,2021-05-16 00:00:00,7547,0,2026-09-17 15:08:13,2026-09-17 15:08:13
503,2021-05-17 00:00:00,5190,0,2026-09-17 15:08:13,2026-09-17 15:08:13
504,2021-05-18 00:00:00,6130,0,2026-09-17 15:08:13,2026-09-17 15:08:13
505,2021-05-19 00:00:00,8157,0,2026-09-17 15:08:13,2026-09-17 15:08:13
506,2021-05-20 00:00:00,7271,0,2026-09-17 15:08:13,2026-09-17 15:08:13
507,2021-05-21 00:00:00,6004,0,2026-09-17 15:08:13,2026-09-17 15:08:13
508,2021-05-22 00:00:00,9021,0,2026-09-17 15:08:13,2026-09-17 15:08:13
509,2021-05-23 00:00:00,4392,0,2026-09-17 15:08:13,2026-09-17 15:08:13
510,2021-05-24 00:00:00,3435,0,2026-09-17 15:08:13,2026-09-17 15:08:13
511,2021-05-25 00:00:00,7942,0,2026-09-17 15:08:13,2026-09-17 15:08:13
512,2021-05-26 00:00:00,4136,0,2026-09-17 15:08:13,2026-09-17 15:08:13
513,2021-05-27 00:00:00,5936,0,2026-09-17 15:08:13,2026-09-17 15:08:13
514,2021-05-28 00:00:00,41491,0,2026-09-17 15:08:13,2026-09-17 15:08:13
515,2021-05-29 00:00:00,5230,0,2026-09-17 15:08:13,2026-09-17 15:08:13
516,2021-05-30 00:00:00,4805,0,2026-09-17 15:08:13,2026-09-17 15:08:13
517,2021-05-31 00:00:00,8515,0,2026-09-17 15:08:13,2026-09-17 15:08:13
518,2021-06-01 00:00:00,6618,0,2026-09-17 15:08:13,2026-09-17 15:08:13
519,2021-06-02 00:00:00,1829,0,2026-09-17 15:08:13,2026-09-17 15:08:13
520,2021-06-03 00:00:00,2263,0,2026-09-17 15:08:13,2026-09-17 15:08:13
521,2021-06-04 00:00:00,10389,0,2026-09-17 15:08:13,2026-09-17 15:08:13
522,2021-06-05 00:00:00,4503,0,2026-09-17 15:08:13,2026-09-17 15:08:13
523,2021-06-06 00:00:00,4727,0,2026-09-17 15:08:13,2026-09-17 15:08:13
524,2021-06-07 00:00:00,5184,0,2026-09-17 15:08:13,2026-09-17 15:08:13
525,2021-06-08 00:00:00,9937,0,2026-09-17 15:08:13,2026-09-17 15:08:13
526,2021-06-09 00:00:00,7235,0,2026-09-17 15:08:13,2026-09-17 15:08:13
527,2021-06-10 00:00:00,16393,0,2026-09-17 15:08:13,2026-09-17 15:08:13
528,2021-06-11 00:00:00,5721,0,2026-09-17 15:08:13,2026-09-17 15:08:13
529,2021-06-12 00:00:00,8562,0,2026-09-17 15:08:13,2026-09-17 15:08:13
530,2021-06-13 00:00:00,4024,0,2026-09-17 15:08:13,2026-09-17 15:08:13
531,2021-06-14 00:00:00,8032,0,2026-09-17 15:08:13,2026-09-17 15:08:13
532,2021-06-15 00:00:00,4852,0,2026-09-17 15:08:13,2026-09-17 15:08:13
533,2021-06-16 00:00:00,7420,0,2026-09-17 15:08:13,2026-09-17 15:08:13
534,2021-06-17 00:00:00,6744,0,2026-09-17 15:08:13,2026-09-17 15:08:13
535,2021-06-18 00:00:00,6821,0,2026-09-17 15:08:13,2026-09-17 15:08:13
536,2021-06-19 00:00:00,5153,0,2026-09-17 15:08:13,2026-09-17 15:08:13
537,2021-06-20 00:00:00,6080,0,2026-09-17 15:08:13,2026-09-17 15:08:13
538,2021-06-21 00:00:00,4753,0,2026-09-17 15:08:13,2026-09-17 15:08:13
539,2021-06-22 00:00:00,5454,0,2026-09-17 15:08:13,2026-09-17 15:08:13
540,2021-06-23 00:00:00,8515,0,2026-09-17 15:08:13,2026-09-17 15:08:13
541,2021-06-24 00:00:00,6211,0,2026-09-17 15:08:13,2026-09-17 15:08:13
542,2021-06-25 00:00:00,46910,0,2026-09-17 15:08:13,2026-09-17 15:08:13
543,2021-06-26 00:00:00,3850,0,2026-09-17 15:08:13,2026-09-17 15:08:13
544,2021-06-27 00:00:00,4650,0,2026-09-17 15:08:13,2026-09-17 15:08:13
545,2021-06-28 00:00:00,10981,0,2026-09-17 15:08:13,2026-09-17 15:08:13
546,2021-06-29 00:00:00,15309,0,2026-09-17 15:08:13,2026-09-17 15:08:13
547,2021-06-30 00:00:00,7830,0,2026-09-17 15:08:13,2026-09-17 15:08:13
548,2021-07-01 00:00:00,4770,0,2026-09-17 15:08:13,2026-09-17 15:08:13
549,2021-07-02 00:00:00,14622,0,2026-09-17 15:08:13,2026-09-17 15:08:13
550,2021-07-03 00:00:00,5229,0,2026-09-17 15:08:13,2026-09-17 15:08:13
551,2021-07-04 00:00:00,3472,0,2026-09-17 15:08:13,2026-09-17 15:08:13
552,2021-07-05 00:00:00,6949,0,2026-09-17 15:08:13,2026-09-17 15:08:13
553,2021-07-06 00:00:00,4871,0,2026-09-17 15:08:13,2026-09-17 15:08:13
554,2021-07-07 00:00:00,4247,0,2026-09-17 15:08:13,2026-09-17 15:08:13
555,2021-07-08 00:00:00,11360,0,2026-09-17 15:08:13,2026-09-17 15:08:13
556,2021-07-09 00:00:00,6761,0,2026-09-17 15:08:13,2026-09-17 15:08:13
557,2021-07-10 00:00:00,5801,0,2026-09-17 15:08:13,2026-09-17 15:08:13
558,2021-07-11 00:00:00,5289,0,2026-09-17 15:08:13,2026-09-17 15:08:13
559,2021-07-12 00:00:00,7065,0,2026-09-17 15:08:13,2026-09-17 15:08:13
560,2021-07-13 00:00:00,8362,0,2026-09-17 15:08:13,2026-09-17 15:08:13
561,2021-07-14 00:00:00,6357,0,2026-09-17 15:08:13,2026-09-17 15:08:13
562,2021-07-15 00:00:00,7644,0,2026-09-17 15:08:13,2026-09-17 15:08:13
563,2021-07-16 00:00:00,6783,0,2026-09-17 15:08:13,2026-09-17 15:08:13
564,2021-07-17 00:00:00,5676,0,2026-09-17 15:08:13,2026-09-17 15:08:13
565,2021-07-18 00:00:00,4356,0,2026-09-17 15:08:13,2026-09-17 15:08:13
566,2021-07-19 00:00:00,3269,0,2026-09-17 15:08:13,2026-09-17 15:08:13
567,2021-07-20 00:00:00,2752,0,2026-09-17 15:08:13,2026-09-17 15:08:13
568,2021-07-21 00:00:00,3387,0,2026-09-17 15:08:13,2026-09-17 15:08:13
569,2021-07-22 00:00:00,2607,0,2026-09-17 15:08:13,2026-09-17 15:08:13
570,2021-07-23 00:00:00,1134,0,2026-09-17 15:08:13,2026-09-17 15:08:13
571,2021-07-24 00:00:00,2713,0,2026-09-17 15:08:13,2026-09-17 15:08:13
572,2021-07-25 00:00:00,5015,0,2026-09-17 15:08:13,2026-09-17 15:08:13
573,2021-07-26 00:00:00,3687,0,2026-09-17 15:08:13,2026-09-17 15:08:13
574,2021-07-27 00:00:00,2312,0,2026-09-17 15:08:13,2026-09-17 15:08:13
575,2021-07-28 00:00:00,73812,0,2026-09-17 15:08:13,2026-09-17 15:08:13
576,2021-07-29 00:00:00,3824,0,2026-09-17 15:08:13,2026-09-17 15:08:13
577,2021-07-30 00:00:00,10527,0,2026-09-17 15:08:13,2026-09-17 15:08:13
578,2021-07-31 00:00:00,3281,0,2026-09-17 15:08:13,2026-09-17 15:08:13
579,2021-08-01 00:00:00,5115,0,2026-09-17 15:08:13,2026-09-17 15:08:13
580,2021-08-02 00:00:00,2790,0,2026-09-17 15:08:13,2026-09-17 15:08:13
581,2021-08-03 00:00:00,2797,0,2026-09-17 15:08:13,2026-09-17 15:08:13
582,2021-08-04 00:00:00,1735,0,2026-09-17 15:08:13,2026-09-17 15:08:13
583,2021-08-05 00:00:00,5195,0,2026-09-17 15:08:13,2026-09-17 15:08:13
584,2021-08-06 00:00:00,3853,0,2026-09-17 15:08:13,2026-09-17 15:08:13
585,2021-08-07 00:00:00,3614,0,2026-09-17 15:08:13,2026-09-17 15:08:13
586,2021-08-08 00:00:00,4977,0,2026-09-17 15:08:13,2026-09-17 15:08:13
587,2021-08-09 00:00:00,11226,0,2026-09-17 15:08:13,2026-09-17 15:08:13
588,2021-08-10 00:00:00,6285,0,2026-09-17 15:08:13,2026-09-17 15:08:13
589,2021-08-11 00:00:00,14378,0,2026-09-17 15:08:13,2026-09-17 15:08:13
590,2021-08-12 00:00:00,6258,0,2026-09-17 15:08:13,2026-09-17 15:08:13
591,2021-08-13 00:00:00,8589,0,2026-09-17 15:08:13,2026-09-17 15:08:13
592,2021-08-14 00:00:00,6407,0,2026-09-17 15:08:13,2026-09-17 15:08:13
593,2021-08-15 00:00:00,5170,0,2026-09-17 15:08:13,2026-09-17 15:08:13
594,2021-08-16 00:00:00,3523,0,2026-09-17 15:08:13,2026-09-17 15:08:13
595,2021-08-17 00:00:00,3491,0,2026-09-17 15:08:13,2026-09-17 15:08:13
596,2021-08-18 00:00:00,4877,0,2026-09-17 15:08:13,2026-09-17 15:08:13
597,2021-08-19 00:00:00,6296,0,2026-09-17 15:08:13,2026-09-17 15:08:13
598,2021-08-20 00:00:00,6562,0,2026-09-17 15:08:13,2026-09-17 15:08:13
599,2021-08-21 00:00:00,3937,0,2026-09-17 15:08:13,2026-09-17 15:08:13
600,2021-08-22 00:00:00,4560,0,2026-09-17 15:08:13,2026-09-17 15:08:13
601,2021-08-23 00:00:00,3620,0,2026-09-17 15:08:13,2026-09-17 15:08:13
602,2021-08-24 00:00:00,4523,0,2026-09-17 15:08:13,2026-09-17 15:08:13
603,2021-08-25 00:00:00,24164,0,2026-09-17 15:08:13,2026-09-17 15:08:13
604,2021-08-26 00:00:00,52878,0,2026-09-17 15:08:13,2026-09-17 15:08:13
605,2021-08-27 00:00:00,3770,0,2026-09-17 15:08:13,2026-09-17 15:08:13
606,2021-08-28 00:00:00,5616,0,2026-09-17 15:08:13,2026-09-17 15:08:13
607,2021-08-29 00:00:00,5182,0,2026-09-17 15:08:13,2026-09-17 15:08:13
608,2021-08-30 00:00:00,6549,0,2026-09-17 15:08:13,2026-09-17 15:08:13
609,2021-08-31 00:00:00,6992,0,2026-09-17 15:08:13,2026-09-17 15:08:13
610,2021-09-01 00:00:00,4927,0,2026-09-17 15:08:13,2026-09-17 15:08:13
611,2021-09-02 00:00:00,3950,0,2026-09-17 15:08:13,2026-09-17 15:08:13
612,2021-09-03 00:00:00,5206,0,2026-09-17 15:08:14,2026-09-17 15:08:14
613,2021-09-04 00:00:00,5631,0,2026-09-17 15:08:14,2026-09-17 15:08:14
614,2021-09-05 00:00:00,5260,0,2026-09-17 15:08:14,2026-09-17 15:08:14
615,2021-09-06 00:00:00,4589,0,2026-09-17 15:08:14,2026-09-17 15:08:14
616,2021-09-07 00:00:00,4197,0,2026-09-17 15:08:14,2026-09-17 15:08:14
617,2021-09-08 00:00:00,1530,0,2026-09-17 15:08:14,2026-09-17 15:08:14
618,2021-09-09 00:00:00,3806,0,2026-09-17 15:08:14,2026-09-17 15:08:14
619,2021-09-10 00:00:00,3748,0,2026-09-17 15:08:14,2026-09-17 15:08:14
620,2021-09-11 00:00:00,3813,0,2026-09-17 15:08:14,2026-09-17 15:08:14
621,2021-09-12 00:00:00,3215,0,2026-09-17 15:08:14,2026-09-17 15:08:14
622,2021-09-13 00:00:00,3925,0,2026-09-17 15:08:14,2026-09-17 15:08:14
623,2021-09-14 00:00:00,5526,0,2026-09-17 15:08:14,2026-09-17 15:08:14
624,2021-09-15 00:00:00,6145,0,2026-09-17 15:08:14,2026-09-17 15:08:14
625,2021-09-16 00:00:00,8362,0,2026-09-17 15:08:14,2026-09-17 15:08:14
626,2021-09-17 00:00:00,4715,0,2026-09-17 15:08:14,2026-09-17 15:08:14
627,2021-09-18 00:00:00,5353,0,2026-09-17 15:08:14,2026-09-17 15:08:14
628,2021-09-19 00:00:00,5648,0,2026-09-17 15:08:14,2026-09-17 15:08:14
629,2021-09-20 00:00:00,4327,0,2026-09-17 15:08:14,2026-09-17 15:08:14
630,2021-09-21 00:00:00,5042,0,2026-09-17 15:08:14,2026-09-17 15:08:14
631,2021-09-22 00:00:00,4581,0,2026-09-17 15:08:14,2026-09-17 15:08:14
632,2021-09-23 00:00:00,4864,0,2026-09-17 15:08:14,2026-09-17 15:08:14
633,2021-09-24 00:00:00,5884,0,2026-09-17 15:08:14,2026-09-17 15:08:14
634,2021-09-25 00:00:00,7229,0,2026-09-17 15:08:14,2026-09-17 15:08:14
635,2021-09-26 00:00:00,4594,0,2026-09-17 15:08:14,2026-09-17 15:08:14
636,2021-09-27 00:00:00,33322,0,2026-09-17 15:08:14,2026-09-17 15:08:14
637,2021-09-28 00:00:00,7356,0,2026-09-17 15:08:14,2026-09-17 15:08:14
638,2021-09-29 00:00:00,5716,0,2026-09-17 15:08:14,2026-09-17 15:08:14
639,2021-09-30 00:00:00,7724,0,2026-09-17 15:08:14,2026-09-17 15:08:14
640,2021-10-01 00:00:00,6418,0,2026-09-17 15:08:14,2026-09-17 15:08:14
641,2021-10-02 00:00:00,5032,0,2026-09-17 15:08:14,2026-09-17 15:08:14
642,2021-10-03 00:00:00,5635,0,2026-09-17 15:08:14,2026-09-17 15:08:14
643,2021-10-04 00:00:00,13016,0,2026-09-17 15:08:14,2026-09-17 15:08:14
644,2021-10-05 00:00:00,6965,0,2026-09-17 15:08:14,2026-09-17 15:08:14
645,2021-10-06 00:00:00,2144,0,2026-09-17 15:08:14,2026-09-17 15:08:14
646,2021-10-07 00:00:00,5323,0,2026-09-17 15:08:14,2026-09-17 15:08:14
647,2021-10-08 00:00:00,14739,0,2026-09-17 15:08:14,2026-09-17 15:08:14
648,2021-10-09 00:00:00,5046,0,2026-09-17 15:08:14,2026-09-17 15:08:14
649,2021-10-10 00:00:00,1602,0,2026-09-17 15:08:14,2026-09-17 15:08:14
650,2021-10-11 00:00:00,1106,0,2026-09-17 15:08:14,2026-09-17 15:08:14
651,2021-10-12 00:00:00,1612,0,2026-09-17 15:08:14,2026-09-17 15:08:14
652,2021-10-13 00:00:00,2742,0,2026-09-17 15:08:14,2026-09-17 15:08:14
653,2021-10-14 00:00:00,5399,0,2026-09-17 15:08:14,2026-09-17 15:08:14
654,2021-10-15 00:00:00,8752,0,2026-09-17 15:08:14,2026-09-17 15:08:14
655,2021-10-16 00:00:00,7215,0,2026-09-17 15:08:14,2026-09-17 15:08:14
656,2021-10-17 00:00:00,5586,0,2026-09-17 15:08:14,2026-09-17 15:08:14
657,2021-10-18 00:00:00,5628,0,2026-09-17 15:08:14,2026-09-17 15:08:14
658,2021-10-19 00:00:00,9248,0,2026-09-17 15:08:14,2026-09-17 15:08:14
659,2021-10-20 00:00:00,1832,0,2026-09-17 15:08:14,2026-09-17 15:08:14
660,2021-10-21 00:00:00,3910,0,2026-09-17 15:08:14,2026-09-17 15:08:14
661,2021-10-22 00:00:00,8253,0,2026-09-17 15:08:14,2026-09-17 15:08:14
662,2021-10-23 00:00:00,4812,0,2026-09-17 15:08:14,2026-09-17 15:08:14
663,2021-10-24 00:00:00,3682,0,2026-09-17 15:08:14,2026-09-17 15:08:14
664,2021-10-25 00:00:00,4867,0,2026-09-17 15:08:14,2026-09-17 15:08:14
665,2021-10-26 00:00:00,4495,0,2026-09-17 15:08:14,2026-09-17 15:08:14
666,2021-10-27 00:00:00,5275,0,2026-09-17 15:08:14,2026-09-17 15:08:14
667,2021-10-28 00:00:00,27208,0,2026-09-17 15:08:14,2026-09-17 15:08:14
668,2021-10-29 00:00:00,6594,0,2026-09-17 15:08:14,2026-09-17 15:08:14
669,2021-10-30 00:00:00,10112,0,2026-09-17 15:08:15,2026-09-17 15:08:15
670,2021-10-31 00:00:00,3656,0,2026-09-17 15:08:15,2026-09-17 15:08:15
671,2021-11-01 00:00:00,5107,0,2026-09-17 15:08:15,2026-09-17 15:08:15
672,2021-11-02 00:00:00,5638,0,2026-09-17 15:08:15,2026-09-17 15:08:15
673,2021-11-03 00:00:00,2932,0,2026-09-17 15:08:15,2026-09-17 15:08:15
674,2021-11-04 00:00:00,6762,0,2026-09-17 15:08:15,2026-09-17 15:08:15
675,2021-11-05 00:00:00,6961,0,2026-09-17 15:08:15,2026-09-17 15:08:15
676,2021-11-06 00:00:00,8039,0,2026-09-17 15:08:15,2026-09-17 15:08:15
677,2021-11-07 00:00:00,5501,0,2026-09-17 15:08:15,2026-09-17 15:08:15
678,2021-11-08 00:00:00,9154,0,2026-09-17 15:08:15,2026-09-17 15:08:15
679,2021-11-09 00:00:00,10868,0,2026-09-17 15:08:15,2026-09-17 15:08:15
680,2021-11-10 00:00:00,6095,0,2026-09-17 15:08:15,2026-09-17 15:08:15
681,2021-11-11 00:00:00,6973,0,2026-09-17 15:08:15,2026-09-17 15:08:15
682,2021-11-12 00:00:00,5061,0,2026-09-17 15:08:15,2026-09-17 15:08:15
683,2021-11-13 00:00:00,5187,0,2026-09-17 15:08:15,2026-09-17 15:08:15
684,2021-11-14 00:00:00,4901,0,2026-09-17 15:08:15,2026-09-17 15:08:15
685,2021-11-15 00:00:00,4718,0,2026-09-17 15:08:15,2026-09-17 15:08:15
686,2021-11-16 00:00:00,5005,0,2026-09-17 15:08:15,2026-09-17 15:08:15
687,2021-11-17 00:00:00,5671,0,2026-09-17 15:08:15,2026-09-17 15:08:15
688,2021-11-18 00:00:00,5499,0,2026-09-17 15:08:15,2026-09-17 15:08:15
689,2021-11-19 00:00:00,4399,0,2026-09-17 15:08:15,2026-09-17 15:08:15
690,2021-11-20 00:00:00,6587,0,2026-09-17 15:08:15,2026-09-17 15:08:15
691,2021-11-21 00:00:00,3072,0,2026-09-17 15:08:15,2026-09-17 15:08:15
692,2021-11-22 00:00:00,2189,0,2026-09-17 15:08:15,2026-09-17 15:08:15
693,2021-11-23 00:00:00,6709,0,2026-09-17 15:08:15,2026-09-17 15:08:15
694,2021-11-24 00:00:00,5877,0,2026-09-17 15:08:15,2026-09-17 15:08:15
695,2021-11-25 00:00:00,13200,0,2026-09-17 15:08:15,2026-09-17 15:08:15
696,2021-11-26 00:00:00,6441,0,2026-09-17 15:08:15,2026-09-17 15:08:15
697,2021-11-27 00:00:00,2900,0,2026-09-17 15:08:15,2026-09-17 15:08:15
698,2021-11-28 00:00:00,2215,0,2026-09-17 15:08:15,2026-09-17 15:08:15
699,2021-11-29 00:00:00,6815,0,2026-09-17 15:08:15,2026-09-17 15:08:15
700,2021-11-30 00:00:00,11639,0,2026-09-17 15:08:15,2026-09-17 15:08:15
701,2021-12-01 00:00:00,6559,0,2026-09-17 15:08:15,2026-09-17 15:08:15
702,2021-12-02 00:00:00,7348,0,2026-09-17 15:08:15,2026-09-17 15:08:15
703,2021-12-03 00:00:00,1864,0,2026-09-17 15:08:15,2026-09-17 15:08:15
704,2021-12-04 00:00:00,3376,0,2026-09-17 15:08:15,2026-09-17 15:08:15
705,2021-12-05 00:00:00,3996,0,2026-09-17 15:08:15,2026-09-17 15:08:15
706,2021-12-06 00:00:00,29582,0,2026-09-17 15:08:15,2026-09-17 15:08:15
707,2021-12-07 00:00:00,7028,0,2026-09-17 15:08:15,2026-09-17 15:08:15
708,2021-12-08 00:00:00,4000,0,2026-09-17 15:08:15,2026-09-17 15:08:15
709,2021-12-09 00:00:00,5593,0,2026-09-17 15:08:15,2026-09-17 15:08:15
710,2021-12-10 00:00:00,8782,0,2026-09-17 15:08:15,2026-09-17 15:08:15
711,2021-12-11 00:00:00,3377,0,2026-09-17 15:08:15,2026-09-17 15:08:15
712,2021-12-12 00:00:00,6837,0,2026-09-17 15:08:15,2026-09-17 15:08:15
713,2021-12-13 00:00:00,8768,0,2026-09-17 15:08:15,2026-09-17 15:08:15
714,2021-12-14 00:00:00,1244,0,2026-09-17 15:08:15,2026-09-17 15:08:15
715,2021-12-15 00:00:00,5112,0,2026-09-17 15:08:15,2026-09-17 15:08:15
716,2021-12-16 00:00:00,1386,0,2026-09-17 15:08:15,2026-09-17 15:08:15
717,2021-12-17 00:00:00,1720,0,2026-09-17 15:08:15,2026-09-17 15:08:15
718,2021-12-18 00:00:00,6084,0,2026-09-17 15:08:15,2026-09-17 15:08:15
719,2021-12-19 00:00:00,8651,0,2026-09-17 15:08:15,2026-09-17 15:08:15
720,2021-12-20 00:00:00,11038,0,2026-09-17 15:08:15,2026-09-17 15:08:15
721,2021-12-21 00:00:00,11927,0,2026-09-17 15:08:15,2026-09-17 15:08:15
722,2021-12-22 00:00:00,11615,0,2026-09-17 15:08:15,2026-09-17 15:08:15
723,2021-12-23 00:00:00,6676,0,2026-09-17 15:08:15,2026-09-17 15:08:15
724,2021-12-24 00:00:00,5988,0,2026-09-17 15:08:15,2026-09-17 15:08:15
725,2021-12-25 00:00:00,760,0,2026-09-17 15:08:15,2026-09-17 15:08:15
726,2021-12-26 00:00:00,4046,0,2026-09-17 15:08:15,2026-09-17 15:08:15
727,2021-12-27 00:00:00,4042,0,2026-09-17 15:08:15,2026-09-17 15:08:15
728,2021-12-28 00:00:00,5136,0,2026-09-17 15:08:15,2026-09-17 15:08:15
729,2021-12-29 00:00:00,6569,0,2026-09-17 15:08:15,2026-09-17 15:08:15
730,2021-12-30 00:00:00,8996,0,2026-09-17 15:08:15,2026-09-17 15:08:15
731,2021-12-31 00:00:00,29486,0,2026-09-17 15:08:15,2026-09-17 15:08:15
732,2022-01-01 00:00:00,1313,0,2026-09-17 15:08:15,2026-09-17 15:08:15
733,2022-01-02 00:00:00,2099,0,2026-09-17 15:08:15,2026-09-17 15:08:15
734,2022-01-03 00:00:00,6105,0,2026-09-17 15:08:15,2026-09-17 15:08:15
735,2022-01-04 00:00:00,6507,0,2026-09-17 15:08:15,2026-09-17 15:08:15
736,2022-01-05 00:00:00,8154,0,2026-09-17 15:08:15,2026-09-17 15:08:15
737,2022-01-06 00:00:00,19076,0,2026-09-17 15:08:15,2026-09-17 15:08:15
738,2022-01-07 00:00:00,7725,0,2026-09-17 15:08:15,2026-09-17 15:08:15
739,2022-01-08 00:00:00,11631,0,2026-09-17 15:08:15,2026-09-17 15:08:15
740,2022-01-09 00:00:00,7826,0,2026-09-17 15:08:15,2026-09-17 15:08:15
741,2022-01-10 00:00:00,9338,0,2026-09-17 15:08:15,2026-09-17 15:08:15
742,2022-01-11 00:00:00,6851,0,2026-09-17 15:08:15,2026-09-17 15:08:15
743,2022-01-12 00:00:00,13189,0,2026-09-17 15:08:15,2026-09-17 15:08:15
744,2022-01-13 00:00:00,7560,0,2026-09-17 15:08:15,2026-09-17 15:08:15
745,2022-01-14 00:00:00,4289,0,2026-09-17 15:08:15,2026-09-17 15:08:15
746,2022-01-15 00:00:00,4387,0,2026-09-17 15:08:15,2026-09-17 15:08:15
747,2022-01-16 00:00:00,3102,0,2026-09-17 15:08:15,2026-09-17 15:08:15
748,2022-01-17 00:00:00,5510,0,2026-09-17 15:08:15,2026-09-17 15:08:15
749,2022-01-18 00:00:00,3722,0,2026-09-17 15:08:15,2026-09-17 15:08:15
750,2022-01-19 00:00:00,4928,0,2026-09-17 15:08:15,2026-09-17 15:08:15
751,2022-01-20 00:00:00,8682,0,2026-09-17 15:08:15,2026-09-17 15:08:15
752,2022-01-21 00:00:00,9217,0,2026-09-17 15:08:15,2026-09-17 15:08:15
753,2022-01-22 00:00:00,5544,0,2026-09-17 15:08:15,2026-09-17 15:08:15
754,2022-01-23 00:00:00,3960,0,2026-09-17 15:08:15,2026-09-17 15:08:15
755,2022-01-24 00:00:00,9565,0,2026-09-17 15:08:15,2026-09-17 15:08:15
756,2022-01-25 00:00:00,3883,0,2026-09-17 15:08:15,2026-09-17 15:08:15
757,2022-01-26 00:00:00,4616,0,2026-09-17 15:08:15,2026-09-17 15:08:15
758,2022-01-27 00:00:00,23341,0,2026-09-17 15:08:15,2026-09-17 15:08:15
759,2022-01-28 00:00:00,5411,0,2026-09-17 15:08:15,2026-09-17 15:08:15
760,2022-01-29 00:00:00,6216,0,2026-09-17 15:08:15,2026-09-17 15:08:15
761,2022-01-30 00:00:00,9585,0,2026-09-17 15:08:15,2026-09-17 15:08:15
762,2022-01-31 00:00:00,10136,0,2026-09-17 15:08:15,2026-09-17 15:08:15
763,2022-02-01 00:00:00,4015,0,2026-09-17 15:08:15,2026-09-17 15:08:15
764,2022-02-02 00:00:00,70930,0,2026-09-17 15:08:15,2026-09-17 15:08:15
765,2022-02-03 00:00:00,13786,0,2026-09-17 15:08:15,2026-09-17 15:08:15
766,2022-02-04 00:00:00,10300,0,2026-09-17 15:08:15,2026-09-17 15:08:15
767,2022-02-05 00:00:00,4664,0,2026-09-17 15:08:15,2026-09-17 15:08:15
768,2022-02-06 00:00:00,7208,0,2026-09-17 15:08:15,2026-09-17 15:08:15
769,2022-02-07 00:00:00,4736,0,2026-09-17 15:08:15,2026-09-17 15:08:15
770,2022-02-08 00:00:00,6878,0,2026-09-17 15:08:15,2026-09-17 15:08:15
771,2022-02-09 00:00:00,8383,0,2026-09-17 15:08:15,2026-09-17 15:08:15
772,2022-02-10 00:00:00,10149,0,2026-09-17 15:08:15,2026-09-17 15:08:15
773,2022-02-11 00:00:00,7273,0,2026-09-17 15:08:15,2026-09-17 15:08:15
774,2022-02-12 00:00:00,4558,0,2026-09-17 15:08:15,2026-09-17 15:08:15
775,2022-02-13 00:00:00,2677,0,2026-09-17 15:08:15,2026-09-17 15:08:15
776,2022-02-14 00:00:00,4342,0,2026-09-17 15:08:15,2026-09-17 15:08:15
777,2022-02-15 00:00:00,4971,0,2026-09-17 15:08:15,2026-09-17 15:08:15
778,2022-02-16 00:00:00,7649,0,2026-09-17 15:08:15,2026-09-17 15:08:15
779,2022-02-17 00:00:00,4119,0,2026-09-17 15:08:15,2026-09-17 15:08:15
780,2022-02-18 00:00:00,6143,0,2026-09-17 15:08:15,2026-09-17 15:08:15
781,2022-02-19 00:00:00,5679,0,2026-09-17 15:08:15,2026-09-17 15:08:15
782,2022-02-20 00:00:00,4871,0,2026-09-17 15:08:15,2026-09-17 15:08:15
783,2022-02-21 00:00:00,5694,0,2026-09-17 15:08:15,2026-09-17 15:08:15
784,2022-02-22 00:00:00,5982,0,2026-09-17 15:08:15,2026-09-17 15:08:15
785,2022-02-23 00:00:00,5299,0,2026-09-17 15:08:15,2026-09-17 15:08:15
786,2022-02-24 00:00:00,5868,0,2026-09-17 15:08:15,2026-09-17 15:08:15
787,2022-02-25 00:00:00,12883,0,2026-09-17 15:08:15,2026-09-17 15:08:15
788,2022-02-26 00:00:00,10470,0,2026-09-17 15:08:15,2026-09-17 15:08:15
789,2022-02-27 00:00:00,5377,0,2026-09-17 15:08:15,2026-09-17 15:08:15
790,2022-02-28 00:00:00,29282,0,2026-09-17 15:08:15,2026-09-17 15:08:15
791,2022-03-01 00:00:00,7064,0,2026-09-17 15:08:15,2026-09-17 15:08:15
792,2022-03-02 00:00:00,6221,0,2026-09-17 15:08:15,2026-09-17 15:08:15
793,2022-03-03 00:00:00,7554,0,2026-09-17 15:08:15,2026-09-17 15:08:15
794,2022-03-04 00:00:00,5779,0,2026-09-17 15:08:15,2026-09-17 15:08:15
795,2022-03-05 00:00:00,8248,0,2026-09-17 15:08:15,2026-09-17 15:08:15
796,2022-03-06 00:00:00,7261,0,2026-09-17 15:08:15,2026-09-17 15:08:15
797,2022-03-07 00:00:00,7109,0,2026-09-17 15:08:15,2026-09-17 15:08:15
798,2022-03-08 00:00:00,6982,0,2026-09-17 15:08:15,2026-09-17 15:08:15
799,2022-03-09 00:00:00,4617,0,2026-09-17 15:08:15,2026-09-17 15:08:15
800,2022-03-10 00:00:00,3296,0,2026-09-17 15:08:15,2026-09-17 15:08:15
801,2022-03-11 00:00:00,5814,0,2026-09-17 15:08:15,2026-09-17 15:08:15
802,2022-03-12 00:00:00,5929,0,2026-09-17 15:08:15,2026-09-17 15:08:15
803,2022-03-13 00:00:00,4379,0,2026-09-17 15:08:15,2026-09-17 15:08:15
804,2022-03-14 00:00:00,4821,0,2026-09-17 15:08:15,2026-09-17 15:08:15
805,2022-03-15 00:00:00,6951,0,2026-09-17 15:08:15,2026-09-17 15:08:15
806,2022-03-16 00:00:00,6644,0,2026-09-17 15:08:15,2026-09-17 15:08:15
807,2022-03-17 00:00:00,5262,0,2026-09-17 15:08:15,2026-09-17 15:08:15
808,2022-03-18 00:00:00,3820,0,2026-09-17 15:08:15,2026-09-17 15:08:15
809,2022-03-19 00:00:00,16846,0,2026-09-17 15:08:15,2026-09-17 15:08:15
810,2022-03-20 00:00:00,4212,0,2026-09-17 15:08:15,2026-09-17 15:08:15
811,2022-03-21 00:00:00,4733,0,2026-09-17 15:08:15,2026-09-17 15:08:15
812,2022-03-22 00:00:00,4739,0,2026-09-17 15:08:15,2026-09-17 15:08:15
813,2022-03-23 00:00:00,6116,0,2026-09-17 15:08:15,2026-09-17 15:08:15
814,2022-03-24 00:00:00,7584,0,2026-09-17 15:08:15,2026-09-17 15:08:15
815,2022-03-25 00:00:00,4958,0,2026-09-17 15:08:15,2026-09-17 15:08:15
816,2022-03-26 00:00:00,9309,0,2026-09-17 15:08:15,2026-09-17 15:08:15
817,2022-03-27 00:00:00,10471,0,2026-09-17 15:08:15,2026-09-17 15:08:15
818,2022-03-28 00:00:00,10416,0,2026-09-17 15:08:15,2026-09-17 15:08:15
819,2022-03-29 00:00:00,14700,0,2026-09-17 15:08:15,2026-09-17 15:08:15
820,2022-03-30 00:00:00,52991,0,2026-09-17 15:08:15,2026-09-17 15:08:15
821,2022-03-31 00:00:00,6031,0,2026-09-17 15:08:15,2026-09-17 15:08:15
822,2022-04-01 00:00:00,6258,0,2026-09-17 15:08:15,2026-09-17 15:08:15
823,2022-04-02 00:00:00,7248,0,2026-09-17 15:08:15,2026-09-17 15:08:15
824,2022-04-03 00:00:00,4450,0,2026-09-17 15:08:15,2026-09-17 15:08:15
825,2022-04-04 00:00:00,7272,0,2026-09-17 15:08:15,2026-09-17 15:08:15
826,2022-04-05 00:00:00,7504,0,2026-09-17 15:08:15,2026-09-17 15:08:15
827,2022-04-06 00:00:00,4911,0,2026-09-17 15:08:15,2026-09-17 15:08:15
828,2022-04-07 00:00:00,11987,0,2026-09-17 15:08:15,2026-09-17 15:08:15
829,2022-04-08 00:00:00,9349,0,2026-09-17 15:08:15,2026-09-17 15:08:15
830,2022-04-09 00:00:00,8468,0,2026-09-17 15:08:15,2026-09-17 15:08:15
831,2022-04-10 00:00:00,10610,0,2026-09-17 15:08:15,2026-09-17 15:08:15
832,2022-04-11 00:00:00,8631,0,2026-09-17 15:08:15,2026-09-17 15:08:15
833,2022-04-12 00:00:00,2941,0,2026-09-17 15:08:15,2026-09-17 15:08:15
834,2022-04-13 00:00:00,4856,0,2026-09-17 15:08:15,2026-09-17 15:08:15
835,2022-04-14 00:00:00,11374,0,2026-09-17 15:08:15,2026-09-17 15:08:15
836,2022-04-15 00:00:00,1345,0,2026-09-17 15:08:15,2026-09-17 15:08:15
837,2022-04-16 00:00:00,4583,0,2026-09-17 15:08:15,2026-09-17 15:08:15
838,2022-04-17 00:00:00,5817,0,2026-09-17 15:08:15,2026-09-17 15:08:15
839,2022-04-18 00:00:00,20044,0,2026-09-17 15:08:15,2026-09-17 15:08:15
840,2022-04-19 00:00:00,7261,0,2026-09-17 15:08:15,2026-09-17 15:08:15
841,2022-04-20 00:00:00,4107,0,2026-09-17 15:08:15,2026-09-17 15:08:15
842,2022-04-21 00:00:00,4209,0,2026-09-17 15:08:15,2026-09-17 15:08:15
843,2022-04-22 00:00:00,8868,0,2026-09-17 15:08:15,2026-09-17 15:08:15
844,2022-04-23 00:00:00,6943,0,2026-09-17 15:08:15,2026-09-17 15:08:15
845,2022-04-24 00:00:00,6888,0,2026-09-17 15:08:15,2026-09-17 15:08:15
846,2022-04-25 00:00:00,12766,0,2026-09-17 15:08:15,2026-09-17 15:08:15
847,2022-04-26 00:00:00,6876,0,2026-09-17 15:08:15,2026-09-17 15:08:15
848,2022-04-27 00:00:00,51788,0,2026-09-17 15:08:15,2026-09-17 15:08:15
849,2022-04-28 00:00:00,10519,0,2026-09-17 15:08:15,2026-09-17 15:08:15
850,2022-04-29 00:00:00,6429,0,2026-09-17 15:08:15,2026-09-17 15:08:15
851,2022-04-30 00:00:00,7434,0,2026-09-17 15:08:15,2026-09-17 15:08:15
852,2022-05-01 00:00:00,14963,0,2026-09-17 15:08:15,2026-09-17 15:08:15
853,2022-05-02 00:00:00,7026,0,2026-09-17 15:08:15,2026-09-17 15:08:15
854,2022-05-03 00:00:00,7437,0,2026-09-17 15:08:15,2026-09-17 15:08:15
855,2022-05-04 00:00:00,8687,0,2026-09-17 15:08:15,2026-09-17 15:08:15
856,2022-05-05 00:00:00,6599,0,2026-09-17 15:08:15,2026-09-17 15:08:15
857,2022-05-06 00:00:00,10008,0,2026-09-17 15:08:15,2026-09-17 15:08:15
858,2022-05-07 00:00:00,11730,0,2026-09-17 15:08:15,2026-09-17 15:08:15
859,2022-05-08 00:00:00,5284,0,2026-09-17 15:08:15,2026-09-17 15:08:15
860,2022-05-09 00:00:00,2369,0,2026-09-17 15:08:15,2026-09-17 15:08:15
861,2022-05-10 00:00:00,2650,0,2026-09-17 15:08:15,2026-09-17 15:08:15
862,2022-05-11 00:00:00,5536,0,2026-09-17 15:08:15,2026-09-17 15:08:15
863,2022-05-12 00:00:00,7957,0,2026-09-17 15:08:15,2026-09-17 15:08:15
864,2022-05-13 00:00:00,5149,0,2026-09-17 15:08:15,2026-09-17 15:08:15
865,2022-05-14 00:00:00,8667,0,2026-09-17 15:08:15,2026-09-17 15:08:15
866,2022-05-15 00:00:00,6323,0,2026-09-17 15:08:15,2026-09-17 15:08:15
867,2022-05-16 00:00:00,5029,0,2026-09-17 15:08:15,2026-09-17 15:08:15
868,2022-05-17 00:00:00,5920,0,2026-09-17 15:08:15,2026-09-17 15:08:15
869,2022-05-18 00:00:00,6770,0,2026-09-17 15:08:15,2026-09-17 15:08:15
870,2022-05-19 00:00:00,6039,0,2026-09-17 15:08:15,2026-09-17 15:08:15
871,2022-05-20 00:00:00,5039,0,2026-09-17 15:08:15,2026-09-17 15:08:15
872,2022-05-21 00:00:00,7608,0,2026-09-17 15:08:15,2026-09-17 15:08:15
873,2022-05-22 00:00:00,5552,0,2026-09-17 15:08:15,2026-09-17 15:08:15
874,2022-05-23 00:00:00,10745,0,2026-09-17 15:08:15,2026-09-17 15:08:15
875,2022-05-24 00:00:00,5844,0,2026-09-17 15:08:15,2026-09-17 15:08:15
876,2022-05-25 00:00:00,7470,0,2026-09-17 15:08:15,2026-09-17 15:08:15
877,2022-05-26 00:00:00,5837,0,2026-09-17 15:08:15,2026-09-17 15:08:15
878,2022-05-27 00:00:00,14549,0,2026-09-17 15:08:15,2026-09-17 15:08:15
879,2022-05-28 00:00:00,5488,0,2026-09-17 15:08:15,2026-09-17 15:08:15
880,2022-05-29 00:00:00,71928,0,2026-09-17 15:08:15,2026-09-17 15:08:15
881,2022-05-30 00:00:00,10624,0,2026-09-17 15:08:15,2026-09-17 15:08:15
882,2022-05-31 00:00:00,6193,0,2026-09-17 15:08:15,2026-09-17 15:08:15
883,2022-06-01 00:00:00,6507,0,2026-09-17 15:08:15,2026-09-17 15:08:15
884,2022-06-02 00:00:00,7015,0,2026-09-17 15:08:15,2026-09-17 15:08:15
885,2022-06-03 00:00:00,5815,0,2026-09-17 15:08:15,2026-09-17 15:08:15
886,2022-06-04 00:00:00,4690,0,2026-09-17 15:08:15,2026-09-17 15:08:15
887,2022-06-05 00:00:00,11423,0,2026-09-17 15:08:15,2026-09-17 15:08:15
888,2022-06-06 00:00:00,7000,0,2026-09-17 15:08:15,2026-09-17 15:08:15
889,2022-06-07 00:00:00,9775,0,2026-09-17 15:08:15,2026-09-17 15:08:15
890,2022-06-08 00:00:00,10144,0,2026-09-17 15:08:15,2026-09-17 15:08:15
891,2022-06-09 00:00:00,10073,0,2026-09-17 15:08:15,2026-09-17 15:08:15
892,2022-06-10 00:00:00,6298,0,2026-09-17 15:08:15,2026-09-17 15:08:15
893,2022-06-11 00:00:00,5543,0,2026-09-17 15:08:15,2026-09-17 15:08:15
894,2022-06-12 00:00:00,3937,0,2026-09-17 15:08:15,2026-09-17 15:08:15
895,2022-06-13 00:00:00,4848,0,2026-09-17 15:08:15,2026-09-17 15:08:15
896,2022-06-14 00:00:00,4743,0,2026-09-17 15:08:15,2026-09-17 15:08:15
897,2022-06-15 00:00:00,4740,0,2026-09-17 15:08:15,2026-09-17 15:08:15
898,2022-06-16 00:00:00,5338,0,2026-09-17 15:08:15,2026-09-17 15:08:15
899,2022-06-17 00:00:00,5976,0,2026-09-17 15:08:15,2026-09-17 15:08:15
900,2022-06-18 00:00:00,4882,0,2026-09-17 15:08:15,2026-09-17 15:08:15
901,2022-06-19 00:00:00,7194,0,2026-09-17 15:08:15,2026-09-17 15:08:15
902,2022-06-20 00:00:00,8985,0,2026-09-17 15:08:15,2026-09-17 15:08:15
903,2022-06-21 00:00:00,4828,0,2026-09-17 15:08:15,2026-09-17 15:08:15
904,2022-06-22 00:00:00,6080,0,2026-09-17 15:08:15,2026-09-17 15:08:15
905,2022-06-23 00:00:00,9671,0,2026-09-17 15:08:15,2026-09-17 15:08:15
906,2022-06-24 00:00:00,7409,0,2026-09-17 15:08:15,2026-09-17 15:08:15
907,2022-06-25 00:00:00,20261,0,2026-09-17 15:08:15,2026-09-17 15:08:15
908,2022-06-26 00:00:00,6472,0,2026-09-17 15:08:15,2026-09-17 15:08:15
909,2022-06-27 00:00:00,5146,0,2026-09-17 15:08:15,2026-09-17 15:08:15
910,2022-06-28 00:00:00,8246,0,2026-09-17 15:08:15,2026-09-17 15:08:15
911,2022-06-29 00:00:00,37050,0,2026-09-17 15:08:15,2026-09-17 15:08:15
912,2022-06-30 00:00:00,8695,0,2026-09-17 15:08:15,2026-09-17 15:08:15
913,2022-07-01 00:00:00,4619,0,2026-09-17 15:08:15,2026-09-17 15:08:15
914,2022-07-02 00:00:00,4423,0,2026-09-17 15:08:15,2026-09-17 15:08:15
915,2022-07-03 00:00:00,4549,0,2026-09-17 15:08:15,2026-09-17 15:08:15
916,2022-07-04 00:00:00,5873,0,2026-09-17 15:08:15,2026-09-17 15:08:15
917,2022-07-05 00:00:00,12661,0,2026-09-17 15:08:15,2026-09-17 15:08:15
918,2022-07-06 00:00:00,5772,0,2026-09-17 15:08:15,2026-09-17 15:08:15
919,2022-07-07 00:00:00,5540,0,2026-09-17 15:08:15,2026-09-17 15:08:15
920,2022-07-08 00:00:00,5214,0,2026-09-17 15:08:15,2026-09-17 15:08:15
921,2022-07-09 00:00:00,9519,0,2026-09-17 15:08:15,2026-09-17 15:08:15
922,2022-07-10 00:00:00,4867,0,2026-09-17 15:08:15,2026-09-17 15:08:15
923,2022-07-11 00:00:00,13755,0,2026-09-17 15:08:15,2026-09-17 15:08:15
924,2022-07-12 00:00:00,6456,0,2026-09-17 15:08:15,2026-09-17 15:08:15
925,2022-07-13 00:00:00,12705,0,2026-09-17 15:08:15,2026-09-17 15:08:15
926,2022-07-14 00:00:00,5395,0,2026-09-17 15:08:15,2026-09-17 15:08:15
927,2022-07-15 00:00:00,6246,0,2026-09-17 15:08:15,2026-09-17 15:08:15
928,2022-07-16 00:00:00,5305,0,2026-09-17 15:08:15,2026-09-17 15:08:15
929,2022-07-17 00:00:00,6665,0,2026-09-17 15:08:15,2026-09-17 15:08:15
930,2022-07-18 00:00:00,7065,0,2026-09-17 15:08:15,2026-09-17 15:08:15
931,2022-07-19 00:00:00,6899,0,2026-09-17 15:08:15,2026-09-17 15:08:15
932,2022-07-20 00:00:00,9685,0,2026-09-17 15:08:15,2026-09-17 15:08:15
933,2022-07-21 00:00:00,13382,0,2026-09-17 15:08:15,2026-09-17 15:08:15
934,2022-07-22 00:00:00,6544,0,2026-09-17 15:08:15,2026-09-17 15:08:15
935,2022-07-23 00:00:00,8059,0,2026-09-17 15:08:15,2026-09-17 15:08:15
936,2022-07-24 00:00:00,9335,0,2026-09-17 15:08:15,2026-09-17 15:08:15
937,2022-07-25 00:00:00,11872,0,2026-09-17 15:08:15,2026-09-17 15:08:15
938,2022-07-26 00:00:00,11033,0,2026-09-17 15:08:15,2026-09-17 15:08:15
939,2022-07-27 00:00:00,10609,0,2026-09-17 15:08:16,2026-09-17 15:08:16
940,2022-07-28 00:00:00,7419,0,2026-09-17 15:08:16,2026-09-17 15:08:16
941,2022-07-29 00:00:00,42687,0,2026-09-17 15:08:16,2026-09-17 15:08:16
942,2022-07-30 00:00:00,4766,0,2026-09-17 15:08:16,2026-09-17 15:08:16
943,2022-07-31 00:00:00,3866,0,2026-09-17 15:08:16,2026-09-17 15:08:16
944,2022-08-01 00:00:00,4980,0,2026-09-17 15:08:16,2026-09-17 15:08:16
945,2022-08-02 00:00:00,10902,0,2026-09-17 15:08:16,2026-09-17 15:08:16
946,2022-08-03 00:00:00,6163,0,2026-09-17 15:08:16,2026-09-17 15:08:16
947,2022-08-04 00:00:00,9200,0,2026-09-17 15:08:16,2026-09-17 15:08:16
948,2022-08-05 00:00:00,6450,0,2026-09-17 15:08:16,2026-09-17 15:08:16
949,2022-08-06 00:00:00,5372,0,2026-09-17 15:08:16,2026-09-17 15:08:16
950,2022-08-07 00:00:00,8677,0,2026-09-17 15:08:16,2026-09-17 15:08:16
951,2022-08-08 00:00:00,3363,0,2026-09-17 15:08:16,2026-09-17 15:08:16
952,2022-08-09 00:00:00,3446,0,2026-09-17 15:08:16,2026-09-17 15:08:16
953,2022-08-10 00:00:00,3265,0,2026-09-17 15:08:16,2026-09-17 15:08:16
954,2022-08-11 00:00:00,4817,0,2026-09-17 15:08:16,2026-09-17 15:08:16
955,2022-08-12 00:00:00,6853,0,2026-09-17 15:08:16,2026-09-17 15:08:16
956,2022-08-13 00:00:00,7022,0,2026-09-17 15:08:16,2026-09-17 15:08:16
957,2022-08-14 00:00:00,5447,0,2026-09-17 15:08:16,2026-09-17 15:08:16
958,2022-08-15 00:00:00,6473,0,2026-09-17 15:08:16,2026-09-17 15:08:16
959,2022-08-16 00:00:00,6802,0,2026-09-17 15:08:16,2026-09-17 15:08:16
960,2022-08-17 00:00:00,5580,0,2026-09-17 15:08:16,2026-09-17 15:08:16
961,2022-08-18 00:00:00,5586,0,2026-09-17 15:08:16,2026-09-17 15:08:16
962,2022-08-19 00:00:00,8368,0,2026-09-17 15:08:16,2026-09-17 15:08:16
963,2022-08-20 00:00:00,8149,0,2026-09-17 15:08:16,2026-09-17 15:08:16
964,2022-08-21 00:00:00,8658,0,2026-09-17 15:08:16,2026-09-17 15:08:16
965,2022-08-22 00:00:00,4183,0,2026-09-17 15:08:16,2026-09-17 15:08:16
966,2022-08-23 00:00:00,2607,0,2026-09-17 15:08:16,2026-09-17 15:08:16
967,2022-08-24 00:00:00,4995,0,2026-09-17 15:08:16,2026-09-17 15:08:16
968,2022-08-25 00:00:00,13561,0,2026-09-17 15:08:16,2026-09-17 15:08:16
969,2022-08-26 00:00:00,5296,0,2026-09-17 15:08:16,2026-09-17 15:08:16
970,2022-08-27 00:00:00,8041,0,2026-09-17 15:08:16,2026-09-17 15:08:16
971,2022-08-28 00:00:00,7260,0,2026-09-17 15:08:16,2026-09-17 15:08:16
972,2022-08-29 00:00:00,55749,0,2026-09-17 15:08:16,2026-09-17 15:08:16
973,2022-08-30 00:00:00,2953,0,2026-09-17 15:08:16,2026-09-17 15:08:16
974,2022-08-31 00:00:00,7378,0,2026-09-17 15:08:16,2026-09-17 15:08:16
975,2022-09-01 00:00:00,6274,0,2026-09-17 15:08:16,2026-09-17 15:08:16
976,2022-09-02 00:00:00,1433,0,2026-09-17 15:08:16,2026-09-17 15:08:16
977,2022-09-03 00:00:00,2247,0,2026-09-17 15:08:16,2026-09-17 15:08:16
978,2022-09-04 00:00:00,5804,0,2026-09-17 15:08:16,2026-09-17 15:08:16
979,2022-09-05 00:00:00,6041,0,2026-09-17 15:08:16,2026-09-17 15:08:16
980,2022-09-06 00:00:00,3809,0,2026-09-17 15:08:16,2026-09-17 15:08:16
981,2022-09-07 00:00:00,9859,0,2026-09-17 15:08:16,2026-09-17 15:08:16
982,2022-09-08 00:00:00,7295,0,2026-09-17 15:08:16,2026-09-17 15:08:16
983,2022-09-09 00:00:00,8524,0,2026-09-17 15:08:16,2026-09-17 15:08:16
984,2022-09-10 00:00:00,4814,0,2026-09-17 15:08:16,2026-09-17 15:08:16
985,2022-09-11 00:00:00,3931,0,2026-09-17 15:08:16,2026-09-17 15:08:16
986,2022-09-12 00:00:00,4299,0,2026-09-17 15:08:16,2026-09-17 15:08:16
987,2022-09-13 00:00:00,3937,0,2026-09-17 15:08:16,2026-09-17 15:08:16
988,2022-09-14 00:00:00,3772,0,2026-09-17 15:08:16,2026-09-17 15:08:16
989,2022-09-15 00:00:00,3065,0,2026-09-17 15:08:16,2026-09-17 15:08:16
990,2022-09-16 00:00:00,2983,0,2026-09-17 15:08:16,2026-09-17 15:08:16
991,2022-09-17 00:00:00,1908,0,2026-09-17 15:08:16,2026-09-17 15:08:16
992,2022-09-18 00:00:00,4963,0,2026-09-17 15:08:16,2026-09-17 15:08:16
993,2022-09-19 00:00:00,4908,0,2026-09-17 15:08:16,2026-09-17 15:08:16
994,2022-09-20 00:00:00,6800,0,2026-09-17 15:08:16,2026-09-17 15:08:16
995,2022-09-21 00:00:00,24703,0,2026-09-17 15:08:16,2026-09-17 15:08:16
996,2022-09-22 00:00:00,11459,0,2026-09-17 15:08:16,2026-09-17 15:08:16
997,2022-09-23 00:00:00,7216,0,2026-09-17 15:08:16,2026-09-17 15:08:16
998,2022-09-24 00:00:00,4830,0,2026-09-17 15:08:16,2026-09-17 15:08:16
999,2022-09-25 00:00:00,2659,0,2026-09-17 15:08:16,2026-09-17 15:08:16
1000,2022-09-26 00:00:00,820,0,2026-09-17 15:08:16,2026-09-17 15:08:16
1001,2022-09-27 00:00:00,12032,0,2026-09-17 15:08:16,2026-09-17 15:08:16
1002,2022-09-28 00:00:00,4051,0,2026-09-17 15:08:16,2026-09-17 15:08:16
1003,2022-09-29 00:00:00,9868,0,2026-09-17 15:08:16,2026-09-17 15:08:16
1004,2022-09-30 00:00:00,21157,0,2026-09-17 15:08:16,2026-09-17 15:08:16
1005,2022-10-01 00:00:00,6855,0,2026-09-17 15:08:16,2026-09-17 15:08:16
1006,2022-10-02 00:00:00,5051,0,2026-09-17 15:08:16,2026-09-17 15:08:16
1007,2022-10-03 00:00:00,4012,0,2026-09-17 15:08:16,2026-09-17 15:08:16
1008,2022-10-04 00:00:00,3484,0,2026-09-17 15:08:16,2026-09-17 15:08:16
1009,2022-10-05 00:00:00,5944,0,2026-09-17 15:08:16,2026-09-17 15:08:16
1010,2022-10-06 00:00:00,4337,0,2026-09-17 15:08:16,2026-09-17 15:08:16
1011,2022-10-07 00:00:00,5548,0,2026-09-17 15:08:16,2026-09-17 15:08:16
1012,2022-10-08 00:00:00,6427,0,2026-09-17 15:08:16,2026-09-17 15:08:16
1013,2022-10-09 00:00:00,5155,0,2026-09-17 15:08:16,2026-09-17 15:08:16
1014,2022-10-10 00:00:00,4277,0,2026-09-17 15:08:16,2026-09-17 15:08:16
1015,2022-10-11 00:00:00,3969,0,2026-09-17 15:08:16,2026-09-17 15:08:16
1016,2022-10-12 00:00:00,4015,0,2026-09-17 15:08:16,2026-09-17 15:08:16
1017,2022-10-13 00:00:00,3492,0,2026-09-17 15:08:16,2026-09-17 15:08:16
1018,2022-10-14 00:00:00,3251,0,2026-09-17 15:08:16,2026-09-17 15:08:16
1019,2022-10-15 00:00:00,3516,0,2026-09-17 15:08:16,2026-09-17 15:08:16
1020,2022-10-16 00:00:00,3945,0,2026-09-17 15:08:16,2026-09-17 15:08:16
1021,2022-10-17 00:00:00,4309,0,2026-09-17 15:08:16,2026-09-17 15:08:16
1022,2022-10-18 00:00:00,6474,0,2026-09-17 15:08:16,2026-09-17 15:08:16
1023,2022-10-19 00:00:00,8984,0,2026-09-17 15:08:16,2026-09-17 15:08:16
1024,2022-10-20 00:00:00,8624,0,2026-09-17 15:08:16,2026-09-17 15:08:16
1025,2022-10-21 00:00:00,7761,0,2026-09-17 15:08:16,2026-09-17 15:08:16
1026,2022-10-22 00:00:00,7721,0,2026-09-17 15:08:16,2026-09-17 15:08:16
1027,2022-10-23 00:00:00,8822,0,2026-09-17 15:08:16,2026-09-17 15:08:16
1028,2022-10-24 00:00:00,6107,0,2026-09-17 15:08:16,2026-09-17 15:08:16
1029,2022-10-25 00:00:00,9230,0,2026-09-17 15:08:16,2026-09-17 15:08:16
1030,2022-10-26 00:00:00,2802,0,2026-09-17 15:08:16,2026-09-17 15:08:16
1031,2022-10-27 00:00:00,1860,0,2026-09-17 15:08:16,2026-09-17 15:08:16
1032,2022-10-28 00:00:00,1071,0,2026-09-17 15:08:16,2026-09-17 15:08:16
1033,2022-10-29 00:00:00,502,0,2026-09-17 15:08:16,2026-09-17 15:08:16
1034,2022-10-30 00:00:00,1385,0,2026-09-17 15:08:16,2026-09-17 15:08:16
1035,2022-10-31 00:00:00,8045,0,2026-09-17 15:08:16,2026-09-17 15:08:16
1036,2022-11-01 00:00:00,2884,0,2026-09-17 15:08:16,2026-09-17 15:08:16
1037,2022-11-02 00:00:00,3336,0,2026-09-17 15:08:16,2026-09-17 15:08:16
1038,2022-11-03 00:00:00,9288,0,2026-09-17 15:08:16,2026-09-17 15:08:16
1039,2022-11-04 00:00:00,6984,0,2026-09-17 15:08:16,2026-09-17 15:08:16
1040,2022-11-05 00:00:00,9049,0,2026-09-17 15:08:16,2026-09-17 15:08:16
1041,2022-11-06 00:00:00,25740,0,2026-09-17 15:08:16,2026-09-17 15:08:16
1042,2022-11-07 00:00:00,6223,0,2026-09-17 15:08:16,2026-09-17 15:08:16
1043,2022-11-08 00:00:00,5863,0,2026-09-17 15:08:16,2026-09-17 15:08:16
1044,2022-11-09 00:00:00,4016,0,2026-09-17 15:08:16,2026-09-17 15:08:16
1045,2022-11-10 00:00:00,5469,0,2026-09-17 15:08:16,2026-09-17 15:08:16
1046,2022-11-11 00:00:00,5957,0,2026-09-17 15:08:16,2026-09-17 15:08:16
1047,2022-11-12 00:00:00,6227,0,2026-09-17 15:08:16,2026-09-17 15:08:16
1048,2022-11-13 00:00:00,7467,0,2026-09-17 15:08:16,2026-09-17 15:08:16
1049,2022-11-14 00:00:00,5849,0,2026-09-17 15:08:16,2026-09-17 15:08:16
1050,2022-11-15 00:00:00,7216,0,2026-09-17 15:08:16,2026-09-17 15:08:16
1051,2022-11-16 00:00:00,14815,0,2026-09-17 15:08:16,2026-09-17 15:08:16
1052,2022-11-17 00:00:00,8692,0,2026-09-17 15:08:16,2026-09-17 15:08:16
1053,2022-11-18 00:00:00,16367,0,2026-09-17 15:08:16,2026-09-17 15:08:16
1054,2022-11-19 00:00:00,7136,0,2026-09-17 15:08:16,2026-09-17 15:08:16
1055,2022-11-20 00:00:00,9319,0,2026-09-17 15:08:16,2026-09-17 15:08:16
1056,2022-11-21 00:00:00,13973,0,2026-09-17 15:08:16,2026-09-17 15:08:16
1057,2022-11-22 00:00:00,12229,0,2026-09-17 15:08:16,2026-09-17 15:08:16
1058,2022-11-23 00:00:00,6052,0,2026-09-17 15:08:16,2026-09-17 15:08:16
1059,2022-11-24 00:00:00,7140,0,2026-09-17 15:08:16,2026-09-17 15:08:16
1060,2022-11-25 00:00:00,6529,0,2026-09-17 15:08:16,2026-09-17 15:08:16
1061,2022-11-26 00:00:00,9322,0,2026-09-17 15:08:16,2026-09-17 15:08:16
1062,2022-11-27 00:00:00,9499,0,2026-09-17 15:08:16,2026-09-17 15:08:16
1063,2022-11-28 00:00:00,8602,0,2026-09-17 15:08:16,2026-09-17 15:08:16
1064,2022-11-29 00:00:00,27272,0,2026-09-17 15:08:16,2026-09-17 15:08:16
1065,2022-11-30 00:00:00,10869,0,2026-09-17 15:08:16,2026-09-17 15:08:16
1066,2022-12-01 00:00:00,4435,0,2026-09-17 15:08:16,2026-09-17 15:08:16
1067,2022-12-02 00:00:00,14891,0,2026-09-17 15:08:16,2026-09-17 15:08:16
1068,2022-12-03 00:00:00,6205,0,2026-09-17 15:08:16,2026-09-17 15:08:16
1069,2022-12-04 00:00:00,7585,0,2026-09-17 15:08:16,2026-09-17 15:08:16
1070,2022-12-05 00:00:00,8222,0,2026-09-17 15:08:16,2026-09-17 15:08:16
1071,2022-12-06 00:00:00,7411,0,2026-09-17 15:08:16,2026-09-17 15:08:16
1072,2022-12-07 00:00:00,5528,0,2026-09-17 15:08:16,2026-09-17 15:08:16
1073,2022-12-08 00:00:00,6940,0,2026-09-17 15:08:16,2026-09-17 15:08:16
1074,2022-12-09 00:00:00,7274,0,2026-09-17 15:08:16,2026-09-17 15:08:16
1075,2022-12-10 00:00:00,5269,0,2026-09-17 15:08:16,2026-09-17 15:08:16
1076,2022-12-11 00:00:00,5191,0,2026-09-17 15:08:16,2026-09-17 15:08:16
1077,2022-12-12 00:00:00,5630,0,2026-09-17 15:08:16,2026-09-17 15:08:16
1078,2022-12-13 00:00:00,4714,0,2026-09-17 15:08:16,2026-09-17 15:08:16
1079,2022-12-14 00:00:00,5293,0,2026-09-17 15:08:16,2026-09-17 15:08:16
1080,2022-12-15 00:00:00,7274,0,2026-09-17 15:08:16,2026-09-17 15:08:16
1081,2022-12-16 00:00:00,6806,0,2026-09-17 15:08:16,2026-09-17 15:08:16
1082,2022-12-17 00:00:00,7855,0,2026-09-17 15:08:16,2026-09-17 15:08:16
1083,2022-12-18 00:00:00,6703,0,2026-09-17 15:08:16,2026-09-17 15:08:16
1084,2022-12-19 00:00:00,4118,0,2026-09-17 15:08:16,2026-09-17 15:08:16
1085,2022-12-20 00:00:00,6947,0,2026-09-17 15:08:16,2026-09-17 15:08:16
1086,2022-12-21 00:00:00,9121,0,2026-09-17 15:08:16,2026-09-17 15:08:16
1087,2022-12-22 00:00:00,11764,0,2026-09-17 15:08:16,2026-09-17 15:08:16
1088,2022-12-23 00:00:00,5961,0,2026-09-17 15:08:16,2026-09-17 15:08:16
1089,2022-12-24 00:00:00,2190,0,2026-09-17 15:08:16,2026-09-17 15:08:16
1090,2022-12-25 00:00:00,50,0,2026-09-17 15:08:16,2026-09-17 15:08:16
1091,2022-12-26 00:00:00,2868,0,2026-09-17 15:08:16,2026-09-17 15:08:16
1092,2022-12-27 00:00:00,9874,0,2026-09-17 15:08:16,2026-09-17 15:08:16
1093,2022-12-28 00:00:00,5820,0,2026-09-17 15:08:16,2026-09-17 15:08:16
1094,2022-12-29 00:00:00,20103,0,2026-09-17 15:08:16,2026-09-17 15:08:16
1095,2022-12-30 00:00:00,4170,0,2026-09-17 15:08:16,2026-09-17 15:08:16
1096,2022-12-31 00:00:00,4587,0,2026-09-17 15:08:16,2026-09-17 15:08:16
1097,2023-01-01 00:00:00,720,0,2026-09-17 15:08:16,2026-09-17 15:08:16
1098,2023-01-02 00:00:00,4485,0,2026-09-17 15:08:16,2026-09-17 15:08:16
1099,2023-01-03 00:00:00,7593,0,2026-09-17 15:08:16,2026-09-17 15:08:16
1100,2023-01-04 00:00:00,2328,0,2026-09-17 15:08:16,2026-09-17 15:08:16
1101,2023-01-05 00:00:00,6852,0,2026-09-17 15:08:16,2026-09-17 15:08:16
1102,2023-01-06 00:00:00,7280,0,2026-09-17 15:08:16,2026-09-17 15:08:16
1103,2023-01-07 00:00:00,11482,0,2026-09-17 15:08:16,2026-09-17 15:08:16
1104,2023-01-08 00:00:00,3936,0,2026-09-17 15:08:16,2026-09-17 15:08:16
1105,2023-01-09 00:00:00,5882,0,2026-09-17 15:08:16,2026-09-17 15:08:16
1106,2023-01-10 00:00:00,6425,0,2026-09-17 15:08:16,2026-09-17 15:08:16
1107,2023-01-11 00:00:00,4858,0,2026-09-17 15:08:16,2026-09-17 15:08:16
1108,2023-01-12 00:00:00,3143,0,2026-09-17 15:08:16,2026-09-17 15:08:16
1109,2023-01-13 00:00:00,4360,0,2026-09-17 15:08:16,2026-09-17 15:08:16
1110,2023-01-14 00:00:00,4056,0,2026-09-17 15:08:16,2026-09-17 15:08:16
1111,2023-01-15 00:00:00,4340,0,2026-09-17 15:08:17,2026-09-17 15:08:17
1112,2023-01-16 00:00:00,9380,0,2026-09-17 15:08:17,2026-09-17 15:08:17
1113,2023-01-17 00:00:00,4931,0,2026-09-17 15:08:17,2026-09-17 15:08:17
1114,2023-01-18 00:00:00,7339,0,2026-09-17 15:08:17,2026-09-17 15:08:17
1115,2023-01-19 00:00:00,3663,0,2026-09-17 15:08:17,2026-09-17 15:08:17
1116,2023-01-20 00:00:00,1933,0,2026-09-17 15:08:17,2026-09-17 15:08:17
1117,2023-01-21 00:00:00,4027,0,2026-09-17 15:08:17,2026-09-17 15:08:17
1118,2023-01-22 00:00:00,4248,0,2026-09-17 15:08:17,2026-09-17 15:08:17
1119,2023-01-23 00:00:00,8722,0,2026-09-17 15:08:17,2026-09-17 15:08:17
1120,2023-01-24 00:00:00,11511,0,2026-09-17 15:08:17,2026-09-17 15:08:17
1121,2023-01-25 00:00:00,4944,0,2026-09-17 15:08:17,2026-09-17 15:08:17
1122,2023-01-26 00:00:00,41678,0,2026-09-17 15:08:17,2026-09-17 15:08:17
1123,2023-01-27 00:00:00,2067,0,2026-09-17 15:08:17,2026-09-17 15:08:17
1124,2023-01-28 00:00:00,1361,0,2026-09-17 15:08:17,2026-09-17 15:08:17
1125,2023-01-29 00:00:00,1970,0,2026-09-17 15:08:17,2026-09-17 15:08:17
1126,2023-01-30 00:00:00,5286,0,2026-09-17 15:08:17,2026-09-17 15:08:17
1127,2023-01-31 00:00:00,3098,0,2026-09-17 15:08:17,2026-09-17 15:08:17
1128,2023-02-01 00:00:00,7176,0,2026-09-17 15:08:17,2026-09-17 15:08:17
1129,2023-02-02 00:00:00,9016,0,2026-09-17 15:08:17,2026-09-17 15:08:17
1130,2023-02-03 00:00:00,11050,0,2026-09-17 15:08:17,2026-09-17 15:08:17
1131,2023-02-04 00:00:00,3389,0,2026-09-17 15:08:17,2026-09-17 15:08:17
1132,2023-02-05 00:00:00,3437,0,2026-09-17 15:08:17,2026-09-17 15:08:17
1133,2023-02-06 00:00:00,10391,0,2026-09-17 15:08:17,2026-09-17 15:08:17
1134,2023-02-07 00:00:00,7538,0,2026-09-17 15:08:17,2026-09-17 15:08:17
1135,2023-02-08 00:00:00,15862,0,2026-09-17 15:08:17,2026-09-17 15:08:17
1136,2023-02-09 00:00:00,9586,0,2026-09-17 15:08:17,2026-09-17 15:08:17
1137,2023-02-10 00:00:00,7215,0,2026-09-17 15:08:17,2026-09-17 15:08:17
1138,2023-02-11 00:00:00,8176,0,2026-09-17 15:08:17,2026-09-17 15:08:17
1139,2023-02-12 00:00:00,8640,0,2026-09-17 15:08:17,2026-09-17 15:08:17
1140,2023-02-13 00:00:00,6032,0,2026-09-17 15:08:17,2026-09-17 15:08:17
1141,2023-02-14 00:00:00,5462,0,2026-09-17 15:08:17,2026-09-17 15:08:17
1142,2023-02-15 00:00:00,3938,0,2026-09-17 15:08:17,2026-09-17 15:08:17
1143,2023-02-16 00:00:00,3192,0,2026-09-17 15:08:17,2026-09-17 15:08:17
1144,2023-02-17 00:00:00,2575,0,2026-09-17 15:08:17,2026-09-17 15:08:17
1145,2023-02-18 00:00:00,2113,0,2026-09-17 15:08:17,2026-09-17 15:08:17
1146,2023-02-19 00:00:00,3702,0,2026-09-17 15:08:17,2026-09-17 15:08:17
1147,2023-02-20 00:00:00,7018,0,2026-09-17 15:08:17,2026-09-17 15:08:17
1148,2023-02-21 00:00:00,4640,0,2026-09-17 15:08:17,2026-09-17 15:08:17
1149,2023-02-22 00:00:00,5083,0,2026-09-17 15:08:17,2026-09-17 15:08:17
1150,2023-02-23 00:00:00,5316,0,2026-09-17 15:08:17,2026-09-17 15:08:17
1151,2023-02-24 00:00:00,10963,0,2026-09-17 15:08:17,2026-09-17 15:08:17
1152,2023-02-25 00:00:00,4340,0,2026-09-17 15:08:17,2026-09-17 15:08:17
1153,2023-02-26 00:00:00,9744,0,2026-09-17 15:08:17,2026-09-17 15:08:17
1154,2023-02-27 00:00:00,6187,0,2026-09-17 15:08:17,2026-09-17 15:08:17
1155,2023-02-28 00:00:00,4704,0,2026-09-17 15:08:17,2026-09-17 15:08:17
1156,2023-03-01 00:00:00,4208,0,2026-09-17 15:08:17,2026-09-17 15:08:17
1157,2023-03-02 00:00:00,5807,0,2026-09-17 15:08:17,2026-09-17 15:08:17
1158,2023-03-03 00:00:00,3916,0,2026-09-17 15:08:17,2026-09-17 15:08:17
1159,2023-03-04 00:00:00,3441,0,2026-09-17 15:08:17,2026-09-17 15:08:17
1160,2023-03-05 00:00:00,22554,0,2026-09-17 15:08:17,2026-09-17 15:08:17
1161,2023-03-06 00:00:00,20878,0,2026-09-17 15:08:17,2026-09-17 15:08:17
1162,2023-03-07 00:00:00,3058,0,2026-09-17 15:08:17,2026-09-17 15:08:17
1163,2023-03-08 00:00:00,3084,0,2026-09-17 15:08:17,2026-09-17 15:08:17
1164,2023-03-09 00:00:00,4710,0,2026-09-17 15:08:17,2026-09-17 15:08:17
1165,2023-03-10 00:00:00,13391,0,2026-09-17 15:08:17,2026-09-17 15:08:17
1166,2023-03-11 00:00:00,7256,0,2026-09-17 15:08:17,2026-09-17 15:08:17
1167,2023-03-12 00:00:00,5980,0,2026-09-17 15:08:17,2026-09-17 15:08:17
1168,2023-03-13 00:00:00,31633,0,2026-09-17 15:08:17,2026-09-17 15:08:17
1169,2023-03-14 00:00:00,4692,0,2026-09-17 15:08:17,2026-09-17 15:08:17
1170,2023-03-15 00:00:00,6551,0,2026-09-17 15:08:17,2026-09-17 15:08:17
1171,2023-03-16 00:00:00,6455,0,2026-09-17 15:08:17,2026-09-17 15:08:17
1172,2023-03-17 00:00:00,5461,0,2026-09-17 15:08:17,2026-09-17 15:08:17
1173,2023-03-18 00:00:00,6439,0,2026-09-17 15:08:17,2026-09-17 15:08:17
1174,2023-03-19 00:00:00,7849,0,2026-09-17 15:08:17,2026-09-17 15:08:17
1175,2023-03-20 00:00:00,8577,0,2026-09-17 15:08:17,2026-09-17 15:08:17
1176,2023-03-21 00:00:00,7153,0,2026-09-17 15:08:17,2026-09-17 15:08:17
1177,2023-03-22 00:00:00,4394,0,2026-09-17 15:08:17,2026-09-17 15:08:17
1178,2023-03-23 00:00:00,10028,0,2026-09-17 15:08:17,2026-09-17 15:08:17
1179,2023-03-24 00:00:00,9960,0,2026-09-17 15:08:17,2026-09-17 15:08:17
1180,2023-03-25 00:00:00,11873,0,2026-09-17 15:08:17,2026-09-17 15:08:17
1181,2023-03-26 00:00:00,7526,0,2026-09-17 15:08:17,2026-09-17 15:08:17
1182,2023-03-27 00:00:00,9390,0,2026-09-17 15:08:17,2026-09-17 15:08:17
1183,2023-03-28 00:00:00,18164,0,2026-09-17 15:08:17,2026-09-17 15:08:17
1184,2023-03-29 00:00:00,32982,0,2026-09-17 15:08:17,2026-09-17 15:08:17
1185,2023-03-30 00:00:00,11938,0,2026-09-17 15:08:17,2026-09-17 15:08:17
1186,2023-03-31 00:00:00,15260,0,2026-09-17 15:08:17,2026-09-17 15:08:17
1187,2023-04-01 00:00:00,7176,0,2026-09-17 15:08:17,2026-09-17 15:08:17
1188,2023-04-02 00:00:00,5404,0,2026-09-17 15:08:17,2026-09-17 15:08:17
1189,2023-04-03 00:00:00,7029,0,2026-09-17 15:08:17,2026-09-17 15:08:17
1190,2023-04-04 00:00:00,8962,0,2026-09-17 15:08:17,2026-09-17 15:08:17
1191,2023-04-05 00:00:00,12379,0,2026-09-17 15:08:17,2026-09-17 15:08:17
1192,2023-04-06 00:00:00,6751,0,2026-09-17 15:08:17,2026-09-17 15:08:17
1193,2023-04-07 00:00:00,450,0,2026-09-17 15:08:17,2026-09-17 15:08:17
1194,2023-04-08 00:00:00,3520,0,2026-09-17 15:08:17,2026-09-17 15:08:17
1195,2023-04-09 00:00:00,5712,0,2026-09-17 15:08:17,2026-09-17 15:08:17
1196,2023-04-10 00:00:00,7554,0,2026-09-17 15:08:17,2026-09-17 15:08:17
1197,2023-04-11 00:00:00,2862,0,2026-09-17 15:08:17,2026-09-17 15:08:17
1198,2023-04-12 00:00:00,3452,0,2026-09-17 15:08:17,2026-09-17 15:08:17
1199,2023-04-13 00:00:00,828,0,2026-09-17 15:08:17,2026-09-17 15:08:17
1200,2023-04-14 00:00:00,6401,0,2026-09-17 15:08:17,2026-09-17 15:08:17
1201,2023-04-15 00:00:00,5660,0,2026-09-17 15:08:17,2026-09-17 15:08:17
1202,2023-04-16 00:00:00,11150,0,2026-09-17 15:08:17,2026-09-17 15:08:17
1203,2023-04-17 00:00:00,13528,0,2026-09-17 15:08:17,2026-09-17 15:08:17
1204,2023-04-18 00:00:00,33216,0,2026-09-17 15:08:17,2026-09-17 15:08:17
1205,2023-04-19 00:00:00,13191,0,2026-09-17 15:08:17,2026-09-17 15:08:17
1206,2023-04-20 00:00:00,14371,0,2026-09-17 15:08:17,2026-09-17 15:08:17
1207,2023-04-21 00:00:00,8969,0,2026-09-17 15:08:17,2026-09-17 15:08:17
1208,2023-04-22 00:00:00,10284,0,2026-09-17 15:08:17,2026-09-17 15:08:17
1209,2023-04-23 00:00:00,8747,0,2026-09-17 15:08:17,2026-09-17 15:08:17
1210,2023-04-24 00:00:00,13875,0,2026-09-17 15:08:17,2026-09-17 15:08:17
1211,2023-04-25 00:00:00,7884,0,2026-09-17 15:08:17,2026-09-17 15:08:17
1212,2023-04-26 00:00:00,7798,0,2026-09-17 15:08:17,2026-09-17 15:08:17
1213,2023-04-27 00:00:00,7896,0,2026-09-17 15:08:17,2026-09-17 15:08:17
1214,2023-04-28 00:00:00,18724,0,2026-09-17 15:08:17,2026-09-17 15:08:17
1215,2023-04-29 00:00:00,13336,0,2026-09-17 15:08:17,2026-09-17 15:08:17
1216,2023-04-30 00:00:00,9125,0,2026-09-17 15:08:17,2026-09-17 15:08:17
1217,2023-05-01 00:00:00,29433,0,2026-09-17 15:08:17,2026-09-17 15:08:17
1218,2023-05-02 00:00:00,11965,0,2026-09-17 15:08:17,2026-09-17 15:08:17
1219,2023-05-03 00:00:00,6333,0,2026-09-17 15:08:17,2026-09-17 15:08:17
1220,2023-05-04 00:00:00,5517,0,2026-09-17 15:08:17,2026-09-17 15:08:17
1221,2023-05-05 00:00:00,3139,0,2026-09-17 15:08:17,2026-09-17 15:08:17
1222,2023-05-06 00:00:00,3902,0,2026-09-17 15:08:17,2026-09-17 15:08:17
1223,2023-05-07 00:00:00,7824,0,2026-09-17 15:08:17,2026-09-17 15:08:17
1224,2023-05-08 00:00:00,6923,0,2026-09-17 15:08:17,2026-09-17 15:08:17
1225,2023-05-09 00:00:00,10792,0,2026-09-17 15:08:17,2026-09-17 15:08:17
1226,2023-05-10 00:00:00,4106,0,2026-09-17 15:08:17,2026-09-17 15:08:17
1227,2023-05-11 00:00:00,7510,0,2026-09-17 15:08:17,2026-09-17 15:08:17
1228,2023-05-12 00:00:00,12498,0,2026-09-17 15:08:17,2026-09-17 15:08:17
1229,2023-05-13 00:00:00,7386,0,2026-09-17 15:08:17,2026-09-17 15:08:17
1230,2023-05-14 00:00:00,6979,0,2026-09-17 15:08:17,2026-09-17 15:08:17
1231,2023-05-15 00:00:00,9362,0,2026-09-17 15:08:17,2026-09-17 15:08:17
1232,2023-05-16 00:00:00,8769,0,2026-09-17 15:08:17,2026-09-17 15:08:17
1233,2023-05-17 00:00:00,6297,0,2026-09-17 15:08:17,2026-09-17 15:08:17
1234,2023-05-18 00:00:00,6843,0,2026-09-17 15:08:17,2026-09-17 15:08:17
1235,2023-05-19 00:00:00,7754,0,2026-09-17 15:08:17,2026-09-17 15:08:17
1236,2023-05-20 00:00:00,10088,0,2026-09-17 15:08:17,2026-09-17 15:08:17
1237,2023-05-21 00:00:00,8041,0,2026-09-17 15:08:17,2026-09-17 15:08:17
1238,2023-05-22 00:00:00,12000,0,2026-09-17 15:08:17,2026-09-17 15:08:17
1239,2023-05-23 00:00:00,18949,0,2026-09-17 15:08:17,2026-09-17 15:08:17
1240,2023-05-24 00:00:00,56413,0,2026-09-17 15:08:17,2026-09-17 15:08:17
1241,2023-05-25 00:00:00,8468,0,2026-09-17 15:08:17,2026-09-17 15:08:17
1242,2023-05-26 00:00:00,5587,0,2026-09-17 15:08:17,2026-09-17 15:08:17
1243,2023-05-27 00:00:00,5046,0,2026-09-17 15:08:17,2026-09-17 15:08:17
1244,2023-05-28 00:00:00,2548,0,2026-09-17 15:08:17,2026-09-17 15:08:17
1245,2023-05-29 00:00:00,1960,0,2026-09-17 15:08:17,2026-09-17 15:08:17
1246,2023-05-30 00:00:00,2880,0,2026-09-17 15:08:17,2026-09-17 15:08:17
1247,2023-05-31 00:00:00,1720,0,2026-09-17 15:08:17,2026-09-17 15:08:17
1248,2023-06-01 00:00:00,1198,0,2026-09-17 15:08:17,2026-09-17 15:08:17
1249,2023-06-02 00:00:00,5264,0,2026-09-17 15:08:17,2026-09-17 15:08:17
1250,2023-06-03 00:00:00,3841,0,2026-09-17 15:08:17,2026-09-17 15:08:17
1251,2023-06-04 00:00:00,7321,0,2026-09-17 15:08:17,2026-09-17 15:08:17
1252,2023-06-05 00:00:00,9633,0,2026-09-17 15:08:17,2026-09-17 15:08:17
1253,2023-06-06 00:00:00,8137,0,2026-09-17 15:08:17,2026-09-17 15:08:17
1254,2023-06-07 00:00:00,6647,0,2026-09-17 15:08:17,2026-09-17 15:08:17
1255,2023-06-08 00:00:00,6962,0,2026-09-17 15:08:17,2026-09-17 15:08:17
1256,2023-06-09 00:00:00,9952,0,2026-09-17 15:08:17,2026-09-17 15:08:17
1257,2023-06-10 00:00:00,4762,0,2026-09-17 15:08:17,2026-09-17 15:08:17
1258,2023-06-11 00:00:00,4525,0,2026-09-17 15:08:17,2026-09-17 15:08:17
1259,2023-06-12 00:00:00,3504,0,2026-09-17 15:08:17,2026-09-17 15:08:17
1260,2023-06-13 00:00:00,13777,0,2026-09-17 15:08:17,2026-09-17 15:08:17
1261,2023-06-14 00:00:00,11785,0,2026-09-17 15:08:17,2026-09-17 15:08:17
1262,2023-06-15 00:00:00,13450,0,2026-09-17 15:08:17,2026-09-17 15:08:17
1263,2023-06-16 00:00:00,10228,0,2026-09-17 15:08:17,2026-09-17 15:08:17
1264,2023-06-17 00:00:00,8906,0,2026-09-17 15:08:17,2026-09-17 15:08:17
1265,2023-06-18 00:00:00,10984,0,2026-09-17 15:08:17,2026-09-17 15:08:17
1266,2023-06-19 00:00:00,5226,0,2026-09-17 15:08:17,2026-09-17 15:08:17
1267,2023-06-20 00:00:00,6280,0,2026-09-17 15:08:17,2026-09-17 15:08:17
1268,2023-06-21 00:00:00,6781,0,2026-09-17 15:08:17,2026-09-17 15:08:17
1269,2023-06-22 00:00:00,7118,0,2026-09-17 15:08:17,2026-09-17 15:08:17
1270,2023-06-23 00:00:00,11837,0,2026-09-17 15:08:17,2026-09-17 15:08:17
1271,2023-06-24 00:00:00,26527.25,0,2026-09-17 15:08:17,2026-09-17 15:08:17
1272,2023-06-25 00:00:00,7999,0,2026-09-17 15:08:17,2026-09-17 15:08:17
1273,2023-06-26 00:00:00,5832,0,2026-09-17 15:08:17,2026-09-17 15:08:17
1274,2023-06-27 00:00:00,5757,0,2026-09-17 15:08:17,2026-09-17 15:08:17
1275,2023-06-28 00:00:00,9195,0,2026-09-17 15:08:17,2026-09-17 15:08:17
1276,2023-06-29 00:00:00,6321,0,2026-09-17 15:08:17,2026-09-17 15:08:17
1277,2023-06-30 00:00:00,39737,0,2026-09-17 15:08:17,2026-09-17 15:08:17
1278,2023-07-01 00:00:00,5437,0,2026-09-17 15:08:17,2026-09-17 15:08:17
1279,2023-07-02 00:00:00,6196,0,2026-09-17 15:08:17,2026-09-17 15:08:17
1280,2023-07-03 00:00:00,2975,0,2026-09-17 15:08:17,2026-09-17 15:08:17
1281,2023-07-04 00:00:00,14338,0,2026-09-17 15:08:17,2026-09-17 15:08:17
1282,2023-07-05 00:00:00,12629,0,2026-09-17 15:08:17,2026-09-17 15:08:17
1283,2023-07-06 00:00:00,6374,0,2026-09-17 15:08:17,2026-09-17 15:08:17
1284,2023-07-07 00:00:00,5965,0,2026-09-17 15:08:17,2026-09-17 15:08:17
1285,2023-07-08 00:00:00,6017,0,2026-09-17 15:08:17,2026-09-17 15:08:17
1286,2023-07-09 00:00:00,6735,0,2026-09-17 15:08:17,2026-09-17 15:08:17
1287,2023-07-10 00:00:00,11145,0,2026-09-17 15:08:17,2026-09-17 15:08:17
1288,2023-07-11 00:00:00,8500,0,2026-09-17 15:08:17,2026-09-17 15:08:17
1289,2023-07-12 00:00:00,4807,0,2026-09-17 15:08:17,2026-09-17 15:08:17
1290,2023-07-13 00:00:00,5512,0,2026-09-17 15:08:17,2026-09-17 15:08:17
1291,2023-07-14 00:00:00,2327,0,2026-09-17 15:08:17,2026-09-17 15:08:17
1292,2023-07-15 00:00:00,3346,0,2026-09-17 15:08:17,2026-09-17 15:08:17
1293,2023-07-16 00:00:00,3982,0,2026-09-17 15:08:17,2026-09-17 15:08:17
1294,2023-07-17 00:00:00,2924,0,2026-09-17 15:08:17,2026-09-17 15:08:17
1295,2023-07-18 00:00:00,5915,0,2026-09-17 15:08:17,2026-09-17 15:08:17
1296,2023-07-19 00:00:00,10987,0,2026-09-17 15:08:17,2026-09-17 15:08:17
1297,2023-07-20 00:00:00,10726,0,2026-09-17 15:08:17,2026-09-17 15:08:17
1298,2023-07-21 00:00:00,8206,0,2026-09-17 15:08:17,2026-09-17 15:08:17
1299,2023-07-22 00:00:00,4839,0,2026-09-17 15:08:17,2026-09-17 15:08:17
1300,2023-07-23 00:00:00,3662,0,2026-09-17 15:08:17,2026-09-17 15:08:17
1301,2023-07-24 00:00:00,3262,0,2026-09-17 15:08:17,2026-09-17 15:08:17
1302,2023-07-25 00:00:00,42965,0,2026-09-17 15:08:17,2026-09-17 15:08:17
1303,2023-07-26 00:00:00,742,0,2026-09-17 15:08:17,2026-09-17 15:08:17
1304,2023-07-27 00:00:00,871,0,2026-09-17 15:08:17,2026-09-17 15:08:17
1305,2023-07-28 00:00:00,10289,0,2026-09-17 15:08:17,2026-09-17 15:08:17
1306,2023-07-29 00:00:00,2048,0,2026-09-17 15:08:17,2026-09-17 15:08:17
1307,2023-07-30 00:00:00,12366,0,2026-09-17 15:08:17,2026-09-17 15:08:17
1308,2023-07-31 00:00:00,3095,0,2026-09-17 15:08:17,2026-09-17 15:08:17
1309,2023-08-01 00:00:00,4184,0,2026-09-17 15:08:17,2026-09-17 15:08:17
1310,2023-08-02 00:00:00,4062,0,2026-09-17 15:08:17,2026-09-17 15:08:17
1311,2023-08-03 00:00:00,1398,0,2026-09-17 15:08:17,2026-09-17 15:08:17
1312,2023-08-04 00:00:00,3799,0,2026-09-17 15:08:17,2026-09-17 15:08:17
1313,2023-08-05 00:00:00,4628,0,2026-09-17 15:08:17,2026-09-17 15:08:17
1314,2023-08-06 00:00:00,4432,0,2026-09-17 15:08:17,2026-09-17 15:08:17
1315,2023-08-07 00:00:00,3155,0,2026-09-17 15:08:17,2026-09-17 15:08:17
1316,2023-08-08 00:00:00,4282,0,2026-09-17 15:08:17,2026-09-17 15:08:17
1317,2023-08-09 00:00:00,3034,0,2026-09-17 15:08:17,2026-09-17 15:08:17
1318,2023-08-10 00:00:00,4528,0,2026-09-17 15:08:17,2026-09-17 15:08:17
1319,2023-08-11 00:00:00,7680,0,2026-09-17 15:08:17,2026-09-17 15:08:17
1320,2023-08-12 00:00:00,7551,0,2026-09-17 15:08:17,2026-09-17 15:08:17
1321,2023-08-13 00:00:00,8514,0,2026-09-17 15:08:17,2026-09-17 15:08:17
1322,2023-08-14 00:00:00,4249,0,2026-09-17 15:08:17,2026-09-17 15:08:17
1323,2023-08-15 00:00:00,40083,0,2026-09-17 15:08:17,2026-09-17 15:08:17
1324,2023-08-16 00:00:00,6411,0,2026-09-17 15:08:17,2026-09-17 15:08:17
1325,2023-08-17 00:00:00,5197,0,2026-09-17 15:08:17,2026-09-17 15:08:17
1326,2023-08-18 00:00:00,3852,0,2026-09-17 15:08:17,2026-09-17 15:08:17
1327,2023-08-19 00:00:00,6047,0,2026-09-17 15:08:17,2026-09-17 15:08:17
1328,2023-08-20 00:00:00,2736,0,2026-09-17 15:08:17,2026-09-17 15:08:17
1329,2023-08-21 00:00:00,6776,0,2026-09-17 15:08:17,2026-09-17 15:08:17
1330,2023-08-22 00:00:00,52937,0,2026-09-17 15:08:17,2026-09-17 15:08:17
1331,2023-08-23 00:00:00,9651,0,2026-09-17 15:08:17,2026-09-17 15:08:17
1332,2023-08-24 00:00:00,4975,0,2026-09-17 15:08:17,2026-09-17 15:08:17
1333,2023-08-25 00:00:00,4479,0,2026-09-17 15:08:17,2026-09-17 15:08:17
1334,2023-08-26 00:00:00,6299,0,2026-09-17 15:08:17,2026-09-17 15:08:17
1335,2023-08-27 00:00:00,3410,0,2026-09-17 15:08:17,2026-09-17 15:08:17
1336,2023-08-28 00:00:00,310,0,2026-09-17 15:08:17,2026-09-17 15:08:17
1337,2023-08-29 00:00:00,768,0,2026-09-17 15:08:17,2026-09-17 15:08:17
1338,2023-08-30 00:00:00,314,0,2026-09-17 15:08:17,2026-09-17 15:08:17
1339,2023-08-31 00:00:00,5118,0,2026-09-17 15:08:17,2026-09-17 15:08:17
1340,2023-09-01 00:00:00,3405,0,2026-09-17 15:08:17,2026-09-17 15:08:17
1341,2023-09-02 00:00:00,2715,0,2026-09-17 15:08:17,2026-09-17 15:08:17
1342,2023-09-03 00:00:00,2404,0,2026-09-17 15:08:17,2026-09-17 15:08:17
1343,2023-09-04 00:00:00,4231,0,2026-09-17 15:08:17,2026-09-17 15:08:17
1344,2023-09-05 00:00:00,3993,0,2026-09-17 15:08:17,2026-09-17 15:08:17
1345,2023-09-06 00:00:00,4189,0,2026-09-17 15:08:17,2026-09-17 15:08:17
1346,2023-09-07 00:00:00,6411,0,2026-09-17 15:08:17,2026-09-17 15:08:17
1347,2023-09-08 00:00:00,8330,0,2026-09-17 15:08:17,2026-09-17 15:08:17
1348,2023-09-09 00:00:00,7852,0,2026-09-17 15:08:17,2026-09-17 15:08:17
1349,2023-09-10 00:00:00,4999,0,2026-09-17 15:08:17,2026-09-17 15:08:17
1350,2023-09-11 00:00:00,5116,0,2026-09-17 15:08:17,2026-09-17 15:08:17
1351,2023-09-12 00:00:00,7050,0,2026-09-17 15:08:17,2026-09-17 15:08:17
1352,2023-09-13 00:00:00,4269,0,2026-09-17 15:08:17,2026-09-17 15:08:17
1353,2023-09-14 00:00:00,7392,0,2026-09-17 15:08:17,2026-09-17 15:08:17
1354,2023-09-15 00:00:00,7954,0,2026-09-17 15:08:17,2026-09-17 15:08:17
1355,2023-09-16 00:00:00,4825,0,2026-09-17 15:08:17,2026-09-17 15:08:17
1356,2023-09-17 00:00:00,9083,0,2026-09-17 15:08:17,2026-09-17 15:08:17
1357,2023-09-18 00:00:00,6879,0,2026-09-17 15:08:17,2026-09-17 15:08:17
1358,2023-09-19 00:00:00,4794,0,2026-09-17 15:08:17,2026-09-17 15:08:17
1359,2023-09-20 00:00:00,7549,0,2026-09-17 15:08:17,2026-09-17 15:08:17
1360,2023-09-21 00:00:00,7484,0,2026-09-17 15:08:17,2026-09-17 15:08:17
1361,2023-09-22 00:00:00,2974,0,2026-09-17 15:08:17,2026-09-17 15:08:17
1362,2023-09-23 00:00:00,11854,0,2026-09-17 15:08:17,2026-09-17 15:08:17
1363,2023-09-24 00:00:00,4294,0,2026-09-17 15:08:17,2026-09-17 15:08:17
1364,2023-09-25 00:00:00,12007,0,2026-09-17 15:08:17,2026-09-17 15:08:17
1365,2023-09-26 00:00:00,7326,0,2026-09-17 15:08:17,2026-09-17 15:08:17
1366,2023-09-27 00:00:00,31347,0,2026-09-17 15:08:17,2026-09-17 15:08:17
1367,2023-09-28 00:00:00,8272,0,2026-09-17 15:08:17,2026-09-17 15:08:17
1368,2023-09-29 00:00:00,4292,0,2026-09-17 15:08:17,2026-09-17 15:08:17
1369,2023-09-30 00:00:00,6292,0,2026-09-17 15:08:17,2026-09-17 15:08:17
1370,2023-10-01 00:00:00,3418,0,2026-09-17 15:08:17,2026-09-17 15:08:17
1371,2023-10-02 00:00:00,2043,0,2026-09-17 15:08:17,2026-09-17 15:08:17
1372,2023-10-03 00:00:00,40651,0,2026-09-17 15:08:17,2026-09-17 15:08:17
1373,2023-10-04 00:00:00,3391,0,2026-09-17 15:08:17,2026-09-17 15:08:17
1374,2023-10-05 00:00:00,3203,0,2026-09-17 15:08:17,2026-09-17 15:08:17
1375,2023-10-06 00:00:00,4246,0,2026-09-17 15:08:17,2026-09-17 15:08:17
1376,2023-10-07 00:00:00,5175,0,2026-09-17 15:08:17,2026-09-17 15:08:17
1377,2023-10-08 00:00:00,7610,0,2026-09-17 15:08:17,2026-09-17 15:08:17
1378,2023-10-09 00:00:00,5459,0,2026-09-17 15:08:17,2026-09-17 15:08:17
1379,2023-10-10 00:00:00,5507,0,2026-09-17 15:08:17,2026-09-17 15:08:17
1380,2023-10-11 00:00:00,7499,0,2026-09-17 15:08:17,2026-09-17 15:08:17
1381,2023-10-12 00:00:00,6208,0,2026-09-17 15:08:17,2026-09-17 15:08:17
1382,2023-10-13 00:00:00,3780,0,2026-09-17 15:08:17,2026-09-17 15:08:17
1383,2023-10-14 00:00:00,6772,0,2026-09-17 15:08:17,2026-09-17 15:08:17
1384,2023-10-15 00:00:00,17459,0,2026-09-17 15:08:17,2026-09-17 15:08:17
1385,2023-10-16 00:00:00,5958,0,2026-09-17 15:08:17,2026-09-17 15:08:17
1386,2023-10-17 00:00:00,9739,0,2026-09-17 15:08:17,2026-09-17 15:08:17
1387,2023-10-18 00:00:00,6892,0,2026-09-17 15:08:17,2026-09-17 15:08:17
1388,2023-10-19 00:00:00,6764,0,2026-09-17 15:08:17,2026-09-17 15:08:17
1389,2023-10-20 00:00:00,6801,0,2026-09-17 15:08:17,2026-09-17 15:08:17
1390,2023-10-21 00:00:00,5286,0,2026-09-17 15:08:17,2026-09-17 15:08:17
1391,2023-10-22 00:00:00,6342,0,2026-09-17 15:08:17,2026-09-17 15:08:17
1392,2023-10-23 00:00:00,6363,0,2026-09-17 15:08:17,2026-09-17 15:08:17
1393,2023-10-24 00:00:00,5434,0,2026-09-17 15:08:17,2026-09-17 15:08:17
1394,2023-10-25 00:00:00,9484,0,2026-09-17 15:08:17,2026-09-17 15:08:17
1395,2023-10-26 00:00:00,6771,0,2026-09-17 15:08:17,2026-09-17 15:08:17
1396,2023-10-27 00:00:00,10522,0,2026-09-17 15:08:17,2026-09-17 15:08:17
1397,2023-10-28 00:00:00,40183,0,2026-09-17 15:08:17,2026-09-17 15:08:17
1398,2023-10-29 00:00:00,9573,0,2026-09-17 15:08:17,2026-09-17 15:08:17
1399,2023-10-30 00:00:00,1534,0,2026-09-17 15:08:17,2026-09-17 15:08:17
1400,2023-10-31 00:00:00,5384,0,2026-09-17 15:08:17,2026-09-17 15:08:17
1401,2023-11-01 00:00:00,642,0,2026-09-17 15:08:17,2026-09-17 15:08:17
1402,2023-11-02 00:00:00,2270,0,2026-09-17 15:08:17,2026-09-17 15:08:17
1403,2023-11-03 00:00:00,3425,0,2026-09-17 15:08:17,2026-09-17 15:08:17
1404,2023-11-04 00:00:00,7693,0,2026-09-17 15:08:17,2026-09-17 15:08:17
1405,2023-11-05 00:00:00,6147,0,2026-09-17 15:08:17,2026-09-17 15:08:17
1406,2023-11-06 00:00:00,6579,0,2026-09-17 15:08:17,2026-09-17 15:08:17
1407,2023-11-07 00:00:00,7766,0,2026-09-17 15:08:17,2026-09-17 15:08:17
1408,2023-11-08 00:00:00,5248,0,2026-09-17 15:08:17,2026-09-17 15:08:17
1409,2023-11-09 00:00:00,6881,0,2026-09-17 15:08:17,2026-09-17 15:08:17
1410,2023-11-10 00:00:00,5039,0,2026-09-17 15:08:18,2026-09-17 15:08:18
1411,2023-11-11 00:00:00,17213,0,2026-09-17 15:08:18,2026-09-17 15:08:18
1412,2023-11-12 00:00:00,5401,0,2026-09-17 15:08:18,2026-09-17 15:08:18
1413,2023-11-13 00:00:00,3585,0,2026-09-17 15:08:18,2026-09-17 15:08:18
1414,2023-11-14 00:00:00,7146,0,2026-09-17 15:08:18,2026-09-17 15:08:18
1415,2023-11-15 00:00:00,3083,0,2026-09-17 15:08:18,2026-09-17 15:08:18
1416,2023-11-16 00:00:00,2613,0,2026-09-17 15:08:18,2026-09-17 15:08:18
1417,2023-11-17 00:00:00,4320,0,2026-09-17 15:08:18,2026-09-17 15:08:18
1418,2023-11-18 00:00:00,3287,0,2026-09-17 15:08:18,2026-09-17 15:08:18
1419,2023-11-19 00:00:00,1536,0,2026-09-17 15:08:18,2026-09-17 15:08:18
1420,2023-11-20 00:00:00,3705,0,2026-09-17 15:08:18,2026-09-17 15:08:18
1421,2023-11-21 00:00:00,1534,0,2026-09-17 15:08:18,2026-09-17 15:08:18
1422,2023-11-22 00:00:00,8144,0,2026-09-17 15:08:18,2026-09-17 15:08:18
1423,2023-11-23 00:00:00,3624,0,2026-09-17 15:08:18,2026-09-17 15:08:18
1424,2023-11-24 00:00:00,6384,0,2026-09-17 15:08:18,2026-09-17 15:08:18
1425,2023-11-25 00:00:00,5116,0,2026-09-17 15:08:18,2026-09-17 15:08:18
1426,2023-11-26 00:00:00,11516,0,2026-09-17 15:08:18,2026-09-17 15:08:18
1427,2023-11-27 00:00:00,38199,0,2026-09-17 15:08:18,2026-09-17 15:08:18
1428,2023-11-28 00:00:00,4369,0,2026-09-17 15:08:18,2026-09-17 15:08:18
1429,2023-11-29 00:00:00,5377,0,2026-09-17 15:08:18,2026-09-17 15:08:18
1430,2023-11-30 00:00:00,4820,0,2026-09-17 15:08:18,2026-09-17 15:08:18
1431,2023-12-01 00:00:00,8081,0,2026-09-17 15:08:18,2026-09-17 15:08:18
1432,2023-12-02 00:00:00,5741,0,2026-09-17 15:08:18,2026-09-17 15:08:18
1433,2023-12-03 00:00:00,7825,0,2026-09-17 15:08:18,2026-09-17 15:08:18
1434,2023-12-04 00:00:00,6680,0,2026-09-17 15:08:18,2026-09-17 15:08:18
1435,2023-12-05 00:00:00,10004,0,2026-09-17 15:08:18,2026-09-17 15:08:18
1436,2023-12-06 00:00:00,20478,0,2026-09-17 15:08:18,2026-09-17 15:08:18
1437,2023-12-07 00:00:00,6813,0,2026-09-17 15:08:18,2026-09-17 15:08:18
1438,2023-12-08 00:00:00,8165,0,2026-09-17 15:08:18,2026-09-17 15:08:18
1439,2023-12-09 00:00:00,8171,0,2026-09-17 15:08:18,2026-09-17 15:08:18
1440,2023-12-10 00:00:00,6766,0,2026-09-17 15:08:18,2026-09-17 15:08:18
1441,2023-12-11 00:00:00,11653,0,2026-09-17 15:08:18,2026-09-17 15:08:18
1442,2023-12-12 00:00:00,8081,0,2026-09-17 15:08:18,2026-09-17 15:08:18
1443,2023-12-13 00:00:00,6725,0,2026-09-17 15:08:18,2026-09-17 15:08:18
1444,2023-12-14 00:00:00,6909,0,2026-09-17 15:08:18,2026-09-17 15:08:18
1445,2023-12-15 00:00:00,6574,0,2026-09-17 15:08:18,2026-09-17 15:08:18
1446,2023-12-16 00:00:00,6867,0,2026-09-17 15:08:18,2026-09-17 15:08:18
1447,2023-12-17 00:00:00,3867,0,2026-09-17 15:08:18,2026-09-17 15:08:18
1448,2023-12-18 00:00:00,4736,0,2026-09-17 15:08:18,2026-09-17 15:08:18
1449,2023-12-19 00:00:00,9295,0,2026-09-17 15:08:18,2026-09-17 15:08:18
1450,2023-12-20 00:00:00,30344,0,2026-09-17 15:08:18,2026-09-17 15:08:18
1451,2023-12-21 00:00:00,9222,0,2026-09-17 15:08:18,2026-09-17 15:08:18
1452,2023-12-22 00:00:00,8251,0,2026-09-17 15:08:18,2026-09-17 15:08:18
1453,2023-12-23 00:00:00,9059,0,2026-09-17 15:08:18,2026-09-17 15:08:18
1454,2023-12-24 00:00:00,42431,0,2026-09-17 15:08:18,2026-09-17 15:08:18
1455,2023-12-25 00:00:00,180,0,2026-09-17 15:08:18,2026-09-17 15:08:18
1456,2023-12-26 00:00:00,3769,0,2026-09-17 15:08:18,2026-09-17 15:08:18
1457,2023-12-27 00:00:00,4675,0,2026-09-17 15:08:18,2026-09-17 15:08:18
1458,2023-12-28 00:00:00,11245,0,2026-09-17 15:08:18,2026-09-17 15:08:18
1459,2023-12-29 00:00:00,6064,0,2026-09-17 15:08:18,2026-09-17 15:08:18
1460,2023-12-30 00:00:00,5498,0,2026-09-17 15:08:18,2026-09-17 15:08:18
1461,2023-12-31 00:00:00,3938,0,2026-09-17 15:08:18,2026-09-17 15:08:18
1462,2024-01-01 00:00:00,1313,0,2026-09-17 15:08:18,2026-09-17 15:08:18
1463,2024-01-02 00:00:00,2099,0,2026-09-17 15:08:18,2026-09-17 15:08:18
1464,2024-01-03 00:00:00,6105,0,2026-09-17 15:08:18,2026-09-17 15:08:18
1465,2024-01-04 00:00:00,6507,0,2026-09-17 15:08:18,2026-09-17 15:08:18
1466,2024-01-05 00:00:00,8154,0,2026-09-17 15:08:18,2026-09-17 15:08:18
1467,2024-01-06 00:00:00,19076,0,2026-09-17 15:08:18,2026-09-17 15:08:18
1468,2024-01-07 00:00:00,7725,0,2026-09-17 15:08:18,2026-09-17 15:08:18
1469,2024-01-08 00:00:00,11631,0,2026-09-17 15:08:18,2026-09-17 15:08:18
1470,2024-01-09 00:00:00,7826,0,2026-09-17 15:08:18,2026-09-17 15:08:18
1471,2024-01-10 00:00:00,9338,0,2026-09-17 15:08:18,2026-09-17 15:08:18
1472,2024-01-11 00:00:00,6851,0,2026-09-17 15:08:18,2026-09-17 15:08:18
1473,2024-01-12 00:00:00,13189,0,2026-09-17 15:08:18,2026-09-17 15:08:18
1474,2024-01-13 00:00:00,7560,0,2026-09-17 15:08:18,2026-09-17 15:08:18
1475,2024-01-14 00:00:00,4289,0,2026-09-17 15:08:18,2026-09-17 15:08:18
1476,2024-01-15 00:00:00,4387,0,2026-09-17 15:08:18,2026-09-17 15:08:18
1477,2024-01-16 00:00:00,3102,0,2026-09-17 15:08:18,2026-09-17 15:08:18
1478,2024-01-17 00:00:00,5510,0,2026-09-17 15:08:18,2026-09-17 15:08:18
1479,2024-01-18 00:00:00,3722,0,2026-09-17 15:08:18,2026-09-17 15:08:18
1480,2024-01-19 00:00:00,4928,0,2026-09-17 15:08:18,2026-09-17 15:08:18
1481,2024-01-20 00:00:00,8682,0,2026-09-17 15:08:18,2026-09-17 15:08:18
1482,2024-01-21 00:00:00,9217,0,2026-09-17 15:08:18,2026-09-17 15:08:18
1483,2024-01-22 00:00:00,5544,0,2026-09-17 15:08:18,2026-09-17 15:08:18
1484,2024-01-23 00:00:00,3960,0,2026-09-17 15:08:18,2026-09-17 15:08:18
1485,2024-01-24 00:00:00,9565,0,2026-09-17 15:08:18,2026-09-17 15:08:18
1486,2024-01-25 00:00:00,3883,0,2026-09-17 15:08:18,2026-09-17 15:08:18
1487,2024-01-26 00:00:00,4616,0,2026-09-17 15:08:18,2026-09-17 15:08:18
1488,2024-01-27 00:00:00,23341,0,2026-09-17 15:08:18,2026-09-17 15:08:18
1489,2024-01-28 00:00:00,5411,0,2026-09-17 15:08:18,2026-09-17 15:08:18
1490,2024-01-29 00:00:00,6216,0,2026-09-17 15:08:18,2026-09-17 15:08:18
1491,2024-01-30 00:00:00,9585,0,2026-09-17 15:08:18,2026-09-17 15:08:18
1492,2024-01-31 00:00:00,10136,0,2026-09-17 15:08:18,2026-09-17 15:08:18
1493,2024-02-01 00:00:00,4015,0,2026-09-17 15:08:18,2026-09-17 15:08:18
1494,2024-02-02 00:00:00,70930,0,2026-09-17 15:08:18,2026-09-17 15:08:18
1495,2024-02-03 00:00:00,13786,0,2026-09-17 15:08:18,2026-09-17 15:08:18
1496,2024-02-04 00:00:00,10300,0,2026-09-17 15:08:18,2026-09-17 15:08:18
1497,2024-02-05 00:00:00,4664,0,2026-09-17 15:08:18,2026-09-17 15:08:18
1498,2024-02-06 00:00:00,7208,0,2026-09-17 15:08:18,2026-09-17 15:08:18
1499,2024-02-07 00:00:00,4736,0,2026-09-17 15:08:18,2026-09-17 15:08:18
1500,2024-02-08 00:00:00,6878,0,2026-09-17 15:08:18,2026-09-17 15:08:18
1501,2024-02-09 00:00:00,8383,0,2026-09-17 15:08:18,2026-09-17 15:08:18
1502,2024-02-10 00:00:00,10149,0,2026-09-17 15:08:18,2026-09-17 15:08:18
1503,2024-02-11 00:00:00,7273,0,2026-09-17 15:08:18,2026-09-17 15:08:18
1504,2024-02-12 00:00:00,4558,0,2026-09-17 15:08:18,2026-09-17 15:08:18
1505,2024-02-13 00:00:00,2677,0,2026-09-17 15:08:18,2026-09-17 15:08:18
1506,2024-02-14 00:00:00,4342,0,2026-09-17 15:08:18,2026-09-17 15:08:18
1507,2024-02-15 00:00:00,4971,0,2026-09-17 15:08:18,2026-09-17 15:08:18
1508,2024-02-16 00:00:00,7649,0,2026-09-17 15:08:18,2026-09-17 15:08:18
1509,2024-02-17 00:00:00,4119,0,2026-09-17 15:08:18,2026-09-17 15:08:18
1510,2024-02-18 00:00:00,6143,0,2026-09-17 15:08:18,2026-09-17 15:08:18
1511,2024-02-19 00:00:00,5679,0,2026-09-17 15:08:18,2026-09-17 15:08:18
1512,2024-02-20 00:00:00,4871,0,2026-09-17 15:08:18,2026-09-17 15:08:18
1513,2024-02-21 00:00:00,5694,0,2026-09-17 15:08:18,2026-09-17 15:08:18
1514,2024-02-22 00:00:00,5982,0,2026-09-17 15:08:18,2026-09-17 15:08:18
1515,2024-02-23 00:00:00,5299,0,2026-09-17 15:08:18,2026-09-17 15:08:18
1516,2024-02-24 00:00:00,5868,0,2026-09-17 15:08:18,2026-09-17 15:08:18
1517,2024-02-25 00:00:00,12883,0,2026-09-17 15:08:18,2026-09-17 15:08:18
1518,2024-02-26 00:00:00,10470,0,2026-09-17 15:08:18,2026-09-17 15:08:18
1519,2024-02-27 00:00:00,5377,0,2026-09-17 15:08:18,2026-09-17 15:08:18
1520,2024-02-28 00:00:00,29282,0,2026-09-17 15:08:18,2026-09-17 15:08:18
1521,2024-02-29 00:00:00,0,0,2026-09-17 15:08:18,2026-09-17 15:08:18
1522,2024-03-01 00:00:00,7064,0,2026-09-17 15:08:18,2026-09-17 15:08:18
1523,2024-03-02 00:00:00,6221,0,2026-09-17 15:08:18,2026-09-17 15:08:18
1524,2024-03-03 00:00:00,7554,0,2026-09-17 15:08:18,2026-09-17 15:08:18
1525,2024-03-04 00:00:00,5779,0,2026-09-17 15:08:18,2026-09-17 15:08:18
1526,2024-03-05 00:00:00,8248,0,2026-09-17 15:08:18,2026-09-17 15:08:18
1527,2024-03-06 00:00:00,7261,0,2026-09-17 15:08:18,2026-09-17 15:08:18
1528,2024-03-07 00:00:00,7109,0,2026-09-17 15:08:18,2026-09-17 15:08:18
1529,2024-03-08 00:00:00,6982,0,2026-09-17 15:08:18,2026-09-17 15:08:18
1530,2024-03-09 00:00:00,4617,0,2026-09-17 15:08:18,2026-09-17 15:08:18
1531,2024-03-10 00:00:00,3296,0,2026-09-17 15:08:18,2026-09-17 15:08:18
1532,2024-03-11 00:00:00,5814,0,2026-09-17 15:08:18,2026-09-17 15:08:18
1533,2024-03-12 00:00:00,5929,0,2026-09-17 15:08:18,2026-09-17 15:08:18
1534,2024-03-13 00:00:00,4379,0,2026-09-17 15:08:18,2026-09-17 15:08:18
1535,2024-03-14 00:00:00,4821,0,2026-09-17 15:08:18,2026-09-17 15:08:18
1536,2024-03-15 00:00:00,6951,0,2026-09-17 15:08:18,2026-09-17 15:08:18
1537,2024-03-16 00:00:00,6644,0,2026-09-17 15:08:18,2026-09-17 15:08:18
1538,2024-03-17 00:00:00,5262,0,2026-09-17 15:08:18,2026-09-17 15:08:18
1539,2024-03-18 00:00:00,3820,0,2026-09-17 15:08:18,2026-09-17 15:08:18
1540,2024-03-19 00:00:00,16846,0,2026-09-17 15:08:18,2026-09-17 15:08:18
1541,2024-03-20 00:00:00,4212,0,2026-09-17 15:08:18,2026-09-17 15:08:18
1542,2024-03-21 00:00:00,4733,0,2026-09-17 15:08:18,2026-09-17 15:08:18
1543,2024-03-22 00:00:00,4739,0,2026-09-17 15:08:18,2026-09-17 15:08:18
1544,2024-03-23 00:00:00,6116,0,2026-09-17 15:08:18,2026-09-17 15:08:18
1545,2024-03-24 00:00:00,7584,0,2026-09-17 15:08:18,2026-09-17 15:08:18
1546,2024-03-25 00:00:00,4958,0,2026-09-17 15:08:18,2026-09-17 15:08:18
1547,2024-03-26 00:00:00,9309,0,2026-09-17 15:08:18,2026-09-17 15:08:18
1548,2024-03-27 00:00:00,10471,0,2026-09-17 15:08:18,2026-09-17 15:08:18
1549,2024-03-28 00:00:00,10416,0,2026-09-17 15:08:18,2026-09-17 15:08:18
1550,2024-03-29 00:00:00,14700,0,2026-09-17 15:08:18,2026-09-17 15:08:18
1551,2024-03-30 00:00:00,52991,0,2026-09-17 15:08:18,2026-09-17 15:08:18
1552,2024-03-31 00:00:00,6031,0,2026-09-17 15:08:18,2026-09-17 15:08:18
1553,2024-04-01 00:00:00,6258,0,2026-09-17 15:08:18,2026-09-17 15:08:18
1554,2024-04-02 00:00:00,7248,0,2026-09-17 15:08:18,2026-09-17 15:08:18
1555,2024-04-03 00:00:00,4450,0,2026-09-17 15:08:18,2026-09-17 15:08:18
1556,2024-04-04 00:00:00,7272,0,2026-09-17 15:08:18,2026-09-17 15:08:18
1557,2024-04-05 00:00:00,7504,0,2026-09-17 15:08:18,2026-09-17 15:08:18
1558,2024-04-06 00:00:00,4911,0,2026-09-17 15:08:18,2026-09-17 15:08:18
1559,2024-04-07 00:00:00,11987,0,2026-09-17 15:08:18,2026-09-17 15:08:18
1560,2024-04-08 00:00:00,9349,0,2026-09-17 15:08:18,2026-09-17 15:08:18
1561,2024-04-09 00:00:00,8468,0,2026-09-17 15:08:18,2026-09-17 15:08:18
1562,2024-04-10 00:00:00,10610,0,2026-09-17 15:08:18,2026-09-17 15:08:18
1563,2024-04-11 00:00:00,8631,0,2026-09-17 15:08:18,2026-09-17 15:08:18
1564,2024-04-12 00:00:00,2941,0,2026-09-17 15:08:18,2026-09-17 15:08:18
1565,2024-04-13 00:00:00,4856,0,2026-09-17 15:08:18,2026-09-17 15:08:18
1566,2024-04-14 00:00:00,11374,0,2026-09-17 15:08:18,2026-09-17 15:08:18
1567,2024-04-15 00:00:00,1345,0,2026-09-17 15:08:18,2026-09-17 15:08:18
1568,2024-04-16 00:00:00,4583,0,2026-09-17 15:08:18,2026-09-17 15:08:18
1569,2024-04-17 00:00:00,5817,0,2026-09-17 15:08:18,2026-09-17 15:08:18
1570,2024-04-18 00:00:00,20044,0,2026-09-17 15:08:18,2026-09-17 15:08:18
1571,2024-04-19 00:00:00,7261,0,2026-09-17 15:08:18,2026-09-17 15:08:18
1572,2024-04-20 00:00:00,4107,0,2026-09-17 15:08:18,2026-09-17 15:08:18
1573,2024-04-21 00:00:00,4209,0,2026-09-17 15:08:18,2026-09-17 15:08:18
1574,2024-04-22 00:00:00,8868,0,2026-09-17 15:08:18,2026-09-17 15:08:18
1575,2024-04-23 00:00:00,6943,0,2026-09-17 15:08:18,2026-09-17 15:08:18
1576,2024-04-24 00:00:00,6888,0,2026-09-17 15:08:18,2026-09-17 15:08:18
1577,2024-04-25 00:00:00,12766,0,2026-09-17 15:08:18,2026-09-17 15:08:18
1578,2024-04-26 00:00:00,6876,0,2026-09-17 15:08:18,2026-09-17 15:08:18
1579,2024-04-27 00:00:00,51788,0,2026-09-17 15:08:18,2026-09-17 15:08:18
1580,2024-04-28 00:00:00,10519,0,2026-09-17 15:08:18,2026-09-17 15:08:18
1581,2024-04-29 00:00:00,6429,0,2026-09-17 15:08:18,2026-09-17 15:08:18
1582,2024-04-30 00:00:00,7434,0,2026-09-17 15:08:18,2026-09-17 15:08:18
1583,2024-05-01 00:00:00,14963,0,2026-09-17 15:08:18,2026-09-17 15:08:18
1584,2024-05-02 00:00:00,7026,0,2026-09-17 15:08:18,2026-09-17 15:08:18
1585,2024-05-03 00:00:00,7437,0,2026-09-17 15:08:18,2026-09-17 15:08:18
1586,2024-05-04 00:00:00,8687,0,2026-09-17 15:08:18,2026-09-17 15:08:18
1587,2024-05-05 00:00:00,6599,0,2026-09-17 15:08:18,2026-09-17 15:08:18
1588,2024-05-06 00:00:00,10008,0,2026-09-17 15:08:18,2026-09-17 15:08:18
1589,2024-05-07 00:00:00,11730,0,2026-09-17 15:08:18,2026-09-17 15:08:18
1590,2024-05-08 00:00:00,5284,0,2026-09-17 15:08:18,2026-09-17 15:08:18
1591,2024-05-09 00:00:00,2369,0,2026-09-17 15:08:18,2026-09-17 15:08:18
1592,2024-05-10 00:00:00,2650,0,2026-09-17 15:08:18,2026-09-17 15:08:18
1593,2024-05-11 00:00:00,5536,0,2026-09-17 15:08:18,2026-09-17 15:08:18
1594,2024-05-12 00:00:00,7957,0,2026-09-17 15:08:18,2026-09-17 15:08:18
1595,2024-05-13 00:00:00,5149,0,2026-09-17 15:08:18,2026-09-17 15:08:18
1596,2024-05-14 00:00:00,8667,0,2026-09-17 15:08:18,2026-09-17 15:08:18
1597,2024-05-15 00:00:00,6323,0,2026-09-17 15:08:18,2026-09-17 15:08:18
1598,2024-05-16 00:00:00,5029,0,2026-09-17 15:08:18,2026-09-17 15:08:18
1599,2024-05-17 00:00:00,5920,0,2026-09-17 15:08:18,2026-09-17 15:08:18
1600,2024-05-18 00:00:00,6770,0,2026-09-17 15:08:18,2026-09-17 15:08:18
1601,2024-05-19 00:00:00,6039,0,2026-09-17 15:08:18,2026-09-17 15:08:18
1602,2024-05-20 00:00:00,5039,0,2026-09-17 15:08:18,2026-09-17 15:08:18
1603,2024-05-21 00:00:00,7608,0,2026-09-17 15:08:18,2026-09-17 15:08:18
1604,2024-05-22 00:00:00,5552,0,2026-09-17 15:08:18,2026-09-17 15:08:18
1605,2024-05-23 00:00:00,10745,0,2026-09-17 15:08:18,2026-09-17 15:08:18
1606,2024-05-24 00:00:00,5844,0,2026-09-17 15:08:18,2026-09-17 15:08:18
1607,2024-05-25 00:00:00,7470,0,2026-09-17 15:08:18,2026-09-17 15:08:18
1608,2024-05-26 00:00:00,5837,0,2026-09-17 15:08:18,2026-09-17 15:08:18
1609,2024-05-27 00:00:00,14549,0,2026-09-17 15:08:18,2026-09-17 15:08:18
1610,2024-05-28 00:00:00,5488,0,2026-09-17 15:08:18,2026-09-17 15:08:18
1611,2024-05-29 00:00:00,71928,0,2026-09-17 15:08:18,2026-09-17 15:08:18
1612,2024-05-30 00:00:00,10624,0,2026-09-17 15:08:18,2026-09-17 15:08:18
1613,2024-05-31 00:00:00,6193,0,2026-09-17 15:08:18,2026-09-17 15:08:18
1614,2024-06-01 00:00:00,6507,0,2026-09-17 15:08:18,2026-09-17 15:08:18
1615,2024-06-02 00:00:00,7015,0,2026-09-17 15:08:18,2026-09-17 15:08:18
1616,2024-06-03 00:00:00,5815,0,2026-09-17 15:08:18,2026-09-17 15:08:18
1617,2024-06-04 00:00:00,4690,0,2026-09-17 15:08:18,2026-09-17 15:08:18
1618,2024-06-05 00:00:00,11423,0,2026-09-17 15:08:18,2026-09-17 15:08:18
1619,2024-06-06 00:00:00,7000,0,2026-09-17 15:08:18,2026-09-17 15:08:18
1620,2024-06-07 00:00:00,9775,0,2026-09-17 15:08:18,2026-09-17 15:08:18
1621,2024-06-08 00:00:00,10144,0,2026-09-17 15:08:18,2026-09-17 15:08:18
1622,2024-06-09 00:00:00,10073,0,2026-09-17 15:08:18,2026-09-17 15:08:18
1623,2024-06-10 00:00:00,6298,0,2026-09-17 15:08:18,2026-09-17 15:08:18
1624,2024-06-11 00:00:00,5543,0,2026-09-17 15:08:18,2026-09-17 15:08:18
1625,2024-06-12 00:00:00,3937,0,2026-09-17 15:08:18,2026-09-17 15:08:18
1626,2024-06-13 00:00:00,4848,0,2026-09-17 15:08:18,2026-09-17 15:08:18
1627,2024-06-14 00:00:00,4743,0,2026-09-17 15:08:18,2026-09-17 15:08:18
1628,2024-06-15 00:00:00,4740,0,2026-09-17 15:08:18,2026-09-17 15:08:18
1629,2024-06-16 00:00:00,5338,0,2026-09-17 15:08:18,2026-09-17 15:08:18
1630,2024-06-17 00:00:00,5976,0,2026-09-17 15:08:18,2026-09-17 15:08:18
1631,2024-06-18 00:00:00,4882,0,2026-09-17 15:08:18,2026-09-17 15:08:18
1632,2024-06-19 00:00:00,7194,0,2026-09-17 15:08:18,2026-09-17 15:08:18
1633,2024-06-20 00:00:00,8985,0,2026-09-17 15:08:18,2026-09-17 15:08:18
1634,2024-06-21 00:00:00,4828,0,2026-09-17 15:08:18,2026-09-17 15:08:18
1635,2024-06-22 00:00:00,6080,0,2026-09-17 15:08:18,2026-09-17 15:08:18
1636,2024-06-23 00:00:00,9671,0,2026-09-17 15:08:18,2026-09-17 15:08:18
1637,2024-06-24 00:00:00,7409,0,2026-09-17 15:08:18,2026-09-17 15:08:18
1638,2024-06-25 00:00:00,20261,0,2026-09-17 15:08:18,2026-09-17 15:08:18
1639,2024-06-26 00:00:00,6472,0,2026-09-17 15:08:18,2026-09-17 15:08:18
1640,2024-06-27 00:00:00,5146,0,2026-09-17 15:08:18,2026-09-17 15:08:18
1641,2024-06-28 00:00:00,8246,0,2026-09-17 15:08:18,2026-09-17 15:08:18
1642,2024-06-29 00:00:00,37050,0,2026-09-17 15:08:18,2026-09-17 15:08:18
1643,2024-06-30 00:00:00,8695,0,2026-09-17 15:08:18,2026-09-17 15:08:18
1644,2024-07-01 00:00:00,4619,0,2026-09-17 15:08:18,2026-09-17 15:08:18
1645,2024-07-02 00:00:00,4423,0,2026-09-17 15:08:18,2026-09-17 15:08:18
1646,2024-07-03 00:00:00,4549,0,2026-09-17 15:08:18,2026-09-17 15:08:18
1647,2024-07-04 00:00:00,5873,0,2026-09-17 15:08:18,2026-09-17 15:08:18
1648,2024-07-05 00:00:00,12661,0,2026-09-17 15:08:18,2026-09-17 15:08:18
1649,2024-07-06 00:00:00,5772,0,2026-09-17 15:08:18,2026-09-17 15:08:18
1650,2024-07-07 00:00:00,5540,0,2026-09-17 15:08:18,2026-09-17 15:08:18
1651,2024-07-08 00:00:00,5214,0,2026-09-17 15:08:18,2026-09-17 15:08:18
1652,2024-07-09 00:00:00,9519,0,2026-09-17 15:08:18,2026-09-17 15:08:18
1653,2024-07-10 00:00:00,4867,0,2026-09-17 15:08:18,2026-09-17 15:08:18
1654,2024-07-11 00:00:00,13755,0,2026-09-17 15:08:18,2026-09-17 15:08:18
1655,2024-07-12 00:00:00,6456,0,2026-09-17 15:08:18,2026-09-17 15:08:18
1656,2024-07-13 00:00:00,12705,0,2026-09-17 15:08:18,2026-09-17 15:08:18
1657,2024-07-14 00:00:00,5395,0,2026-09-17 15:08:18,2026-09-17 15:08:18
1658,2024-07-15 00:00:00,6246,0,2026-09-17 15:08:18,2026-09-17 15:08:18
1659,2024-07-16 00:00:00,5305,0,2026-09-17 15:08:18,2026-09-17 15:08:18
1660,2024-07-17 00:00:00,6665,0,2026-09-17 15:08:18,2026-09-17 15:08:18
1661,2024-07-18 00:00:00,7065,0,2026-09-17 15:08:18,2026-09-17 15:08:18
1662,2024-07-19 00:00:00,6899,0,2026-09-17 15:08:18,2026-09-17 15:08:18
1663,2024-07-20 00:00:00,9685,0,2026-09-17 15:08:18,2026-09-17 15:08:18
1664,2024-07-21 00:00:00,13382,0,2026-09-17 15:08:18,2026-09-17 15:08:18
1665,2024-07-22 00:00:00,6544,0,2026-09-17 15:08:18,2026-09-17 15:08:18
1666,2024-07-23 00:00:00,8059,0,2026-09-17 15:08:18,2026-09-17 15:08:18
1667,2024-07-24 00:00:00,9335,0,2026-09-17 15:08:18,2026-09-17 15:08:18
1668,2024-07-25 00:00:00,11872,0,2026-09-17 15:08:18,2026-09-17 15:08:18
1669,2024-07-26 00:00:00,11033,0,2026-09-17 15:08:18,2026-09-17 15:08:18
1670,2024-07-27 00:00:00,10609,0,2026-09-17 15:08:18,2026-09-17 15:08:18
1671,2024-07-28 00:00:00,7419,0,2026-09-17 15:08:18,2026-09-17 15:08:18
1672,2024-07-29 00:00:00,42687,0,2026-09-17 15:08:18,2026-09-17 15:08:18
1673,2024-07-30 00:00:00,4766,0,2026-09-17 15:08:18,2026-09-17 15:08:18
1674,2024-07-31 00:00:00,3866,0,2026-09-17 15:08:18,2026-09-17 15:08:18
1675,2024-08-01 00:00:00,4980,0,2026-09-17 15:08:18,2026-09-17 15:08:18
1676,2024-08-02 00:00:00,10902,0,2026-09-17 15:08:18,2026-09-17 15:08:18
1677,2024-08-03 00:00:00,6163,0,2026-09-17 15:08:18,2026-09-17 15:08:18
1678,2024-08-04 00:00:00,9200,0,2026-09-17 15:08:18,2026-09-17 15:08:18
1679,2024-08-05 00:00:00,6450,0,2026-09-17 15:08:18,2026-09-17 15:08:18
1680,2024-08-06 00:00:00,5372,0,2026-09-17 15:08:18,2026-09-17 15:08:18
1681,2024-08-07 00:00:00,8677,0,2026-09-17 15:08:18,2026-09-17 15:08:18
1682,2024-08-08 00:00:00,3363,0,2026-09-17 15:08:18,2026-09-17 15:08:18
1683,2024-08-09 00:00:00,3446,0,2026-09-17 15:08:18,2026-09-17 15:08:18
1684,2024-08-10 00:00:00,3265,0,2026-09-17 15:08:18,2026-09-17 15:08:18
1685,2024-08-11 00:00:00,4817,0,2026-09-17 15:08:18,2026-09-17 15:08:18
1686,2024-08-12 00:00:00,6853,0,2026-09-17 15:08:18,2026-09-17 15:08:18
1687,2024-08-13 00:00:00,7022,0,2026-09-17 15:08:18,2026-09-17 15:08:18
1688,2024-08-14 00:00:00,5447,0,2026-09-17 15:08:18,2026-09-17 15:08:18
1689,2024-08-15 00:00:00,6473,0,2026-09-17 15:08:18,2026-09-17 15:08:18
1690,2024-08-16 00:00:00,6802,0,2026-09-17 15:08:18,2026-09-17 15:08:18
1691,2024-08-17 00:00:00,5580,0,2026-09-17 15:08:18,2026-09-17 15:08:18
1692,2024-08-18 00:00:00,5586,0,2026-09-17 15:08:18,2026-09-17 15:08:18
1693,2024-08-19 00:00:00,8368,0,2026-09-17 15:08:18,2026-09-17 15:08:18
1694,2024-08-20 00:00:00,8149,0,2026-09-17 15:08:18,2026-09-17 15:08:18
1695,2024-08-21 00:00:00,8658,0,2026-09-17 15:08:18,2026-09-17 15:08:18
1696,2024-08-22 00:00:00,4183,0,2026-09-17 15:08:18,2026-09-17 15:08:18
1697,2024-08-23 00:00:00,2607,0,2026-09-17 15:08:18,2026-09-17 15:08:18
1698,2024-08-24 00:00:00,4995,0,2026-09-17 15:08:18,2026-09-17 15:08:18
1699,2024-08-25 00:00:00,13561,0,2026-09-17 15:08:18,2026-09-17 15:08:18
1700,2024-08-26 00:00:00,5296,0,2026-09-17 15:08:18,2026-09-17 15:08:18
1701,2024-08-27 00:00:00,8041,0,2026-09-17 15:08:18,2026-09-17 15:08:18
1702,2024-08-28 00:00:00,7260,0,2026-09-17 15:08:18,2026-09-17 15:08:18
1703,2024-08-29 00:00:00,55749,0,2026-09-17 15:08:18,2026-09-17 15:08:18
1704,2024-08-30 00:00:00,2953,0,2026-09-17 15:08:18,2026-09-17 15:08:18
1705,2024-08-31 00:00:00,7378,0,2026-09-17 15:08:18,2026-09-17 15:08:18
1706,2024-09-01 00:00:00,6274,0,2026-09-17 15:08:18,2026-09-17 15:08:18
1707,2024-09-02 00:00:00,1433,0,2026-09-17 15:08:18,2026-09-17 15:08:18
1708,2024-09-03 00:00:00,2247,0,2026-09-17 15:08:18,2026-09-17 15:08:18
1709,2024-09-04 00:00:00,5804,0,2026-09-17 15:08:18,2026-09-17 15:08:18
1710,2024-09-05 00:00:00,6041,0,2026-09-17 15:08:18,2026-09-17 15:08:18
1711,2024-09-06 00:00:00,3809,0,2026-09-17 15:08:18,2026-09-17 15:08:18
1712,2024-09-07 00:00:00,9859,0,2026-09-17 15:08:18,2026-09-17 15:08:18
1713,2024-09-08 00:00:00,7295,0,2026-09-17 15:08:18,2026-09-17 15:08:18
1714,2024-09-09 00:00:00,8524,0,2026-09-17 15:08:18,2026-09-17 15:08:18
1715,2024-09-10 00:00:00,4814,0,2026-09-17 15:08:18,2026-09-17 15:08:18
1716,2024-09-11 00:00:00,3931,0,2026-09-17 15:08:18,2026-09-17 15:08:18
1717,2024-09-12 00:00:00,4299,0,2026-09-17 15:08:18,2026-09-17 15:08:18
1718,2024-09-13 00:00:00,3937,0,2026-09-17 15:08:18,2026-09-17 15:08:18
1719,2024-09-14 00:00:00,3772,0,2026-09-17 15:08:18,2026-09-17 15:08:18
1720,2024-09-15 00:00:00,3065,0,2026-09-17 15:08:18,2026-09-17 15:08:18
1721,2024-09-16 00:00:00,2983,0,2026-09-17 15:08:18,2026-09-17 15:08:18
1722,2024-09-17 00:00:00,1908,0,2026-09-17 15:08:18,2026-09-17 15:08:18
1723,2024-09-18 00:00:00,4963,0,2026-09-17 15:08:18,2026-09-17 15:08:18
1724,2024-09-19 00:00:00,4908,0,2026-09-17 15:08:18,2026-09-17 15:08:18
1725,2024-09-20 00:00:00,6800,0,2026-09-17 15:08:18,2026-09-17 15:08:18
1726,2024-09-21 00:00:00,24703,0,2026-09-17 15:08:18,2026-09-17 15:08:18
1727,2024-09-22 00:00:00,11459,0,2026-09-17 15:08:18,2026-09-17 15:08:18
1728,2024-09-23 00:00:00,7216,0,2026-09-17 15:08:18,2026-09-17 15:08:18
1729,2024-09-24 00:00:00,4830,0,2026-09-17 15:08:18,2026-09-17 15:08:18
1730,2024-09-25 00:00:00,2659,0,2026-09-17 15:08:18,2026-09-17 15:08:18
1731,2024-09-26 00:00:00,820,0,2026-09-17 15:08:18,2026-09-17 15:08:18
1732,2024-09-27 00:00:00,12032,0,2026-09-17 15:08:18,2026-09-17 15:08:18
1733,2024-09-28 00:00:00,4051,0,2026-09-17 15:08:18,2026-09-17 15:08:18
1734,2024-09-29 00:00:00,9868,0,2026-09-17 15:08:18,2026-09-17 15:08:18
1735,2024-09-30 00:00:00,21157,0,2026-09-17 15:08:18,2026-09-17 15:08:18
1736,2024-10-01 00:00:00,6855,0,2026-09-17 15:08:18,2026-09-17 15:08:18
1737,2024-10-02 00:00:00,5051,0,2026-09-17 15:08:18,2026-09-17 15:08:18
1738,2024-10-03 00:00:00,4012,0,2026-09-17 15:08:18,2026-09-17 15:08:18
1739,2024-10-04 00:00:00,3484,0,2026-09-17 15:08:18,2026-09-17 15:08:18
1740,2024-10-05 00:00:00,5944,0,2026-09-17 15:08:18,2026-09-17 15:08:18
1741,2024-10-06 00:00:00,4337,0,2026-09-17 15:08:18,2026-09-17 15:08:18
1742,2024-10-07 00:00:00,5548,0,2026-09-17 15:08:18,2026-09-17 15:08:18
1743,2024-10-08 00:00:00,6427,0,2026-09-17 15:08:18,2026-09-17 15:08:18
1744,2024-10-09 00:00:00,5155,0,2026-09-17 15:08:18,2026-09-17 15:08:18
1745,2024-10-10 00:00:00,4277,0,2026-09-17 15:08:18,2026-09-17 15:08:18
1746,2024-10-11 00:00:00,3969,0,2026-09-17 15:08:18,2026-09-17 15:08:18
1747,2024-10-12 00:00:00,4015,0,2026-09-17 15:08:18,2026-09-17 15:08:18
1748,2024-10-13 00:00:00,3492,0,2026-09-17 15:08:18,2026-09-17 15:08:18
1749,2024-10-14 00:00:00,3251,0,2026-09-17 15:08:18,2026-09-17 15:08:18
1750,2024-10-15 00:00:00,3516,0,2026-09-17 15:08:18,2026-09-17 15:08:18
1751,2024-10-16 00:00:00,3945,0,2026-09-17 15:08:18,2026-09-17 15:08:18
1752,2024-10-17 00:00:00,4309,0,2026-09-17 15:08:18,2026-09-17 15:08:18
1753,2024-10-18 00:00:00,6474,0,2026-09-17 15:08:18,2026-09-17 15:08:18
1754,2024-10-19 00:00:00,8984,0,2026-09-17 15:08:18,2026-09-17 15:08:18
1755,2024-10-20 00:00:00,8624,0,2026-09-17 15:08:18,2026-09-17 15:08:18
1756,2024-10-21 00:00:00,7761,0,2026-09-17 15:08:18,2026-09-17 15:08:18
1757,2024-10-22 00:00:00,7721,0,2026-09-17 15:08:18,2026-09-17 15:08:18
1758,2024-10-23 00:00:00,8822,0,2026-09-17 15:08:18,2026-09-17 15:08:18
1759,2024-10-24 00:00:00,6107,0,2026-09-17 15:08:18,2026-09-17 15:08:18
1760,2024-10-25 00:00:00,9230,0,2026-09-17 15:08:18,2026-09-17 15:08:18
1761,2024-10-26 00:00:00,2802,0,2026-09-17 15:08:18,2026-09-17 15:08:18
1762,2024-10-27 00:00:00,1860,0,2026-09-17 15:08:18,2026-09-17 15:08:18
1763,2024-10-28 00:00:00,1071,0,2026-09-17 15:08:18,2026-09-17 15:08:18
1764,2024-10-29 00:00:00,502,0,2026-09-17 15:08:18,2026-09-17 15:08:18
1765,2024-10-30 00:00:00,1385,0,2026-09-17 15:08:18,2026-09-17 15:08:18
1766,2024-10-31 00:00:00,8045,0,2026-09-17 15:08:18,2026-09-17 15:08:18
1767,2024-11-01 00:00:00,2884,0,2026-09-17 15:08:18,2026-09-17 15:08:18
1768,2024-11-02 00:00:00,3336,0,2026-09-17 15:08:18,2026-09-17 15:08:18
1769,2024-11-03 00:00:00,9288,0,2026-09-17 15:08:18,2026-09-17 15:08:18
1770,2024-11-04 00:00:00,6984,0,2026-09-17 15:08:18,2026-09-17 15:08:18
1771,2024-11-05 00:00:00,9049,0,2026-09-17 15:08:18,2026-09-17 15:08:18
1772,2024-11-06 00:00:00,25740,0,2026-09-17 15:08:18,2026-09-17 15:08:18
1773,2024-11-07 00:00:00,6223,0,2026-09-17 15:08:18,2026-09-17 15:08:18
1774,2024-11-08 00:00:00,5863,0,2026-09-17 15:08:18,2026-09-17 15:08:18
1775,2024-11-09 00:00:00,4016,0,2026-09-17 15:08:18,2026-09-17 15:08:18
1776,2024-11-10 00:00:00,5469,0,2026-09-17 15:08:18,2026-09-17 15:08:18
1777,2024-11-11 00:00:00,5957,0,2026-09-17 15:08:18,2026-09-17 15:08:18
1778,2024-11-12 00:00:00,6227,0,2026-09-17 15:08:18,2026-09-17 15:08:18
1779,2024-11-13 00:00:00,7467,0,2026-09-17 15:08:18,2026-09-17 15:08:18
1780,2024-11-14 00:00:00,5849,0,2026-09-17 15:08:18,2026-09-17 15:08:18
1781,2024-11-15 00:00:00,7216,0,2026-09-17 15:08:18,2026-09-17 15:08:18
1782,2024-11-16 00:00:00,14815,0,2026-09-17 15:08:18,2026-09-17 15:08:18
1783,2024-11-17 00:00:00,8692,0,2026-09-17 15:08:18,2026-09-17 15:08:18
1784,2024-11-18 00:00:00,16367,0,2026-09-17 15:08:18,2026-09-17 15:08:18
1785,2024-11-19 00:00:00,7136,0,2026-09-17 15:08:18,2026-09-17 15:08:18
1786,2024-11-20 00:00:00,9319,0,2026-09-17 15:08:18,2026-09-17 15:08:18
1787,2024-11-21 00:00:00,13973,0,2026-09-17 15:08:18,2026-09-17 15:08:18
1788,2024-11-22 00:00:00,12229,0,2026-09-17 15:08:18,2026-09-17 15:08:18
1789,2024-11-23 00:00:00,6052,0,2026-09-17 15:08:18,2026-09-17 15:08:18
1790,2024-11-24 00:00:00,7140,0,2026-09-17 15:08:18,2026-09-17 15:08:18
1791,2024-11-25 00:00:00,6529,0,2026-09-17 15:08:18,2026-09-17 15:08:18
1792,2024-11-26 00:00:00,9322,0,2026-09-17 15:08:18,2026-09-17 15:08:18
1793,2024-11-27 00:00:00,9499,0,2026-09-17 15:08:18,2026-09-17 15:08:18
1794,2024-11-28 00:00:00,8602,0,2026-09-17 15:08:18,2026-09-17 15:08:18
1795,2024-11-29 00:00:00,27272,0,2026-09-17 15:08:18,2026-09-17 15:08:18
1796,2024-11-30 00:00:00,10869,0,2026-09-17 15:08:18,2026-09-17 15:08:18
1797,2024-12-01 00:00:00,4435,0,2026-09-17 15:08:18,2026-09-17 15:08:18
1798,2024-12-02 00:00:00,14891,0,2026-09-17 15:08:18,2026-09-17 15:08:18
1799,2024-12-03 00:00:00,6205,0,2026-09-17 15:08:18,2026-09-17 15:08:18
1800,2024-12-04 00:00:00,7585,0,2026-09-17 15:08:18,2026-09-17 15:08:18
1801,2024-12-05 00:00:00,8222,0,2026-09-17 15:08:18,2026-09-17 15:08:18
1802,2024-12-06 00:00:00,7411,0,2026-09-17 15:08:18,2026-09-17 15:08:18
1803,2024-12-07 00:00:00,5528,0,2026-09-17 15:08:18,2026-09-17 15:08:18
1804,2024-12-08 00:00:00,6940,0,2026-09-17 15:08:18,2026-09-17 15:08:18
1805,2024-12-09 00:00:00,7274,0,2026-09-17 15:08:18,2026-09-17 15:08:18
1806,2024-12-10 00:00:00,5269,0,2026-09-17 15:08:18,2026-09-17 15:08:18
1807,2024-12-11 00:00:00,5191,0,2026-09-17 15:08:18,2026-09-17 15:08:18
1808,2024-12-12 00:00:00,5630,0,2026-09-17 15:08:18,2026-09-17 15:08:18
1809,2024-12-13 00:00:00,4714,0,2026-09-17 15:08:18,2026-09-17 15:08:18
1810,2024-12-14 00:00:00,5293,0,2026-09-17 15:08:18,2026-09-17 15:08:18
1811,2024-12-15 00:00:00,7274,0,2026-09-17 15:08:18,2026-09-17 15:08:18
1812,2024-12-16 00:00:00,6806,0,2026-09-17 15:08:18,2026-09-17 15:08:18
1813,2024-12-17 00:00:00,7855,0,2026-09-17 15:08:18,2026-09-17 15:08:18
1814,2024-12-18 00:00:00,6703,0,2026-09-17 15:08:18,2026-09-17 15:08:18
1815,2024-12-19 00:00:00,4118,0,2026-09-17 15:08:18,2026-09-17 15:08:18
1816,2024-12-20 00:00:00,6947,0,2026-09-17 15:08:18,2026-09-17 15:08:18
1817,2024-12-21 00:00:00,9121,0,2026-09-17 15:08:18,2026-09-17 15:08:18
1818,2024-12-22 00:00:00,11764,0,2026-09-17 15:08:18,2026-09-17 15:08:18
1819,2024-12-23 00:00:00,5961,0,2026-09-17 15:08:18,2026-09-17 15:08:18
1820,2024-12-24 00:00:00,2190,0,2026-09-17 15:08:18,2026-09-17 15:08:18
1821,2024-12-25 00:00:00,50,0,2026-09-17 15:08:18,2026-09-17 15:08:18
1822,2024-12-26 00:00:00,2868,0,2026-09-17 15:08:18,2026-09-17 15:08:18
1823,2024-12-27 00:00:00,9874,0,2026-09-17 15:08:18,2026-09-17 15:08:18
1824,2024-12-28 00:00:00,5820,0,2026-09-17 15:08:18,2026-09-17 15:08:18
1825,2024-12-29 00:00:00,20103,0,2026-09-17 15:08:18,2026-09-17 15:08:18
1826,2024-12-30 00:00:00,4170,0,2026-09-17 15:08:18,2026-09-17 15:08:18
1827,2024-12-31 00:00:00,4587,0,2026-09-17 15:08:18,2026-09-17 15:08:18
1828,2025-01-01 00:00:00,1120,0,2026-09-17 15:08:18,2026-09-17 15:08:18
1829,2025-01-02 00:00:00,4485,0,2026-09-17 15:08:18,2026-09-17 15:08:18
1830,2025-01-03 00:00:00,7593,0,2026-09-17 15:08:18,2026-09-17 15:08:18
1831,2025-01-04 00:00:00,2328,0,2026-09-17 15:08:18,2026-09-17 15:08:18
1832,2025-01-05 00:00:00,6852,0,2026-09-17 15:08:18,2026-09-17 15:08:18
1833,2025-01-06 00:00:00,7280,0,2026-09-17 15:08:18,2026-09-17 15:08:18
1834,2025-01-07 00:00:00,11482,0,2026-09-17 15:08:18,2026-09-17 15:08:18
1835,2025-01-08 00:00:00,3936,0,2026-09-17 15:08:18,2026-09-17 15:08:18
1836,2025-01-09 00:00:00,5882,0,2026-09-17 15:08:18,2026-09-17 15:08:18
1837,2025-01-10 00:00:00,6425,0,2026-09-17 15:08:18,2026-09-17 15:08:18
1838,2025-01-11 00:00:00,4858,0,2026-09-17 15:08:18,2026-09-17 15:08:18
1839,2025-01-12 00:00:00,3143,0,2026-09-17 15:08:18,2026-09-17 15:08:18
1840,2025-01-13 00:00:00,4360,0,2026-09-17 15:08:18,2026-09-17 15:08:18
1841,2025-01-14 00:00:00,4056,0,2026-09-17 15:08:18,2026-09-17 15:08:18
1842,2025-01-15 00:00:00,4340,0,2026-09-17 15:08:18,2026-09-17 15:08:18
1843,2025-01-16 00:00:00,9380,0,2026-09-17 15:08:18,2026-09-17 15:08:18
1844,2025-01-17 00:00:00,4931,0,2026-09-17 15:08:18,2026-09-17 15:08:18
1845,2025-01-18 00:00:00,7339,0,2026-09-17 15:08:18,2026-09-17 15:08:18
1846,2025-01-19 00:00:00,3663,0,2026-09-17 15:08:18,2026-09-17 15:08:18
1847,2025-01-20 00:00:00,1933,0,2026-09-17 15:08:18,2026-09-17 15:08:18
1848,2025-01-21 00:00:00,4027,0,2026-09-17 15:08:18,2026-09-17 15:08:18
1849,2025-01-22 00:00:00,4248,0,2026-09-17 15:08:18,2026-09-17 15:08:18
1850,2025-01-23 00:00:00,8722,0,2026-09-17 15:08:18,2026-09-17 15:08:18
1851,2025-01-24 00:00:00,11511,0,2026-09-17 15:08:18,2026-09-17 15:08:18
1852,2025-01-25 00:00:00,4944,0,2026-09-17 15:08:18,2026-09-17 15:08:18
1853,2025-01-26 00:00:00,41678,0,2026-09-17 15:08:18,2026-09-17 15:08:18
1854,2025-01-27 00:00:00,2067,0,2026-09-17 15:08:18,2026-09-17 15:08:18
1855,2025-01-28 00:00:00,1361,0,2026-09-17 15:08:18,2026-09-17 15:08:18
1856,2025-01-29 00:00:00,1970,0,2026-09-17 15:08:18,2026-09-17 15:08:18
1857,2025-01-30 00:00:00,5286,0,2026-09-17 15:08:18,2026-09-17 15:08:18
1858,2025-01-31 00:00:00,3098,0,2026-09-17 15:08:18,2026-09-17 15:08:18
1859,2025-02-01 00:00:00,7176,0,2026-09-17 15:08:18,2026-09-17 15:08:18
1860,2025-02-02 00:00:00,9016,0,2026-09-17 15:08:18,2026-09-17 15:08:18
1861,2025-02-03 00:00:00,11050,0,2026-09-17 15:08:18,2026-09-17 15:08:18
1862,2025-02-04 00:00:00,3389,0,2026-09-17 15:08:18,2026-09-17 15:08:18
1863,2025-02-05 00:00:00,3437,0,2026-09-17 15:08:18,2026-09-17 15:08:18
1864,2025-02-06 00:00:00,10391,0,2026-09-17 15:08:18,2026-09-17 15:08:18
1865,2025-02-07 00:00:00,7538,0,2026-09-17 15:08:18,2026-09-17 15:08:18
1866,2025-02-08 00:00:00,15862,0,2026-09-17 15:08:18,2026-09-17 15:08:18
1867,2025-02-09 00:00:00,9586,0,2026-09-17 15:08:18,2026-09-17 15:08:18
1868,2025-02-10 00:00:00,7215,0,2026-09-17 15:08:18,2026-09-17 15:08:18
1869,2025-02-11 00:00:00,8176,0,2026-09-17 15:08:18,2026-09-17 15:08:18
1870,2025-02-12 00:00:00,8640,0,2026-09-17 15:08:18,2026-09-17 15:08:18
1871,2025-02-13 00:00:00,6032,0,2026-09-17 15:08:18,2026-09-17 15:08:18
1872,2025-02-14 00:00:00,5462,0,2026-09-17 15:08:18,2026-09-17 15:08:18
1873,2025-02-15 00:00:00,3938,0,2026-09-17 15:08:18,2026-09-17 15:08:18
1874,2025-02-16 00:00:00,3192,0,2026-09-17 15:08:18,2026-09-17 15:08:18
1875,2025-02-17 00:00:00,2575,0,2026-09-17 15:08:18,2026-09-17 15:08:18
1876,2025-02-18 00:00:00,2113,0,2026-09-17 15:08:18,2026-09-17 15:08:18
1877,2025-02-19 00:00:00,3702,0,2026-09-17 15:08:18,2026-09-17 15:08:18
1878,2025-02-20 00:00:00,7018,0,2026-09-17 15:08:18,2026-09-17 15:08:18
1879,2025-02-21 00:00:00,4640,0,2026-09-17 15:08:18,2026-09-17 15:08:18
1880,2025-02-22 00:00:00,5083,0,2026-09-17 15:08:18,2026-09-17 15:08:18
1881,2025-02-23 00:00:00,5316,0,2026-09-17 15:08:18,2026-09-17 15:08:18
1882,2025-02-24 00:00:00,10963,0,2026-09-17 15:08:18,2026-09-17 15:08:18
1883,2025-02-25 00:00:00,4340,0,2026-09-17 15:08:18,2026-09-17 15:08:18
1884,2025-02-26 00:00:00,9744,0,2026-09-17 15:08:18,2026-09-17 15:08:18
1885,2025-02-27 00:00:00,6187,0,2026-09-17 15:08:18,2026-09-17 15:08:18
1886,2025-02-28 00:00:00,4704,0,2026-09-17 15:08:18,2026-09-17 15:08:18
1887,2025-03-01 00:00:00,4208,0,2026-09-17 15:08:18,2026-09-17 15:08:18
1888,2025-03-02 00:00:00,5807,0,2026-09-17 15:08:18,2026-09-17 15:08:18
1889,2025-03-03 00:00:00,3916,0,2026-09-17 15:08:18,2026-09-17 15:08:18
1890,2025-03-04 00:00:00,3441,0,2026-09-17 15:08:18,2026-09-17 15:08:18
1891,2025-03-05 00:00:00,22554,0,2026-09-17 15:08:18,2026-09-17 15:08:18
1892,2025-03-06 00:00:00,20878,0,2026-09-17 15:08:18,2026-09-17 15:08:18
1893,2025-03-07 00:00:00,3058,0,2026-09-17 15:08:18,2026-09-17 15:08:18
1894,2025-03-08 00:00:00,3084,0,2026-09-17 15:08:18,2026-09-17 15:08:18
1895,2025-03-09 00:00:00,4710,0,2026-09-17 15:08:18,2026-09-17 15:08:18
1896,2025-03-10 00:00:00,13391,0,2026-09-17 15:08:18,2026-09-17 15:08:18
1897,2025-03-11 00:00:00,7256,0,2026-09-17 15:08:18,2026-09-17 15:08:18
1898,2025-03-12 00:00:00,5980,0,2026-09-17 15:08:18,2026-09-17 15:08:18
1899,2025-03-13 00:00:00,31633,0,2026-09-17 15:08:18,2026-09-17 15:08:18
1900,2025-03-14 00:00:00,4692,0,2026-09-17 15:08:18,2026-09-17 15:08:18
1901,2025-03-15 00:00:00,6551,0,2026-09-17 15:08:18,2026-09-17 15:08:18
1902,2025-03-16 00:00:00,6455,0,2026-09-17 15:08:18,2026-09-17 15:08:18
1903,2025-03-17 00:00:00,5461,0,2026-09-17 15:08:18,2026-09-17 15:08:18
1904,2025-03-18 00:00:00,6439,0,2026-09-17 15:08:18,2026-09-17 15:08:18
1905,2025-03-19 00:00:00,7849,0,2026-09-17 15:08:18,2026-09-17 15:08:18
1906,2025-03-20 00:00:00,8577,0,2026-09-17 15:08:18,2026-09-17 15:08:18
1907,2025-03-21 00:00:00,7153,0,2026-09-17 15:08:18,2026-09-17 15:08:18
1908,2025-03-22 00:00:00,4394,0,2026-09-17 15:08:18,2026-09-17 15:08:18
1909,2025-03-23 00:00:00,10028,0,2026-09-17 15:08:18,2026-09-17 15:08:18
1910,2025-03-24 00:00:00,9960,0,2026-09-17 15:08:18,2026-09-17 15:08:18
1911,2025-03-25 00:00:00,11873,0,2026-09-17 15:08:18,2026-09-17 15:08:18
1912,2025-03-26 00:00:00,7526,0,2026-09-17 15:08:18,2026-09-17 15:08:18
1913,2025-03-27 00:00:00,9390,0,2026-09-17 15:08:18,2026-09-17 15:08:18
1914,2025-03-28 00:00:00,18164,0,2026-09-17 15:08:18,2026-09-17 15:08:18
1915,2025-03-29 00:00:00,32982,0,2026-09-17 15:08:18,2026-09-17 15:08:18
1916,2025-03-30 00:00:00,11938,0,2026-09-17 15:08:18,2026-09-17 15:08:18
1917,2025-03-31 00:00:00,15260,0,2026-09-17 15:08:18,2026-09-17 15:08:18
1918,2025-04-01 00:00:00,7176,0,2026-09-17 15:08:18,2026-09-17 15:08:18
1919,2025-04-02 00:00:00,5404,0,2026-09-17 15:08:18,2026-09-17 15:08:18
1920,2025-04-03 00:00:00,7029,0,2026-09-17 15:08:18,2026-09-17 15:08:18
1921,2025-04-04 00:00:00,8962,0,2026-09-17 15:08:18,2026-09-17 15:08:18
1922,2025-04-05 00:00:00,12379,0,2026-09-17 15:08:18,2026-09-17 15:08:18
1923,2025-04-06 00:00:00,6751,0,2026-09-17 15:08:18,2026-09-17 15:08:18
1924,2025-04-07 00:00:00,450,0,2026-09-17 15:08:18,2026-09-17 15:08:18
1925,2025-04-08 00:00:00,3520,0,2026-09-17 15:08:18,2026-09-17 15:08:18
1926,2025-04-09 00:00:00,5712,0,2026-09-17 15:08:18,2026-09-17 15:08:18
1927,2025-04-10 00:00:00,7554,0,2026-09-17 15:08:18,2026-09-17 15:08:18
1928,2025-04-11 00:00:00,2862,0,2026-09-17 15:08:18,2026-09-17 15:08:18
1929,2025-04-12 00:00:00,3452,0,2026-09-17 15:08:18,2026-09-17 15:08:18
1930,2025-04-13 00:00:00,828,0,2026-09-17 15:08:18,2026-09-17 15:08:18
1931,2025-04-14 00:00:00,6401,0,2026-09-17 15:08:18,2026-09-17 15:08:18
1932,2025-04-15 00:00:00,5660,0,2026-09-17 15:08:18,2026-09-17 15:08:18
1933,2025-04-16 00:00:00,11150,0,2026-09-17 15:08:18,2026-09-17 15:08:18
1934,2025-04-17 00:00:00,13528,0,2026-09-17 15:08:18,2026-09-17 15:08:18
1935,2025-04-18 00:00:00,33216,0,2026-09-17 15:08:18,2026-09-17 15:08:18
1936,2025-04-19 00:00:00,13191,0,2026-09-17 15:08:18,2026-09-17 15:08:18
1937,2025-04-20 00:00:00,14371,0,2026-09-17 15:08:18,2026-09-17 15:08:18
1938,2025-04-21 00:00:00,8969,0,2026-09-17 15:08:18,2026-09-17 15:08:18
1939,2025-04-22 00:00:00,10284,0,2026-09-17 15:08:18,2026-09-17 15:08:18
1940,2025-04-23 00:00:00,8747,0,2026-09-17 15:08:18,2026-09-17 15:08:18
1941,2025-04-24 00:00:00,13875,0,2026-09-17 15:08:18,2026-09-17 15:08:18
1942,2025-04-25 00:00:00,7884,0,2026-09-17 15:08:18,2026-09-17 15:08:18
1943,2025-04-26 00:00:00,7798,0,2026-09-17 15:08:18,2026-09-17 15:08:18
1944,2025-04-27 00:00:00,7896,0,2026-09-17 15:08:18,2026-09-17 15:08:18
1945,2025-04-28 00:00:00,18724,0,2026-09-17 15:08:18,2026-09-17 15:08:18
1946,2025-04-29 00:00:00,13336,0,2026-09-17 15:08:18,2026-09-17 15:08:18
1947,2025-04-30 00:00:00,9125,0,2026-09-17 15:08:18,2026-09-17 15:08:18
1948,2025-05-01 00:00:00,29433,0,2026-09-17 15:08:18,2026-09-17 15:08:18
1949,2025-05-02 00:00:00,11965,0,2026-09-17 15:08:18,2026-09-17 15:08:18
1950,2025-05-03 00:00:00,6333,0,2026-09-17 15:08:18,2026-09-17 15:08:18
1951,2025-05-04 00:00:00,5517,0,2026-09-17 15:08:18,2026-09-17 15:08:18
1952,2025-05-05 00:00:00,3139,0,2026-09-17 15:08:18,2026-09-17 15:08:18
1953,2025-05-06 00:00:00,3902,0,2026-09-17 15:08:18,2026-09-17 15:08:18
1954,2025-05-07 00:00:00,7824,0,2026-09-17 15:08:18,2026-09-17 15:08:18
1955,2025-05-08 00:00:00,6923,0,2026-09-17 15:08:18,2026-09-17 15:08:18
1956,2025-05-09 00:00:00,10792,0,2026-09-17 15:08:18,2026-09-17 15:08:18
1957,2025-05-10 00:00:00,4106,0,2026-09-17 15:08:18,2026-09-17 15:08:18
1958,2025-05-11 00:00:00,7510,0,2026-09-17 15:08:18,2026-09-17 15:08:18
1959,2025-05-12 00:00:00,12498,0,2026-09-17 15:08:18,2026-09-17 15:08:18
1960,2025-05-13 00:00:00,7386,0,2026-09-17 15:08:18,2026-09-17 15:08:18
1961,2025-05-14 00:00:00,6979,0,2026-09-17 15:08:18,2026-09-17 15:08:18
1962,2025-05-15 00:00:00,9362,0,2026-09-17 15:08:18,2026-09-17 15:08:18
1963,2025-05-16 00:00:00,8769,0,2026-09-17 15:08:18,2026-09-17 15:08:18
1964,2025-05-17 00:00:00,6297,0,2026-09-17 15:08:18,2026-09-17 15:08:18
1965,2025-05-18 00:00:00,6843,0,2026-09-17 15:08:18,2026-09-17 15:08:18
1966,2025-05-19 00:00:00,7754,0,2026-09-17 15:08:18,2026-09-17 15:08:18
1967,2025-05-20 00:00:00,10088,0,2026-09-17 15:08:18,2026-09-17 15:08:18
1968,2025-05-21 00:00:00,8041,0,2026-09-17 15:08:18,2026-09-17 15:08:18
1969,2025-05-22 00:00:00,12000,0,2026-09-17 15:08:18,2026-09-17 15:08:18
1970,2025-05-23 00:00:00,18949,0,2026-09-17 15:08:18,2026-09-17 15:08:18
1971,2025-05-24 00:00:00,56413,0,2026-09-17 15:08:18,2026-09-17 15:08:18
1972,2025-05-25 00:00:00,8468,0,2026-09-17 15:08:18,2026-09-17 15:08:18
1973,2025-05-26 00:00:00,5587,0,2026-09-17 15:08:18,2026-09-17 15:08:18
1974,2025-05-27 00:00:00,5046,0,2026-09-17 15:08:18,2026-09-17 15:08:18
1975,2025-05-28 00:00:00,2548,0,2026-09-17 15:08:18,2026-09-17 15:08:18
1976,2025-05-29 00:00:00,1960,0,2026-09-17 15:08:18,2026-09-17 15:08:18
1977,2025-05-30 00:00:00,2880,0,2026-09-17 15:08:18,2026-09-17 15:08:18
1978,2025-05-31 00:00:00,1720,0,2026-09-17 15:08:18,2026-09-17 15:08:18
1979,2025-06-01 00:00:00,1198,0,2026-09-17 15:08:18,2026-09-17 15:08:18
1980,2025-06-02 00:00:00,5264,0,2026-09-17 15:08:18,2026-09-17 15:08:18
1981,2025-06-03 00:00:00,3841,0,2026-09-17 15:08:18,2026-09-17 15:08:18
1982,2025-06-04 00:00:00,7321,0,2026-09-17 15:08:18,2026-09-17 15:08:18
1983,2025-06-05 00:00:00,9633,0,2026-09-17 15:08:18,2026-09-17 15:08:18
1984,2025-06-06 00:00:00,8137,0,2026-09-17 15:08:18,2026-09-17 15:08:18
1985,2025-06-07 00:00:00,6647,0,2026-09-17 15:08:18,2026-09-17 15:08:18
1986,2025-06-08 00:00:00,6962,0,2026-09-17 15:08:18,2026-09-17 15:08:18
1987,2025-06-09 00:00:00,9952,0,2026-09-17 15:08:18,2026-09-17 15:08:18
1988,2025-06-10 00:00:00,4762,0,2026-09-17 15:08:18,2026-09-17 15:08:18
1989,2025-06-11 00:00:00,4525,0,2026-09-17 15:08:18,2026-09-17 15:08:18
1990,2025-06-12 00:00:00,3504,0,2026-09-17 15:08:18,2026-09-17 15:08:18
1991,2025-06-13 00:00:00,13777,0,2026-09-17 15:08:18,2026-09-17 15:08:18
1992,2025-06-14 00:00:00,11785,0,2026-09-17 15:08:18,2026-09-17 15:08:18
1993,2025-06-15 00:00:00,13450,0,2026-09-17 15:08:18,2026-09-17 15:08:18
1994,2025-06-16 00:00:00,10228,0,2026-09-17 15:08:18,2026-09-17 15:08:18
1995,2025-06-17 00:00:00,8906,0,2026-09-17 15:08:18,2026-09-17 15:08:18
1996,2025-06-18 00:00:00,10984,0,2026-09-17 15:08:18,2026-09-17 15:08:18
1997,2025-06-19 00:00:00,5226,0,2026-09-17 15:08:18,2026-09-17 15:08:18
1998,2025-06-20 00:00:00,6280,0,2026-09-17 15:08:18,2026-09-17 15:08:18
1999,2025-06-21 00:00:00,6781,0,2026-09-17 15:08:18,2026-09-17 15:08:18
2000,2025-06-22 00:00:00,7118,0,2026-09-17 15:08:18,2026-09-17 15:08:18
2001,2025-06-23 00:00:00,11837,0,2026-09-17 15:08:18,2026-09-17 15:08:18
2002,2025-06-24 00:00:00,26527.25,0,2026-09-17 15:08:18,2026-09-17 15:08:18
2003,2025-06-25 00:00:00,7999,0,2026-09-17 15:08:18,2026-09-17 15:08:18
2004,2025-06-26 00:00:00,5832,0,2026-09-17 15:08:18,2026-09-17 15:08:18
2005,2025-06-27 00:00:00,5757,0,2026-09-17 15:08:18,2026-09-17 15:08:18
2006,2025-06-28 00:00:00,9195,0,2026-09-17 15:08:18,2026-09-17 15:08:18
2007,2025-06-29 00:00:00,6321,0,2026-09-17 15:08:18,2026-09-17 15:08:18
2008,2025-06-30 00:00:00,39737,0,2026-09-17 15:08:18,2026-09-17 15:08:18
2009,2025-07-01 00:00:00,5437,0,2026-09-17 15:08:18,2026-09-17 15:08:18
2010,2025-07-02 00:00:00,6196,0,2026-09-17 15:08:18,2026-09-17 15:08:18
2011,2025-07-03 00:00:00,2975,0,2026-09-17 15:08:18,2026-09-17 15:08:18
2012,2025-07-04 00:00:00,14338,0,2026-09-17 15:08:18,2026-09-17 15:08:18
2013,2025-07-05 00:00:00,12629,0,2026-09-17 15:08:18,2026-09-17 15:08:18
2014,2025-07-06 00:00:00,6374,0,2026-09-17 15:08:18,2026-09-17 15:08:18
2015,2025-07-07 00:00:00,5965,0,2026-09-17 15:08:18,2026-09-17 15:08:18
2016,2025-07-08 00:00:00,6017,0,2026-09-17 15:08:18,2026-09-17 15:08:18
2017,2025-07-09 00:00:00,6735,0,2026-09-17 15:08:18,2026-09-17 15:08:18
2018,2025-07-10 00:00:00,11145,0,2026-09-17 15:08:18,2026-09-17 15:08:18
2019,2025-07-11 00:00:00,8500,0,2026-09-17 15:08:18,2026-09-17 15:08:18
2020,2025-07-12 00:00:00,4807,0,2026-09-17 15:08:18,2026-09-17 15:08:18
2021,2025-07-13 00:00:00,5512,0,2026-09-17 15:08:18,2026-09-17 15:08:18
2022,2025-07-14 00:00:00,2327,0,2026-09-17 15:08:18,2026-09-17 15:08:18
2023,2025-07-15 00:00:00,3346,0,2026-09-17 15:08:18,2026-09-17 15:08:18
2024,2025-07-16 00:00:00,3982,0,2026-09-17 15:08:18,2026-09-17 15:08:18
2025,2025-07-17 00:00:00,2924,0,2026-09-17 15:08:18,2026-09-17 15:08:18
2026,2025-07-18 00:00:00,5915,0,2026-09-17 15:08:18,2026-09-17 15:08:18
2027,2025-07-19 00:00:00,10987,0,2026-09-17 15:08:18,2026-09-17 15:08:18
2028,2025-07-20 00:00:00,10726,0,2026-09-17 15:08:18,2026-09-17 15:08:18
2029,2025-07-21 00:00:00,8206,0,2026-09-17 15:08:18,2026-09-17 15:08:18
2030,2025-07-22 00:00:00,4839,0,2026-09-17 15:08:18,2026-09-17 15:08:18
2031,2025-07-23 00:00:00,3662,0,2026-09-17 15:08:18,2026-09-17 15:08:18
2032,2025-07-24 00:00:00,3262,0,2026-09-17 15:08:18,2026-09-17 15:08:18
2033,2025-07-25 00:00:00,42965,0,2026-09-17 15:08:18,2026-09-17 15:08:18
2034,2025-07-26 00:00:00,742,0,2026-09-17 15:08:18,2026-09-17 15:08:18
2035,2025-07-27 00:00:00,871,0,2026-09-17 15:08:18,2026-09-17 15:08:18
2036,2025-07-28 00:00:00,10289,0,2026-09-17 15:08:18,2026-09-17 15:08:18
2037,2025-07-29 00:00:00,2048,0,2026-09-17 15:08:18,2026-09-17 15:08:18
2038,2025-07-30 00:00:00,12366,0,2026-09-17 15:08:18,2026-09-17 15:08:18
2039,2025-07-31 00:00:00,3095,0,2026-09-17 15:08:18,2026-09-17 15:08:18
2040,2025-08-01 00:00:00,4184,0,2026-09-17 15:08:18,2026-09-17 15:08:18
2041,2025-08-02 00:00:00,4062,0,2026-09-17 15:08:18,2026-09-17 15:08:18
2042,2025-08-03 00:00:00,1398,0,2026-09-17 15:08:18,2026-09-17 15:08:18
2043,2025-08-04 00:00:00,3799,0,2026-09-17 15:08:18,2026-09-17 15:08:18
2044,2025-08-05 00:00:00,4628,0,2026-09-17 15:08:18,2026-09-17 15:08:18
2045,2025-08-06 00:00:00,4432,0,2026-09-17 15:08:18,2026-09-17 15:08:18
2046,2025-08-07 00:00:00,3155,0,2026-09-17 15:08:18,2026-09-17 15:08:18
2047,2025-08-08 00:00:00,4282,0,2026-09-17 15:08:18,2026-09-17 15:08:18
2048,2025-08-09 00:00:00,3034,0,2026-09-17 15:08:18,2026-09-17 15:08:18
2049,2025-08-10 00:00:00,4528,0,2026-09-17 15:08:18,2026-09-17 15:08:18
2050,2025-08-11 00:00:00,7680,0,2026-09-17 15:08:18,2026-09-17 15:08:18
2051,2025-08-12 00:00:00,7551,0,2026-09-17 15:08:18,2026-09-17 15:08:18
2052,2025-08-13 00:00:00,8514,0,2026-09-17 15:08:18,2026-09-17 15:08:18
2053,2025-08-14 00:00:00,4249,0,2026-09-17 15:08:18,2026-09-17 15:08:18
2054,2025-08-15 00:00:00,40083,0,2026-09-17 15:08:18,2026-09-17 15:08:18
2055,2025-08-16 00:00:00,6411,0,2026-09-17 15:08:18,2026-09-17 15:08:18
2056,2025-08-17 00:00:00,5197,0,2026-09-17 15:08:18,2026-09-17 15:08:18
2057,2025-08-18 00:00:00,3852,0,2026-09-17 15:08:18,2026-09-17 15:08:18
2058,2025-08-19 00:00:00,6047,0,2026-09-17 15:08:18,2026-09-17 15:08:18
2059,2025-08-20 00:00:00,2736,0,2026-09-17 15:08:18,2026-09-17 15:08:18
2060,2025-08-21 00:00:00,6776,0,2026-09-17 15:08:18,2026-09-17 15:08:18
2061,2025-08-22 00:00:00,52937,0,2026-09-17 15:08:18,2026-09-17 15:08:18
2062,2025-08-23 00:00:00,9651,0,2026-09-17 15:08:18,2026-09-17 15:08:18
2063,2025-08-24 00:00:00,4975,0,2026-09-17 15:08:18,2026-09-17 15:08:18
2064,2025-08-25 00:00:00,4479,0,2026-09-17 15:08:18,2026-09-17 15:08:18
2065,2025-08-26 00:00:00,6299,0,2026-09-17 15:08:18,2026-09-17 15:08:18
2066,2025-08-27 00:00:00,3410,0,2026-09-17 15:08:18,2026-09-17 15:08:18
2067,2025-08-28 00:00:00,310,0,2026-09-17 15:08:18,2026-09-17 15:08:18
2068,2025-08-29 00:00:00,768,0,2026-09-17 15:08:18,2026-09-17 15:08:18
2069,2025-08-30 00:00:00,314,0,2026-09-17 15:08:18,2026-09-17 15:08:18
2070,2025-08-31 00:00:00,5118,0,2026-09-17 15:08:18,2026-09-17 15:08:18
2071,2025-09-01 00:00:00,3405,0,2026-09-17 15:08:18,2026-09-17 15:08:18
2072,2025-09-02 00:00:00,2715,0,2026-09-17 15:08:18,2026-09-17 15:08:18
2073,2025-09-03 00:00:00,2404,0,2026-09-17 15:08:18,2026-09-17 15:08:18
2074,2025-09-04 00:00:00,4231,0,2026-09-17 15:08:18,2026-09-17 15:08:18
2075,2025-09-05 00:00:00,3993,0,2026-09-17 15:08:18,2026-09-17 15:08:18
2076,2025-09-06 00:00:00,4189,0,2026-09-17 15:08:18,2026-09-17 15:08:18
2077,2025-09-07 00:00:00,6411,0,2026-09-17 15:08:18,2026-09-17 15:08:18
2078,2025-09-08 00:00:00,8330,0,2026-09-17 15:08:18,2026-09-17 15:08:18
2079,2025-09-09 00:00:00,7852,0,2026-09-17 15:08:18,2026-09-17 15:08:18
2080,2025-09-10 00:00:00,4999,0,2026-09-17 15:08:18,2026-09-17 15:08:18
2081,2025-09-11 00:00:00,5116,0,2026-09-17 15:08:18,2026-09-17 15:08:18
2082,2025-09-12 00:00:00,7050,0,2026-09-17 15:08:18,2026-09-17 15:08:18
2083,2025-09-13 00:00:00,4269,0,2026-09-17 15:08:18,2026-09-17 15:08:18
2084,2025-09-14 00:00:00,7392,0,2026-09-17 15:08:18,2026-09-17 15:08:18
2085,2025-09-15 00:00:00,7954,0,2026-09-17 15:08:18,2026-09-17 15:08:18
2086,2025-09-16 00:00:00,4825,0,2026-09-17 15:08:18,2026-09-17 15:08:18
2087,2025-09-17 00:00:00,9083,0,2026-09-17 15:08:18,2026-09-17 15:08:18
2088,2025-09-18 00:00:00,6879,0,2026-09-17 15:08:18,2026-09-17 15:08:18
2089,2025-09-19 00:00:00,4794,0,2026-09-17 15:08:18,2026-09-17 15:08:18
2090,2025-09-20 00:00:00,7549,0,2026-09-17 15:08:18,2026-09-17 15:08:18
2091,2025-09-21 00:00:00,7484,0,2026-09-17 15:08:18,2026-09-17 15:08:18
2092,2025-09-22 00:00:00,2974,0,2026-09-17 15:08:18,2026-09-17 15:08:18
2093,2025-09-23 00:00:00,11854,0,2026-09-17 15:08:18,2026-09-17 15:08:18
2094,2025-09-24 00:00:00,4294,0,2026-09-17 15:08:18,2026-09-17 15:08:18
2095,2025-09-25 00:00:00,12007,0,2026-09-17 15:08:18,2026-09-17 15:08:18
2096,2025-09-26 00:00:00,7326,0,2026-09-17 15:08:18,2026-09-17 15:08:18
2097,2025-09-27 00:00:00,31347,0,2026-09-17 15:08:18,2026-09-17 15:08:18
2098,2025-09-28 00:00:00,8272,0,2026-09-17 15:08:18,2026-09-17 15:08:18
2099,2025-09-29 00:00:00,4292,0,2026-09-17 15:08:18,2026-09-17 15:08:18
2100,2025-09-30 00:00:00,6292,0,2026-09-17 15:08:18,2026-09-17 15:08:18
2101,2025-10-01 00:00:00,3418,0,2026-09-17 15:08:18,2026-09-17 15:08:18
2102,2025-10-02 00:00:00,2043,0,2026-09-17 15:08:18,2026-09-17 15:08:18
2103,2025-10-03 00:00:00,40651,0,2026-09-17 15:08:18,2026-09-17 15:08:18
2104,2025-10-04 00:00:00,3391,0,2026-09-17 15:08:18,2026-09-17 15:08:18
2105,2025-10-05 00:00:00,3203,0,2026-09-17 15:08:18,2026-09-17 15:08:18
2106,2025-10-06 00:00:00,4246,0,2026-09-17 15:08:18,2026-09-17 15:08:18
2107,2025-10-07 00:00:00,5175,0,2026-09-17 15:08:18,2026-09-17 15:08:18
2108,2025-10-08 00:00:00,7610,0,2026-09-17 15:08:18,2026-09-17 15:08:18
2109,2025-10-09 00:00:00,5459,0,2026-09-17 15:08:18,2026-09-17 15:08:18
2110,2025-10-10 00:00:00,5507,0,2026-09-17 15:08:18,2026-09-17 15:08:18
2111,2025-10-11 00:00:00,7499,0,2026-09-17 15:08:18,2026-09-17 15:08:18
2112,2025-10-12 00:00:00,6208,0,2026-09-17 15:08:18,2026-09-17 15:08:18
2113,2025-10-13 00:00:00,3780,0,2026-09-17 15:08:18,2026-09-17 15:08:18
2114,2025-10-14 00:00:00,6772,0,2026-09-17 15:08:18,2026-09-17 15:08:18
2115,2025-10-15 00:00:00,17459,0,2026-09-17 15:08:18,2026-09-17 15:08:18
2116,2025-10-16 00:00:00,5958,0,2026-09-17 15:08:18,2026-09-17 15:08:18
2117,2025-10-17 00:00:00,9739,0,2026-09-17 15:08:18,2026-09-17 15:08:18
2118,2025-10-18 00:00:00,6892,0,2026-09-17 15:08:18,2026-09-17 15:08:18
2119,2025-10-19 00:00:00,6764,0,2026-09-17 15:08:18,2026-09-17 15:08:18
2120,2025-10-20 00:00:00,6801,0,2026-09-17 15:08:18,2026-09-17 15:08:18
2121,2025-10-21 00:00:00,5286,0,2026-09-17 15:08:18,2026-09-17 15:08:18
2122,2025-10-22 00:00:00,6342,0,2026-09-17 15:08:18,2026-09-17 15:08:18
2123,2025-10-23 00:00:00,6363,0,2026-09-17 15:08:18,2026-09-17 15:08:18
2124,2025-10-24 00:00:00,5434,0,2026-09-17 15:08:18,2026-09-17 15:08:18
2125,2025-10-25 00:00:00,9484,0,2026-09-17 15:08:18,2026-09-17 15:08:18
2126,2025-10-26 00:00:00,6771,0,2026-09-17 15:08:18,2026-09-17 15:08:18
2127,2025-10-27 00:00:00,10522,0,2026-09-17 15:08:18,2026-09-17 15:08:18
2128,2025-10-28 00:00:00,40183,0,2026-09-17 15:08:18,2026-09-17 15:08:18
2129,2025-10-29 00:00:00,9573,0,2026-09-17 15:08:18,2026-09-17 15:08:18
2130,2025-10-30 00:00:00,1534,0,2026-09-17 15:08:18,2026-09-17 15:08:18
2131,2025-10-31 00:00:00,5384,0,2026-09-17 15:08:18,2026-09-17 15:08:18
2132,2025-11-01 00:00:00,642,0,2026-09-17 15:08:18,2026-09-17 15:08:18
2133,2025-11-02 00:00:00,2270,0,2026-09-17 15:08:18,2026-09-17 15:08:18
2134,2025-11-03 00:00:00,3425,0,2026-09-17 15:08:18,2026-09-17 15:08:18
2135,2025-11-04 00:00:00,7693,0,2026-09-17 15:08:18,2026-09-17 15:08:18
2136,2025-11-05 00:00:00,6147,0,2026-09-17 15:08:18,2026-09-17 15:08:18
2137,2025-11-06 00:00:00,6579,0,2026-09-17 15:08:18,2026-09-17 15:08:18
2138,2025-11-07 00:00:00,7766,0,2026-09-17 15:08:18,2026-09-17 15:08:18
2139,2025-11-08 00:00:00,5248,0,2026-09-17 15:08:18,2026-09-17 15:08:18
2140,2025-11-09 00:00:00,6881,0,2026-09-17 15:08:18,2026-09-17 15:08:18
2141,2025-11-10 00:00:00,5039,0,2026-09-17 15:08:18,2026-09-17 15:08:18
2142,2025-11-11 00:00:00,17213,0,2026-09-17 15:08:18,2026-09-17 15:08:18
2143,2025-11-12 00:00:00,5401,0,2026-09-17 15:08:18,2026-09-17 15:08:18
2144,2025-11-13 00:00:00,3585,0,2026-09-17 15:08:18,2026-09-17 15:08:18
2145,2025-11-14 00:00:00,7146,0,2026-09-17 15:08:18,2026-09-17 15:08:18
2146,2025-11-15 00:00:00,3083,0,2026-09-17 15:08:18,2026-09-17 15:08:18
2147,2025-11-16 00:00:00,2613,0,2026-09-17 15:08:18,2026-09-17 15:08:18
2148,2025-11-17 00:00:00,4320,0,2026-09-17 15:08:18,2026-09-17 15:08:18
2149,2025-11-18 00:00:00,3287,0,2026-09-17 15:08:18,2026-09-17 15:08:18
2150,2025-11-19 00:00:00,1536,0,2026-09-17 15:08:18,2026-09-17 15:08:18
2151,2025-11-20 00:00:00,3705,0,2026-09-17 15:08:18,2026-09-17 15:08:18
2152,2025-11-21 00:00:00,1534,0,2026-09-17 15:08:18,2026-09-17 15:08:18
2153,2025-11-22 00:00:00,8144,0,2026-09-17 15:08:18,2026-09-17 15:08:18
2154,2025-11-23 00:00:00,3624,0,2026-09-17 15:08:18,2026-09-17 15:08:18
2155,2025-11-24 00:00:00,6384,0,2026-09-17 15:08:18,2026-09-17 15:08:18
2156,2025-11-25 00:00:00,5116,0,2026-09-17 15:08:18,2026-09-17 15:08:18
2157,2025-11-26 00:00:00,11516,0,2026-09-17 15:08:18,2026-09-17 15:08:18
2158,2025-11-27 00:00:00,38199,0,2026-09-17 15:08:18,2026-09-17 15:08:18
2159,2025-11-28 00:00:00,4369,0,2026-09-17 15:08:18,2026-09-17 15:08:18
2160,2025-11-29 00:00:00,5377,0,2026-09-17 15:08:18,2026-09-17 15:08:18
2161,2025-11-30 00:00:00,4820,0,2026-09-17 15:08:18,2026-09-17 15:08:18
2162,2025-12-01 00:00:00,8081,0,2026-09-17 15:08:18,2026-09-17 15:08:18
2163,2025-12-02 00:00:00,5741,0,2026-09-17 15:08:18,2026-09-17 15:08:18
2164,2025-12-03 00:00:00,7825,0,2026-09-17 15:08:18,2026-09-17 15:08:18
2165,2025-12-04 00:00:00,6680,0,2026-09-17 15:08:18,2026-09-17 15:08:18
2166,2025-12-05 00:00:00,10004,0,2026-09-17 15:08:18,2026-09-17 15:08:18
2167,2025-12-06 00:00:00,20478,0,2026-09-17 15:08:18,2026-09-17 15:08:18
2168,2025-12-07 00:00:00,6813,0,2026-09-17 15:08:18,2026-09-17 15:08:18
2169,2025-12-08 00:00:00,8165,0,2026-09-17 15:08:18,2026-09-17 15:08:18
2170,2025-12-09 00:00:00,8171,0,2026-09-17 15:08:18,2026-09-17 15:08:18
2171,2025-12-10 00:00:00,6766,0,2026-09-17 15:08:18,2026-09-17 15:08:18
2172,2025-12-11 00:00:00,11653,0,2026-09-17 15:08:18,2026-09-17 15:08:18
2173,2025-12-12 00:00:00,8081,0,2026-09-17 15:08:18,2026-09-17 15:08:18
2174,2025-12-13 00:00:00,6725,0,2026-09-17 15:08:18,2026-09-17 15:08:18
2175,2025-12-14 00:00:00,6909,0,2026-09-17 15:08:18,2026-09-17 15:08:18
2176,2025-12-15 00:00:00,6574,0,2026-09-17 15:08:18,2026-09-17 15:08:18
2177,2025-12-16 00:00:00,6867,0,2026-09-17 15:08:18,2026-09-17 15:08:18
2178,2025-12-17 00:00:00,3867,0,2026-09-17 15:08:18,2026-09-17 15:08:18
2179,2025-12-18 00:00:00,4736,0,2026-09-17 15:08:18,2026-09-17 15:08:18
2180,2025-12-19 00:00:00,9295,0,2026-09-17 15:08:18,2026-09-17 15:08:18
2181,2025-12-20 00:00:00,30344,0,2026-09-17 15:08:18,2026-09-17 15:08:18
2182,2025-12-21 00:00:00,9222,0,2026-09-17 15:08:18,2026-09-17 15:08:18
2183,2025-12-22 00:00:00,8251,0,2026-09-17 15:08:18,2026-09-17 15:08:18
2184,2025-12-23 00:00:00,9059,0,2026-09-17 15:08:18,2026-09-17 15:08:18
2185,2025-12-24 00:00:00,42431,0,2026-09-17 15:08:18,2026-09-17 15:08:18
2186,2025-12-25 00:00:00,180,0,2026-09-17 15:08:18,2026-09-17 15:08:18
2187,2025-12-26 00:00:00,3769,0,2026-09-17 15:08:18,2026-09-17 15:08:18
2188,2025-12-27 00:00:00,4675,0,2026-09-17 15:08:18,2026-09-17 15:08:18
2189,2025-12-28 00:00:00,11245,0,2026-09-17 15:08:18,2026-09-17 15:08:18
2190,2025-12-29 00:00:00,6064,0,2026-09-17 15:08:18,2026-09-17 15:08:18
2191,2025-12-30 00:00:00,5498,0,2026-09-17 15:08:18,2026-09-17 15:08:18
2192,2025-12-31 00:00:00,3938,0,2026-09-17 15:08:18,2026-09-17 15:08:18